usuario_id,ingreso_mensual,gasto_mensual_promedio,deuda_mensual,ahorro_mensual_estimado,porcentaje_gastos_ingreso,nivel_endeudamiento,porcentaje_ahorro_ingreso,frecuencia_ahorro,perfil_financiero,estado,ratio_gasto_ingreso,ratio_deuda_ingreso,ratio_ahorro_ingreso,margen_mensual_estimado,cantidad_transacciones,monto_total,monto_promedio_transaccion,monto_mediano,monto_maximo,desviacion_montos,cantidad_recurrentes,cantidad_transacciones_grandes,categorias_distintas,ratio_deuda_ingreso_calculado,ratio_gasto_ingreso_calculado,ratio_ahorro_ingreso_calculado
USR0001,3229.87,2790.94,548.36,-109.43,86.41,16.98,-3.39,Nunca,En riesgo,ACTIVO,0.8641028895899835,0.16977773099226906,-0.03388062058225254,-109.43000000000018,72,72249.7,1003.4680555555556,320.505,4604.18,1225.0567435626313,29,31,12,0.16977773099226906,0.8641028895899835,-0.03388062058225254
USR0002,1612.95,1095.2,250.77,266.98,67.9,15.55,16.55,Media,En observación,ACTIVO,0.6790043088750426,0.15547289128615271,0.1655227998388047,266.98,73,32497.82,445.17561643835614,193.98,1636.72,557.5786812140565,25,22,13,0.15547289128615271,0.6790043088750426,0.1655227998388047
USR0003,2075.64,1979.89,452.15,-356.41,95.39,21.78,-17.17,Nunca,En riesgo,ACTIVO,0.9538696498429401,0.21783642635524464,-0.1717108939893238,-356.4000000000002,74,48666.33,657.6531081081081,420.92999999999995,2122.42,713.9468442876469,25,22,13,0.21783642635524464,0.9538696498429401,-0.1717108939893238
USR0004,2773.62,1453.76,1368.23,-48.37,52.41,49.33,-1.74,Nunca,En riesgo,ACTIVO,0.5241381299529135,0.49330117319603983,-0.017439303148953353,-48.37000000000012,74,50728.59,685.5214864864864,150.015,3591.21,1000.163291218239,23,29,13,0.49330117319603983,0.5241381299529135,-0.017439303148953353
USR0005,3372.71,2630.73,532.98,209.01,78.0,15.8,6.2,Baja,En observación,ACTIVO,0.7800048032591003,0.15802722439818426,0.061970937317468736,209.0,75,72041.3,960.5506666666668,358.95,3423.08,1152.5457942749608,30,29,13,0.15802722439818426,0.7800048032591003,0.061970937317468736
USR0006,2768.13,1788.1,345.25,634.78,64.6,12.47,22.93,Alta,En observación,ACTIVO,0.64595954669759,0.12472318857857109,0.22931726472383882,634.7800000000002,77,54674.68,710.0607792207792,266.48,2659.92,874.5575000667875,30,30,15,0.12472318857857109,0.64595954669759,0.22931726472383882
USR0007,4042.8,3210.85,731.4,100.55,79.42,18.09,2.49,Baja,En riesgo,ACTIVO,0.7942144058573265,0.1809142178688038,0.024871376273869594,100.5500000000003,72,87043.79,1208.9415277777778,361.315,4147.12,1453.425123258907,29,30,10,0.1809142178688038,0.7942144058573265,0.024871376273869594
USR0008,4249.71,3429.11,720.42,100.17,80.69,16.95,2.36,Baja,En riesgo,ACTIVO,0.8069044711286182,0.16952215562944295,0.023571020140197803,100.17999999999995,76,92145.86,1212.4455263157895,422.91499999999996,4236.84,1457.01972721799,25,29,13,0.16952215562944295,0.8069044711286182,0.023571020140197803
USR0009,2633.18,1020.45,153.97,1458.75,38.75,5.85,55.4,Alta,Saludable,ACTIVO,0.38753522356998005,0.058473025011582955,0.5539879537289514,1458.7599999999998,74,43843.57,592.4806756756757,130.675,2653.7,905.6850185361945,28,24,11,0.058473025011582955,0.38753522356998005,0.5539879537289514
USR0010,4826.97,3356.33,758.01,712.63,69.53,15.7,14.76,Media,En observación,ACTIVO,0.6953285394357122,0.15703640171784783,0.1476350588464399,712.6300000000003,73,98199.53,1345.1990410958904,521.98,4914.67,1670.0656304229187,30,28,13,0.15703640171784783,0.6953285394357122,0.1476350588464399
USR0011,5962.05,4176.27,1011.48,774.3,70.05,16.97,12.99,Media,En observación,ACTIVO,0.7004755075854782,0.1696530555765215,0.12987143683800034,774.2999999999997,75,121659.81999999999,1622.1309333333331,620.59,6046.55,2032.1449552130296,27,29,13,0.1696530555765215,0.7004755075854782,0.12987143683800034
USR0012,2395.29,1874.84,656.85,-136.41,78.27,27.42,-5.69,Nunca,En riesgo,ACTIVO,0.7827194201954669,0.2742256678732012,-0.056949262928497175,-136.39999999999998,77,51241.53,665.4744155844156,273.83,3217.76,767.1996751215172,30,30,14,0.2742256678732012,0.7827194201954669,-0.056949262928497175
USR0013,4876.05,3621.42,2569.28,-1314.65,74.27,52.69,-26.96,Nunca,En riesgo,ACTIVO,0.7426954194481189,0.5269183047753817,-0.2696137242235006,-1314.65,72,101969.66,1416.2452777777778,844.935,4973.7,1708.167461563293,28,20,12,0.5269183047753817,0.7426954194481189,-0.2696137242235006
USR0014,4733.35,4169.82,803.47,-239.94,88.09,16.97,-5.07,Nunca,En riesgo,ACTIVO,0.8809447854056851,0.16974658539934717,-0.050691370805032374,-239.93999999999937,75,106838.05,1424.5073333333335,674.85,7741.1,1774.6782282105917,28,25,14,0.16974658539934717,0.8809447854056851,-0.050691370805032374
USR0015,1839.19,1219.52,120.53,499.14,66.31,6.55,27.14,Alta,En observación,ACTIVO,0.6630745056247587,0.06553428411420245,0.2713912102610388,499.1400000000001,76,36704.49,482.95381578947365,123.97999999999999,3227.25,710.9396268469255,29,27,14,0.06553428411420245,0.6630745056247587,0.2713912102610388
USR0016,2667.45,2046.72,394.39,226.34,76.73,14.79,8.49,Baja,En observación,ACTIVO,0.7672946072091323,0.14785281823464358,0.08485257455622412,226.3399999999998,75,56570.06,754.2674666666667,275.06,2678.3,901.0141115853445,29,32,13,0.14785281823464358,0.7672946072091323,0.08485257455622412
USR0017,2803.61,1645.24,1158.78,-0.4,58.68,41.33,-0.01,Nunca,En riesgo,ACTIVO,0.5868291238795695,0.41331711614668226,-0.00014267319634328598,-0.4099999999998545,72,53386.2,741.4749999999999,162.69,3499.4,1054.0123421425067,33,27,12,0.41331711614668226,0.5868291238795695,-0.00014267319634328598
USR0018,2539.44,1928.35,477.64,133.45,75.94,18.81,5.26,Baja,En observación,ACTIVO,0.7593603314116497,0.18808871247204106,0.052550956116309104,133.45000000000016,75,53613.54,714.8472,257.62,2577.48,863.48519375334,29,30,14,0.18808871247204106,0.7593603314116497,0.052550956116309104
USR0019,1599.39,1427.76,249.75,-78.13,89.27,15.62,-4.88,Nunca,En riesgo,ACTIVO,0.8926903381914354,0.15615328343931123,-0.04884987401446801,-78.11999999999989,72,36325.8,504.52500000000003,183.53,1846.15,580.7616447123673,31,32,11,0.15615328343931123,0.8926903381914354,-0.04884987401446801
USR0020,3677.25,3428.25,415.81,-166.8,93.23,11.31,-4.54,Nunca,En riesgo,ACTIVO,0.932286355292678,0.11307634781426337,-0.04535998368345911,-166.81,76,85266.01,1121.9211842105262,464.955,3645.97,1235.2057082521026,26,31,14,0.11307634781426337,0.932286355292678,-0.04535998368345911
USR0021,4028.63,1526.29,241.45,2260.88,37.89,5.99,56.12,Alta,Saludable,ACTIVO,0.3788608037968242,0.059933525789164055,0.5612031881805973,2260.8900000000003,75,66659.1,888.7880000000001,208.73,4017.99,1371.6556139029037,27,29,14,0.059933525789164055,0.3788608037968242,0.5612031881805973
USR0022,1325.91,927.88,174.68,223.35,69.98,13.17,16.85,Media,En observación,ACTIVO,0.6998061708562421,0.131743481835117,0.16845034730864084,223.35000000000008,75,27045.37,360.6049333333333,155.65,1327.86,452.74618778036955,27,23,11,0.131743481835117,0.6998061708562421,0.16845034730864084
USR0023,2800.4,1890.87,381.94,527.59,67.52,13.64,18.84,Media,En observación,ACTIVO,0.6752142551064133,0.1363876589058706,0.18839808598771604,527.5900000000001,78,56295.32,721.7348717948718,222.995,3892.33,1008.9601507901345,26,29,15,0.1363876589058706,0.6752142551064133,0.18839808598771604
USR0024,1764.64,1342.24,317.46,104.94,76.06,17.99,5.95,Baja,En observación,ACTIVO,0.7606310635597062,0.17990071629340826,0.05946822014688548,104.94000000000011,73,37282.6,510.72054794520545,105.51,3124.45,726.0948806264356,31,33,12,0.17990071629340826,0.7606310635597062,0.05946822014688548
USR0025,4423.67,3502.45,1352.13,-430.91,79.18,30.57,-9.74,Nunca,En riesgo,ACTIVO,0.7917520972405265,0.30565797177456727,-0.0974100690150938,-430.90999999999985,74,95113.42,1285.3164864864864,607.345,4476.87,1500.8239549089633,29,23,12,0.30565797177456727,0.7917520972405265,-0.0974100690150938
USR0026,4818.71,3819.75,1213.93,-214.97,79.27,25.19,-4.46,Nunca,En riesgo,ACTIVO,0.7926914049610788,0.2519201197000857,-0.044611524661164505,-214.97000000000003,77,103661.58,1346.2542857142857,460.78,4776.74,1601.9283224695403,28,33,14,0.2519201197000857,0.7926914049610788,-0.044611524661164505
USR0027,2213.7,1599.9,1100.3,-486.51,72.27,49.7,-21.98,Nunca,En riesgo,ACTIVO,0.7227266567285541,0.4970411528210688,-0.2197723268735601,-486.5000000000002,75,45763.17,610.1756,267.75,2186.55,729.8210168165447,28,25,14,0.4970411528210688,0.7227266567285541,-0.2197723268735601
USR0028,2933.56,2624.61,117.51,191.44,89.47,4.01,6.53,Baja,En observación,ACTIVO,0.8946842743969785,0.04005713194889486,0.06525859365412673,191.43999999999983,75,66698.05,889.3073333333334,459.35,2906.47,972.8588648124372,29,22,14,0.04005713194889486,0.8946842743969785,0.06525859365412673
USR0029,5563.87,3285.45,864.93,1413.5,59.05,15.55,25.4,Alta,Saludable,ACTIVO,0.5904972617979931,0.1554547464264981,0.2540497890856544,1413.4900000000002,73,106191.83,1454.682602739726,477.34,5734.69,1920.8124287712994,28,28,12,0.1554547464264981,0.5904972617979931,0.2540497890856544
USR0030,3209.06,1897.48,504.51,807.07,59.13,15.72,25.15,Alta,Saludable,ACTIVO,0.5912884146759487,0.1572142621203717,0.2514973232036796,807.0699999999999,73,61278.43,839.4305479452055,304.04,3263.38,1110.247540873819,26,25,13,0.1572142621203717,0.5912884146759487,0.2514973232036796
USR0031,4113.5,1788.66,35.79,2289.05,43.48,0.87,55.65,Alta,Saludable,ACTIVO,0.4348267898383372,0.008700619910052266,0.5564725902516106,2289.05,72,70825.9,983.6930555555555,340.19,4187.82,1455.1879395368942,31,19,12,0.008700619910052266,0.4348267898383372,0.5564725902516106
USR0032,2189.64,1582.8,508.89,97.94,72.29,23.24,4.47,Baja,En observación,ACTIVO,0.7228585520907547,0.23240806707951994,0.0447288138689465,97.94999999999993,76,45269.299999999996,595.6486842105263,244.125,2201.64,741.3519279970291,33,27,14,0.23240806707951994,0.7228585520907547,0.0447288138689465
USR0033,5716.84,5138.44,1479.6,-901.21,89.88,25.88,-15.76,Nunca,En riesgo,ACTIVO,0.8988252251243694,0.25881431000342847,-0.1576412843458974,-901.1999999999994,74,130263.36,1760.3156756756757,829.6,5812.82,1936.0692590840042,27,28,13,0.25881431000342847,0.8988252251243694,-0.1576412843458974
USR0034,2056.28,1850.87,292.57,-87.16,90.01,14.23,-4.24,Nunca,En riesgo,ACTIVO,0.9001060166903339,0.14228120683953546,-0.04238722352986947,-87.15999999999968,72,46885.81,651.1918055555556,302.87,2092.79,723.7707620672822,32,28,11,0.14228120683953546,0.9001060166903339,-0.04238722352986947
USR0035,4883.85,3388.12,297.31,1198.42,69.37,6.09,24.54,Alta,En observación,INACTIVO,0.6937395702161204,0.06087615303500312,0.2453842767488764,1198.4200000000005,73,99263.56,1359.7747945205479,513.97,4903.73,1642.5154447744246,31,31,13,0.06087615303500312,0.6937395702161204,0.2453842767488764
USR0036,2521.26,1436.75,1299.03,-214.51,56.99,51.52,-8.51,Nunca,En riesgo,INACTIVO,0.5698539619079349,0.5152304799980961,-0.08508047563519826,-214.51999999999975,73,47496.1,650.6315068493151,116.56,6845.51,1164.2303907346682,21,25,13,0.5152304799980961,0.5698539619079349,-0.08508047563519826
USR0037,2688.9,1754.12,521.12,413.66,65.24,19.38,15.38,Media,En observación,ACTIVO,0.6523559820000743,0.19380415783405852,0.1538398601658671,413.6600000000002,75,53316.15,710.8820000000001,198.49,2635.76,938.0249622535698,27,30,13,0.19380415783405852,0.6523559820000743,0.1538398601658671
USR0038,3354.42,2316.74,258.24,779.44,69.07,7.7,23.24,Alta,En observación,ACTIVO,0.6906529295675555,0.07698499293469512,0.23236207749774926,779.4400000000003,72,68053.96,945.193888888889,491.145,3483.76,1146.963664512274,29,19,12,0.07698499293469512,0.6906529295675555,0.23236207749774926
USR0039,3113.53,2492.04,1333.52,-712.03,80.04,42.83,-22.87,Nunca,En riesgo,ACTIVO,0.8003905534875205,0.42829842654478995,-0.22868898003231056,-712.0299999999997,75,67266.75,896.89,308.38,6950.34,1271.321631442246,29,22,12,0.42829842654478995,0.8003905534875205,-0.22868898003231056
USR0040,2147.98,1685.77,362.18,100.03,78.48,16.86,4.66,Baja,En riesgo,ACTIVO,0.784816432182795,0.16861423290719654,0.046569334910008475,100.03000000000003,73,46004.93,630.2045205479452,268.78,2198.71,739.3606421204612,34,27,13,0.16861423290719654,0.784816432182795,0.046569334910008475
USR0041,4896.63,2761.21,829.82,1305.6,56.39,16.95,26.66,Alta,Saludable,ACTIVO,0.563900070048176,0.16946757259584655,0.26663235735597746,1305.6,78,91894.09,1178.1293589743589,388.88,4759.89,1593.3967798902192,29,27,15,0.16946757259584655,0.563900070048176,0.26663235735597746
USR0042,4921.67,3187.69,708.76,1025.22,64.77,14.4,20.83,Alta,En observación,ACTIVO,0.6476846273724163,0.1440080297947648,0.20830734283281893,1025.22,78,97312.4,1247.5948717948718,590.4649999999999,4734.05,1543.4288694069496,28,27,15,0.1440080297947648,0.6476846273724163,0.20830734283281893
USR0043,3993.01,2916.17,834.78,242.06,73.03,20.91,6.06,Baja,En observación,INACTIVO,0.7303187319841423,0.2090603329317983,0.06062093508405939,242.06000000000017,75,82910.12,1105.4682666666665,463.86,3982.01,1326.2140246310305,33,28,12,0.2090603329317983,0.7303187319841423,0.06062093508405939
USR0044,2274.7,1590.24,990.92,-306.46,69.91,43.56,-13.47,Nunca,En riesgo,ACTIVO,0.699098782257001,0.4356266760451928,-0.1347254583021937,-306.46000000000015,72,46379.24,644.156111111111,275.23,2328.05,803.4870132408086,32,25,12,0.4356266760451928,0.699098782257001,-0.1347254583021937
USR0045,3823.89,2036.7,503.86,1283.32,53.26,13.18,33.56,Alta,Saludable,ACTIVO,0.5326251539662491,0.13176634265106998,0.33560588824469323,1283.33,74,70327.03,950.3652702702702,286.53499999999997,3843.49,1308.4226283218738,31,27,14,0.13176634265106998,0.5326251539662491,0.33560588824469323
USR0046,2312.42,1354.33,109.93,848.16,58.57,4.75,36.68,Alta,Saludable,ACTIVO,0.5856764774565174,0.04753894188771936,0.3667845806557632,848.1600000000001,72,44001.06,611.1258333333333,247.465,2374.79,811.5142788478487,34,25,11,0.04753894188771936,0.5856764774565174,0.3667845806557632
USR0047,3672.76,2290.63,397.1,985.03,62.37,10.81,26.82,Alta,En observación,ACTIVO,0.623680828586676,0.10812032368028404,0.26819884773304,985.0300000000001,76,71560.66,941.5876315789474,316.125,3637.9,1212.0872652796013,32,30,14,0.10812032368028404,0.623680828586676,0.26819884773304
USR0048,2536.88,1566.06,409.87,560.95,61.73,16.16,22.11,Alta,En observación,ACTIVO,0.617317334678818,0.16156459903503514,0.22111806628614677,560.9500000000002,75,49235.24,656.4698666666667,219.75,2466.73,838.1617137626542,28,26,12,0.16156459903503514,0.617317334678818,0.22111806628614677
USR0049,6822.08,2984.91,16.89,3820.27,43.75,0.25,56.0,Alta,Saludable,ACTIVO,0.4375366457150898,0.002475784511468643,0.5599861039448379,3820.28,73,117683.86,1612.1076712328768,432.66,7040.53,2384.302056299425,28,26,13,0.002475784511468643,0.4375366457150898,0.5599861039448379
USR0050,2546.32,1979.23,590.63,-23.54,77.73,23.2,-0.92,Nunca,En riesgo,ACTIVO,0.7772903641333375,0.23195434980677995,-0.009244713940117503,-23.53999999999985,75,54306.6,724.088,326.5,2512.37,847.9581747637369,26,24,14,0.23195434980677995,0.7772903641333375,-0.009244713940117503
USR0051,3350.02,2713.11,860.62,-223.71,80.99,25.69,-6.68,Nunca,En riesgo,INACTIVO,0.8098787469925554,0.2568999588062161,-0.06677870579877135,-223.71000000000015,74,72757.63,983.2112162162163,295.03999999999996,3415.21,1200.1433992823384,33,30,13,0.2568999588062161,0.8098787469925554,-0.06677870579877135
USR0052,4967.92,4858.24,317.11,-207.43,97.79,6.38,-4.18,Nunca,En riesgo,ACTIVO,0.977922349796293,0.06383154318104961,-0.04175389297734263,-207.42999999999972,75,117913.98,1572.1864,799.51,7732.77,1795.7069615994878,33,27,12,0.06383154318104961,0.977922349796293,-0.04175389297734263
USR0053,2007.97,1638.81,199.75,169.41,81.62,9.95,8.44,Baja,En observación,ACTIVO,0.8161526317624267,0.09947857786719921,0.08436879037037405,169.41000000000008,74,43761.36,591.3697297297298,318.81500000000005,2020.52,681.1323998684918,27,22,14,0.09947857786719921,0.8161526317624267,0.08436879037037405
USR0054,2660.56,2066.17,1299.14,-704.75,77.66,48.83,-26.49,Nunca,En riesgo,ACTIVO,0.776592146014373,0.4882956971464655,-0.2648878431608383,-704.7500000000002,72,56720.75,787.7881944444445,407.32,2719.6,938.291421160534,29,22,12,0.4882956971464655,0.776592146014373,-0.2648878431608383
USR0055,5891.6,2891.1,158.18,2842.33,49.07,2.68,48.24,Alta,Saludable,ACTIVO,0.49071559508452706,0.02684839432412248,0.4824377079231448,2842.3200000000006,73,105392.44,1443.7320547945205,326.42,5982.04,2112.736745771517,31,29,13,0.02684839432412248,0.49071559508452706,0.4824377079231448
USR0056,3923.72,3531.08,1348.4,-955.76,89.99,34.37,-24.36,Nunca,En riesgo,ACTIVO,0.8999316974707675,0.34365347170542243,-0.24358516917618994,-955.7600000000002,76,89457.64,1177.0742105263157,635.0799999999999,4805.23,1403.8633700900887,27,22,14,0.34365347170542243,0.8999316974707675,-0.24358516917618994
USR0057,3447.87,2911.73,703.53,-167.39,84.45,20.4,-4.85,Nunca,En riesgo,ACTIVO,0.8445010977792087,0.20404771641622219,-0.0485488141954308,-167.3900000000001,72,76315.21,1059.9334722222222,542.855,3622.24,1242.0519518960955,34,20,12,0.20404771641622219,0.8445010977792087,-0.0485488141954308
USR0058,3237.79,2135.02,761.71,341.06,65.94,23.53,10.53,Media,En observación,ACTIVO,0.6594065705311339,0.2352561469397336,0.10533728252913253,341.05999999999995,74,64473.799999999996,871.2675675675675,421.35,3195.34,1062.5008522153692,30,22,13,0.2352561469397336,0.6594065705311339,0.10533728252913253
USR0059,6393.63,3999.04,964.7,1429.89,62.55,15.09,22.36,Alta,En observación,ACTIVO,0.6254725406381039,0.15088455228094214,0.22364290708095402,1429.89,75,124711.98,1662.8264,818.13,6425.98,2159.345207110085,29,19,11,0.15088455228094214,0.6254725406381039,0.22364290708095402
USR0060,6026.68,4577.5,1212.19,236.99,75.95,20.11,3.93,Baja,En riesgo,ACTIVO,0.7595392488069717,0.20113727624496405,0.03932347494806428,236.99000000000024,74,127250.25,1719.597972972973,1029.18,6138.31,2035.6087585283196,29,19,13,0.20113727624496405,0.7595392488069717,0.03932347494806428
USR0061,2586.28,1435.51,989.23,161.54,55.5,38.25,6.25,Baja,En observación,ACTIVO,0.5550481773048548,0.3824914549082079,0.06246036778693721,161.5400000000002,73,48261.54,661.1169863013698,229.97,2643.92,913.913767220842,31,24,13,0.3824914549082079,0.5550481773048548,0.06246036778693721
USR0062,2272.22,1325.96,304.0,642.26,58.36,13.38,28.27,Alta,Saludable,ACTIVO,0.583552648951246,0.13378986189717545,0.2826574891515787,642.2599999999998,73,43178.16,591.4816438356165,87.92,5557.62,1003.2244957344814,28,30,12,0.13378986189717545,0.583552648951246,0.2826574891515787
USR0063,3452.4,2082.03,590.52,779.85,60.31,17.1,22.59,Alta,En observación,INACTIVO,0.603067431352103,0.17104622871046227,0.22588633993743482,779.8499999999999,79,66413.23,840.6737974683543,246.61,4368.39,1209.8923076554606,34,30,14,0.17104622871046227,0.603067431352103,0.22588633993743482
USR0064,3383.09,3315.33,287.26,-219.5,98.0,8.49,-6.49,Nunca,En riesgo,ACTIVO,0.9799709732818221,0.08491054036398676,-0.064881513645809,-219.49999999999977,72,80381.08,1116.403888888889,576.98,3481.54,1190.914030826099,27,26,12,0.08491054036398676,0.9799709732818221,-0.064881513645809
USR0065,3837.11,3625.12,297.53,-85.54,94.48,7.75,-2.23,Nunca,En riesgo,ACTIVO,0.9447526914787431,0.0775401278566421,-0.022292819335385225,-85.53999999999974,76,89546.84,1178.247894736842,761.2750000000001,3897.43,1272.2813958474394,29,23,15,0.0775401278566421,0.9447526914787431,-0.022292819335385225
USR0066,3340.37,1463.73,1783.65,92.98,43.82,53.4,2.78,Baja,En riesgo,ACTIVO,0.43819397252400183,0.5339677939868938,0.027835239808763703,92.98999999999978,74,57649.23,779.0436486486487,227.64,3289.23,1114.429806698972,24,28,13,0.5339677939868938,0.43819397252400183,0.027835239808763703
USR0067,2639.8,1648.76,986.18,4.85,62.46,37.36,0.18,Baja,En observación,ACTIVO,0.62457761951663,0.3735813319190847,0.0018372603985150387,4.860000000000241,73,51462.71,704.9686301369862,251.57,2697.77,914.9291646174265,33,26,13,0.3735813319190847,0.62457761951663,0.0018372603985150387
USR0068,1327.25,1058.04,681.4,-412.19,79.72,51.34,-31.06,Nunca,En riesgo,ACTIVO,0.7971670747786777,0.5133923526087776,-0.3105594273874553,-412.18999999999994,74,28623.41,386.80283783783784,85.83500000000001,1583.31,494.33624986182514,24,32,13,0.5133923526087776,0.7971670747786777,-0.3105594273874553
USR0069,3330.74,2492.55,627.36,210.83,74.83,18.84,6.33,Baja,En observación,ACTIVO,0.7483472141325953,0.1883545398319893,0.06329824603541556,210.8299999999996,79,69879.49,884.550506329114,435.97,3351.71,1094.3495219745355,28,30,15,0.1883545398319893,0.7483472141325953,0.06329824603541556
USR0070,6490.54,3919.28,678.0,1893.25,60.38,10.45,29.17,Alta,En observación,ACTIVO,0.6038449805409103,0.10445972137911484,0.2916937573761197,1893.2599999999998,73,124917.85,1711.2034246575342,489.8,11463.53,2570.7039358695224,25,22,13,0.10445972137911484,0.6038449805409103,0.2916937573761197
USR0071,4961.68,3032.63,488.23,1440.82,61.12,9.84,29.04,Alta,En observación,ACTIVO,0.6112103158607568,0.09840013866271101,0.2903895454765321,1440.8200000000002,77,95931.79000000001,1245.8674025974028,342.36,4996.99,1699.7360794464864,31,32,13,0.09840013866271101,0.6112103158607568,0.2903895454765321
USR0072,4922.26,3461.42,1890.08,-429.24,70.32,38.4,-8.72,Nunca,En observación,ACTIVO,0.7032176276750923,0.38398621771300173,-0.08720384538809409,-429.2399999999998,72,100604.13,1397.2795833333334,784.3050000000001,5075.27,1724.3770568506127,36,20,11,0.38398621771300173,0.7032176276750923,-0.08720384538809409
USR0073,5030.07,4334.23,234.91,460.92,86.17,4.67,9.16,Baja,En observación,ACTIVO,0.8616639529867377,0.046701139347961364,0.09163291962139693,460.9300000000002,74,112371.61,1518.5352702702703,697.065,5056.57,1724.9158363952677,28,27,13,0.046701139347961364,0.8616639529867377,0.09163291962139693
USR0074,2397.44,1818.05,466.43,112.95,75.83,19.46,4.71,Baja,En riesgo,INACTIVO,0.7583297183662573,0.19455335691404163,0.0471127536038441,112.9600000000001,72,50585.85,702.58125,353.04999999999995,2466.21,824.9594596952437,30,20,12,0.19455335691404163,0.7583297183662573,0.0471127536038441
USR0075,5732.18,3487.68,372.95,1871.55,60.84,6.51,32.65,Alta,En observación,INACTIVO,0.6084386742914563,0.0650625067600808,0.3264988189484629,1871.5500000000004,74,110638.22,1495.111081081081,510.12,5858.11,1981.6411717180613,33,31,13,0.0650625067600808,0.6084386742914563,0.3264988189484629
USR0076,1319.22,714.62,533.55,71.05,54.17,40.44,5.39,Baja,En riesgo,ACTIVO,0.5416988826730947,0.40444353481602763,0.05385758251087764,71.05000000000007,73,24406.16,334.3309589041096,104.9,1308.31,450.95032781758783,32,24,13,0.40444353481602763,0.5416988826730947,0.05385758251087764
USR0077,1872.45,1436.52,962.28,-526.35,76.72,51.39,-28.11,Nunca,En riesgo,ACTIVO,0.7671873748297685,0.513914924297044,-0.28110229912681245,-526.3499999999999,72,39707.58,551.4941666666667,115.235,3952.85,785.9977882987733,32,30,12,0.513914924297044,0.7671873748297685,-0.28110229912681245
USR0078,4905.3,3227.51,1356.8,320.99,65.8,27.66,6.54,Baja,En observación,ACTIVO,0.6579638350355738,0.27659878091044376,0.06543738405398243,320.99,77,97593.77,1267.4515584415585,537.2,4855.59,1616.942178453926,25,25,13,0.27659878091044376,0.6579638350355738,0.06543738405398243
USR0079,3683.19,1544.0,503.84,1635.35,41.92,13.68,44.4,Alta,Saludable,ACTIVO,0.4192018331935089,0.13679446349495952,0.44400370331153155,1635.3500000000001,74,62726.36,847.6535135135135,153.595,3753.63,1343.6893386222916,33,27,13,0.13679446349495952,0.4192018331935089,0.44400370331153155
USR0080,3623.73,3024.08,396.03,203.62,83.45,10.93,5.62,Baja,En observación,ACTIVO,0.834521335750732,0.10928794363818496,0.05619072061108306,203.62000000000012,72,79773.67,1107.9676388888888,437.27,3708.74,1290.1951787082264,32,30,11,0.10928794363818496,0.834521335750732,0.05619072061108306
USR0081,4375.11,2095.39,210.54,2069.19,47.89,4.81,47.29,Alta,Saludable,ACTIVO,0.4789342439390095,0.048122218641359876,0.4729458230764484,2069.18,73,77645.97,1063.6434246575343,324.66,4495.29,1528.044587347775,29,26,13,0.048122218641359876,0.4789342439390095,0.4729458230764484
USR0082,2293.76,2026.44,371.76,-104.43,88.35,16.21,-4.55,Nunca,En riesgo,ACTIVO,0.8834577287946428,0.16207449776785712,-0.045527866908482144,-104.43999999999983,75,51842.4,691.232,411.56,2271.92,744.9182519687756,30,21,13,0.16207449776785712,0.8834577287946428,-0.045527866908482144
USR0083,3050.86,2668.28,1184.11,-801.53,87.46,38.81,-26.27,Nunca,En riesgo,ACTIVO,0.8745992933140164,0.38812334882623256,-0.262722642140249,-801.53,72,68629.7,953.1902777777777,496.41,3142.37,1058.7132770317478,25,25,12,0.38812334882623256,0.8745992933140164,-0.262722642140249
USR0084,3823.51,2033.5,96.06,1693.94,53.18,2.51,44.3,Alta,Saludable,ACTIVO,0.5318411616551284,0.0251235121655233,0.44303271078145473,1693.9500000000003,72,70284.15000000001,976.1687500000002,215.685,3966.47,1382.4075345905715,28,28,11,0.0251235121655233,0.5318411616551284,0.44303271078145473
USR0085,6226.36,5660.35,412.86,153.15,90.91,6.63,2.46,Baja,En riesgo,ACTIVO,0.9090945592609487,0.06630840491073436,0.02459703582831703,153.1499999999993,75,142640.56,1901.8741333333332,904.8,6331.34,2192.4223196064117,30,27,12,0.06630840491073436,0.9090945592609487,0.02459703582831703
USR0086,3460.72,2963.47,385.97,111.27,85.63,11.15,3.22,Baja,En riesgo,ACTIVO,0.8563160267227629,0.11152881481310249,0.03215226889202247,111.27999999999997,77,77090.27,1001.1723376623377,430.14,3448.81,1150.6547111031775,31,27,14,0.11152881481310249,0.8563160267227629,0.03215226889202247
USR0087,4563.05,1772.06,360.19,2430.8,38.83,7.89,53.27,Alta,Saludable,ACTIVO,0.3883498975465971,0.07893623782338567,0.5327138646300172,2430.8,79,76021.3,962.2949367088607,198.22,4585.4,1566.6384713266493,34,29,15,0.07893623782338567,0.3883498975465971,0.5327138646300172
USR0088,1794.97,1266.44,251.65,276.89,70.55,14.02,15.43,Media,En observación,ACTIVO,0.7055493963687416,0.1401973292032736,0.15425884555173622,276.88,75,36736.92,489.82559999999995,221.43,1820.92,610.8105445784448,27,25,12,0.1401973292032736,0.7055493963687416,0.15425884555173622
USR0089,4043.21,2550.24,685.23,807.74,63.07,16.95,19.98,Media,En observación,ACTIVO,0.6307463624199583,0.16947672764956556,0.19977690993047603,807.7400000000002,77,79121.37,1027.5502597402597,519.15,4035.59,1335.0977406610923,26,20,14,0.16947672764956556,0.6307463624199583,0.19977690993047603
USR0090,2342.79,818.1,111.97,1412.72,34.92,4.78,60.3,Alta,Saludable,ACTIVO,0.34919903192347584,0.04779344286086248,0.6030075252156617,1412.72,76,37930.71,499.0882894736842,70.57499999999999,3589.65,854.0251158514222,28,27,13,0.04779344286086248,0.34919903192347584,0.6030075252156617
USR0091,1647.46,1100.77,190.2,356.49,66.82,11.55,21.64,Alta,En observación,ACTIVO,0.6681618977092008,0.11545045099729279,0.21638765129350637,356.49000000000007,72,32978.7,458.03749999999997,212.035,1699.12,571.6867863987743,26,22,11,0.11545045099729279,0.6681618977092008,0.21638765129350637
USR0092,4836.51,3003.29,413.1,1420.13,62.1,8.54,29.36,Alta,En observación,ACTIVO,0.6209622227598,0.08541282867191426,0.29362701617488646,1420.1200000000003,78,94077.6,1206.123076923077,407.745,4787.81,1618.6057668624187,22,27,15,0.08541282867191426,0.6209622227598,0.29362701617488646
USR0093,5505.79,4876.14,686.07,-56.42,88.56,12.46,-1.02,Nunca,En riesgo,ACTIVO,0.8856385732111105,0.1246088208958206,-0.010247394106931068,-56.420000000000414,74,124583.18000000001,1683.5564864864866,539.95,10125.36,2143.035005432896,26,33,13,0.1246088208958206,0.8856385732111105,-0.010247394106931068
USR0094,4312.0,2255.57,728.69,1327.74,52.31,16.9,30.79,Alta,Saludable,ACTIVO,0.5230913729128015,0.16899118738404453,0.307917439703154,1327.7399999999998,78,78810.83,1010.3952564102565,436.695,4158.58,1383.223030238111,26,24,14,0.16899118738404453,0.5230913729128015,0.307917439703154
USR0095,3173.39,1843.72,356.72,972.95,58.1,11.24,30.66,Alta,Saludable,INACTIVO,0.5809938267909082,0.11240975738878614,0.3065964158203058,972.9499999999998,72,60205.26,836.1841666666667,246.41,3245.69,1117.2660116687882,28,29,12,0.11240975738878614,0.5809938267909082,0.3065964158203058
USR0096,6714.63,3809.34,768.2,2137.08,56.73,11.44,31.83,Alta,Saludable,ACTIVO,0.5673194204297184,0.11440689956110761,0.31827219072383733,2137.09,72,126287.63,1753.9948611111113,446.365,6952.42,2385.8001501755016,26,31,12,0.11440689956110761,0.5673194204297184,0.31827219072383733
USR0097,2762.49,1052.5,175.74,1534.25,38.1,6.36,55.54,Alta,Saludable,ACTIVO,0.3809968542872554,0.063616519878805,0.5553866258339397,1534.2499999999998,78,45779.85,586.9211538461539,135.03500000000003,2661.83,907.7116924985879,31,30,14,0.063616519878805,0.3809968542872554,0.5553866258339397
USR0098,3095.79,1711.09,384.07,1000.63,55.27,12.41,32.32,Alta,Saludable,ACTIVO,0.5527151389467632,0.12406203263141234,0.3232228284218245,1000.6300000000001,74,57682.65,779.4952702702703,223.42000000000002,3986.76,1131.2839914229876,31,23,12,0.12406203263141234,0.5527151389467632,0.3232228284218245
USR0099,4953.61,3756.67,809.45,387.49,75.84,16.34,7.82,Baja,En observación,INACTIVO,0.7583701583289763,0.16340608162531975,0.07822376004570405,387.48999999999955,75,104523.33,1393.6444000000001,566.45,4996.79,1691.6686433976079,31,32,11,0.16340608162531975,0.7583701583289763,0.07822376004570405
USR0100,6277.34,3912.21,1369.58,995.55,62.32,21.82,15.86,Media,En observación,ACTIVO,0.6232273542615184,0.21817840040526718,0.15859424533321437,995.5500000000002,72,122274.6,1698.2583333333334,590.5150000000001,9583.97,2388.731485605685,30,19,12,0.21817840040526718,0.6232273542615184,0.15859424533321437
USR0101,2243.38,1286.4,206.35,750.63,57.34,9.2,33.46,Alta,Saludable,ACTIVO,0.5734204637644982,0.09198174183597962,0.33459779439952214,750.63,77,42357.28,550.0945454545455,197.54,2187.9,720.9844209783873,26,28,15,0.09198174183597962,0.5734204637644982,0.33459779439952214
USR0102,3960.58,2675.2,247.7,1037.67,67.55,6.25,26.2,Alta,En observación,ACTIVO,0.6754566250397669,0.06254134495452686,0.2619995051229871,1037.68,77,79629.37,1034.1476623376623,380.03,3934.37,1293.7279038925662,30,30,13,0.06254134495452686,0.6754566250397669,0.2619995051229871
USR0103,4486.85,3218.0,2187.21,-918.36,71.72,48.75,-20.47,Nunca,En riesgo,ACTIVO,0.7172069491959837,0.4874711657398843,-0.20467811493586813,-918.3599999999997,74,92458.31,1249.4366216216215,419.655,4560.29,1553.6713450663276,33,31,13,0.4874711657398843,0.7172069491959837,-0.20467811493586813
USR0104,1377.79,603.39,711.92,62.48,43.79,51.67,4.53,Baja,En riesgo,ACTIVO,0.43794046988292845,0.5167115453008078,0.045347984816263724,62.48000000000002,75,23774.08,316.9877333333334,105.24,1435.83,465.989441997242,30,23,14,0.5167115453008078,0.43794046988292845,0.045347984816263724
USR0105,1591.33,841.08,683.93,66.32,52.85,42.98,4.17,Baja,En riesgo,ACTIVO,0.5285390208190633,0.4297851482722,0.041675830908736715,66.31999999999994,74,29188.85,394.4439189189189,131.35000000000002,1621.32,543.0659564519162,35,26,13,0.4297851482722,0.5285390208190633,0.041675830908736715
USR0106,1423.22,982.25,239.96,201.02,69.02,16.86,14.12,Media,En observación,ACTIVO,0.6901603406360225,0.16860358904456094,0.1412430966400135,201.01000000000002,74,28865.59,390.07554054054054,185.06,1404.81,467.97954363190183,33,23,13,0.16860358904456094,0.6901603406360225,0.1412430966400135
USR0107,2659.75,2083.18,631.04,-54.47,78.32,23.73,-2.05,Nunca,En riesgo,ACTIVO,0.7832239872168436,0.23725538114484443,-0.02047936836168813,-54.4699999999998,74,56915.24,769.1248648648649,295.545,2644.0,896.1527297182597,30,31,13,0.23725538114484443,0.7832239872168436,-0.02047936836168813
USR0108,2752.75,1655.92,412.72,684.11,60.16,14.99,24.85,Alta,En observación,ACTIVO,0.6015511760966307,0.14993006993006994,0.24851875397329942,684.1099999999999,74,52904.060000000005,714.9197297297299,205.07999999999998,2735.7,925.2144088478367,27,27,13,0.14993006993006994,0.6015511760966307,0.24851875397329942
USR0109,2743.66,1724.71,1023.52,-4.57,62.86,37.3,-0.17,Nunca,En observación,ACTIVO,0.6286165195395932,0.37304913874168083,-0.001665658281273919,-4.570000000000164,77,53620.53,696.3705194805194,321.62,2631.22,879.4026749999656,21,27,14,0.37304913874168083,0.6286165195395932,-0.001665658281273919
USR0110,3233.56,1959.36,359.76,914.44,60.59,11.13,28.28,Alta,En observación,ACTIVO,0.6059451502368906,0.11125817983893913,0.2827966699241703,914.44,74,62315.01,842.0947297297298,235.245,3311.94,1126.3395123995213,25,31,11,0.11125817983893913,0.6059451502368906,0.2827966699241703
USR0111,2659.82,2015.64,362.33,281.85,75.78,13.62,10.6,Media,En observación,ACTIVO,0.7578106789181223,0.13622350384612492,0.1059658172357528,281.8500000000001,76,56105.55,738.2309210526316,332.42,2470.24,840.8357915315412,24,26,14,0.13622350384612492,0.7578106789181223,0.1059658172357528
USR0112,2560.2,1324.05,166.34,1069.8,51.72,6.5,41.79,Alta,Saludable,ACTIVO,0.5171666276072182,0.06497148660260918,0.4178579798453246,1069.81,75,46611.01,621.4801333333334,211.28,2619.63,874.6177336761432,31,26,13,0.06497148660260918,0.5171666276072182,0.4178579798453246
USR0113,6279.19,2667.94,905.78,2705.48,42.49,14.43,43.09,Alta,Saludable,ACTIVO,0.4248860123678373,0.14425108971061554,0.4308644904836452,2705.4699999999993,74,107365.53,1450.8855405405404,435.755,6338.12,2199.240744549201,25,24,13,0.14425108971061554,0.4248860123678373,0.4308644904836452
USR0114,2409.18,1801.33,116.18,491.67,74.77,4.82,20.41,Alta,En observación,ACTIVO,0.7476942362131513,0.048223877003793825,0.20408188678305483,491.6699999999999,74,50526.18,682.7862162162162,274.015,6171.06,938.2222378661588,32,27,12,0.048223877003793825,0.7476942362131513,0.20408188678305483
USR0115,3457.85,1986.58,292.82,1178.45,57.45,8.47,34.08,Alta,Saludable,ACTIVO,0.5745130644764811,0.08468267854302529,0.34080425698049366,1178.45,72,65333.06,907.4036111111111,310.67,3564.0,1211.1584649385934,27,24,12,0.08468267854302529,0.5745130644764811,0.34080425698049366
USR0116,5324.65,3304.97,540.5,1479.18,62.07,10.15,27.78,Alta,En observación,ACTIVO,0.6206924398786775,0.10150901937216532,0.2777985407491573,1479.1799999999998,72,103555.48,1438.2705555555556,713.4200000000001,5467.99,1860.9268370795953,23,19,12,0.10150901937216532,0.6206924398786775,0.2777985407491573
USR0117,3170.7,1810.4,616.97,743.33,57.1,19.46,23.44,Alta,Saludable,ACTIVO,0.5709780174724824,0.1945847920017662,0.23443719052575143,743.3299999999997,75,59773.14,796.9752,293.99,3206.41,1082.1559341267955,25,25,14,0.1945847920017662,0.5709780174724824,0.23443719052575143
USR0118,1359.29,1134.66,238.04,-13.41,83.47,17.51,-0.99,Nunca,En riesgo,ACTIVO,0.8347446093181,0.17512083514187554,-0.009865444459975429,-13.41000000000011,72,29927.29,415.6568055555556,80.17,2931.89,634.2183283555011,31,26,12,0.17512083514187554,0.8347446093181,-0.009865444459975429
USR0119,3411.64,3166.41,687.43,-442.2,92.81,20.15,-12.96,Nunca,En riesgo,ACTIVO,0.9281196140272714,0.20149546845505387,-0.12961508248232523,-442.19999999999993,72,78936.51,1096.3404166666667,815.95,3906.94,1218.1045684089265,27,16,12,0.20149546845505387,0.9281196140272714,-0.12961508248232523
USR0120,6027.96,3628.0,827.69,1572.26,60.19,13.73,26.08,Alta,En observación,ACTIVO,0.6018619897942256,0.13730847583593786,0.26082787543381175,1572.27,78,115871.48,1485.5317948717948,817.05,5991.04,1916.8825452299177,19,18,15,0.13730847583593786,0.6018619897942256,0.26082787543381175
USR0121,3692.98,2338.14,175.62,1179.22,63.31,4.76,31.93,Alta,En observación,ACTIVO,0.6331309674030187,0.047555091010511835,0.3193139415864695,1179.2200000000003,72,72373.42,1005.1863888888888,299.53,3762.82,1304.36062048256,29,30,11,0.047555091010511835,0.6331309674030187,0.3193139415864695
USR0122,2743.89,1431.64,1458.53,-146.27,52.18,53.16,-5.33,Nunca,En riesgo,ACTIVO,0.521755609736542,0.5315555652741182,-0.05330753054969405,-146.2800000000002,77,50106.39,650.7323376623376,233.04,2658.58,893.7010876419241,28,23,14,0.5315555652741182,0.521755609736542,-0.05330753054969405
USR0123,4653.89,3668.46,1311.93,-326.51,78.83,28.19,-7.02,Nunca,En riesgo,ACTIVO,0.7882567056806241,0.28189965813545226,-0.07015851255616269,-326.4999999999998,72,99868.16,1387.0577777777778,697.47,4798.31,1617.8576584555149,35,22,11,0.28189965813545226,0.7882567056806241,-0.07015851255616269
USR0124,2269.62,1661.23,563.78,44.61,73.19,24.84,1.97,Baja,En observación,ACTIVO,0.7319419109806928,0.24840281633048705,0.019655272688820155,44.6099999999999,75,47170.22,628.9362666666667,195.82,3787.77,855.3003124677879,27,26,13,0.24840281633048705,0.7319419109806928,0.019655272688820155
USR0125,1515.44,1035.25,342.23,137.96,68.31,22.58,9.1,Baja,En observación,ACTIVO,0.6831349311091168,0.22582880219606188,0.0910362666948213,137.96000000000004,76,30608.4,402.7421052631579,186.73,1429.18,471.32692367348244,31,25,13,0.22582880219606188,0.6831349311091168,0.0910362666948213
USR0126,4777.49,3154.69,2001.09,-378.28,66.03,41.89,-7.92,Nunca,En riesgo,ACTIVO,0.660323726475618,0.4188580195876914,-0.07917965291397784,-378.2900000000002,73,95186.22,1303.9208219178083,352.89,4879.77,1668.4361996290565,28,33,12,0.4188580195876914,0.660323726475618,-0.07917965291397784
USR0127,5089.07,1968.0,4.59,3116.47,38.67,0.09,61.24,Alta,Saludable,ACTIVO,0.38671112796640644,0.0009019329661411614,0.6123849740718834,3116.4799999999996,73,84684.86,1160.0665753424657,235.54,5069.91,1816.2420793933122,24,27,13,0.0009019329661411614,0.38671112796640644,0.6123849740718834
USR0128,1804.43,1534.18,841.36,-571.11,85.02,46.63,-31.65,Nunca,En riesgo,ACTIVO,0.850229712429964,0.4662746684548583,-0.31650438088482236,-571.11,75,40063.37,534.1782666666667,204.75,2736.26,651.532664221031,29,27,13,0.4662746684548583,0.850229712429964,-0.31650438088482236
USR0129,5117.6,3096.7,269.1,1751.8,60.51,5.26,34.23,Alta,En observación,ACTIVO,0.6051078630608097,0.052583242144755356,0.3423088947944349,1751.8000000000006,75,98571.61,1314.2881333333332,506.46,5143.59,1723.5518699858158,27,26,15,0.052583242144755356,0.6051078630608097,0.3423088947944349
USR0130,2024.48,1248.83,895.09,-119.44,61.69,44.21,-5.9,Nunca,En riesgo,ACTIVO,0.6168645775705366,0.4421332885481704,-0.058997866118707026,-119.43999999999994,72,39279.72,545.5516666666667,143.385,2510.54,750.855410172901,36,28,12,0.4421332885481704,0.6168645775705366,-0.058997866118707026
USR0131,2642.11,1843.79,1077.88,-279.56,69.78,40.8,-10.58,Nunca,En riesgo,ACTIVO,0.6978475536597643,0.40796181839514634,-0.10580937205491066,-279.55999999999995,72,53830.729999999996,747.6490277777777,168.64499999999998,4439.63,1044.5194867284092,29,30,12,0.40796181839514634,0.6978475536597643,-0.10580937205491066
USR0132,3075.61,2283.28,803.75,-11.42,74.24,26.13,-0.37,Nunca,En observación,ACTIVO,0.7423828118649634,0.2613302726938721,-0.003713084558835483,-11.420000000000073,74,64306.68,869.0091891891892,515.9449999999999,3067.0,1022.2977527277512,27,21,12,0.2613302726938721,0.7423828118649634,-0.003713084558835483
USR0133,4299.92,2712.32,430.55,1157.05,63.08,10.01,26.91,Alta,En observación,ACTIVO,0.6307838285363448,0.10012976985618337,0.26908640160747177,1157.05,74,84146.95,1137.120945945946,616.61,4323.97,1463.173034440148,27,18,13,0.10012976985618337,0.6307838285363448,0.26908640160747177
USR0134,3668.44,3166.73,740.32,-238.61,86.32,20.18,-6.5,Nunca,En riesgo,ACTIVO,0.8632361439740053,0.20180785292931055,-0.06504399690331586,-238.61,74,82021.97,1108.405,534.87,3713.96,1221.1034898837054,31,22,14,0.20180785292931055,0.8632361439740053,-0.06504399690331586
USR0135,2425.41,1078.96,360.74,985.71,44.49,14.87,40.64,Alta,Saludable,ACTIVO,0.44485674586977053,0.14873361617211112,0.40640963795811846,985.7099999999998,73,42052.42,576.0605479452055,135.33,2474.56,869.9813483200058,36,26,12,0.14873361617211112,0.44485674586977053,0.40640963795811846
USR0136,5071.35,3901.72,2432.68,-1263.05,76.94,47.97,-24.91,Nunca,En riesgo,ACTIVO,0.7693651591785224,0.4796908121111735,-0.249055971289696,-1263.0499999999993,78,107676.8,1380.4717948717948,705.36,5168.75,1717.981115930219,34,25,15,0.4796908121111735,0.7693651591785224,-0.249055971289696
USR0137,2160.51,1385.86,113.91,660.74,64.15,5.27,30.58,Alta,En observación,ACTIVO,0.6414503982855899,0.0527236624685838,0.3058259392458262,660.7400000000004,75,42556.5,567.42,180.78,2106.35,707.6545144978509,26,32,13,0.0527236624685838,0.6414503982855899,0.3058259392458262
USR0138,4490.04,3739.51,1661.22,-910.7,83.28,37.0,-20.28,Nunca,En riesgo,ACTIVO,0.8328455871217183,0.3699788866023465,-0.20282670087571605,-910.6900000000003,73,98754.57,1352.8023287671233,589.1,4561.69,1557.8028967520968,24,31,12,0.3699788866023465,0.8328455871217183,-0.20282670087571605
USR0139,2461.08,1980.75,748.42,-268.09,80.48,30.41,-10.89,Nunca,En riesgo,ACTIVO,0.8048295870105807,0.30410226404667867,-0.1089318510572594,-268.09000000000003,77,53301.99,692.2336363636364,356.24,2731.68,775.6069815938541,34,21,13,0.30410226404667867,0.8048295870105807,-0.1089318510572594
USR0140,6198.98,5757.75,873.69,-432.46,92.88,14.09,-6.98,Nunca,En riesgo,ACTIVO,0.9288221610652075,0.14094092899154378,-0.06976309005675127,-432.4600000000005,73,143480.87,1965.4913698630137,876.7,6347.28,2132.63482958569,30,29,12,0.14094092899154378,0.9288221610652075,-0.06976309005675127
USR0141,6858.75,3279.51,993.9,2585.33,47.82,14.49,37.69,Alta,Saludable,ACTIVO,0.47814980863860035,0.14490978676872607,0.37693894660105703,2585.3399999999997,79,121659.17,1539.989493670886,390.79,6819.46,2314.8310952781,27,32,15,0.14490978676872607,0.47814980863860035,0.37693894660105703
USR0142,6881.0,5830.47,2829.37,-1778.84,84.73,41.12,-25.85,Nunca,En riesgo,ACTIVO,0.8473288766167708,0.41118587414619967,-0.2585147507629705,-1778.8400000000001,75,152537.58,2033.8343999999997,696.7,6902.11,2340.5843329479053,30,33,11,0.41118587414619967,0.8473288766167708,-0.2585147507629705
USR0143,2553.05,1674.51,454.03,424.52,65.59,17.78,16.63,Media,En observación,ACTIVO,0.6558860970212099,0.17783827187089948,0.16627954799161784,424.5100000000002,78,50730.700000000004,650.3935897435898,254.52499999999998,2499.3,855.4328770512583,31,28,15,0.17783827187089948,0.6558860970212099,0.16627954799161784
USR0144,4429.73,2244.29,87.17,2098.27,50.66,1.97,47.37,Alta,Saludable,ACTIVO,0.5066426170443797,0.019678400263672957,0.4736789826919474,2098.2699999999995,77,80088.19,1040.1063636363638,487.69,4412.87,1436.967234823973,24,22,14,0.019678400263672957,0.5066426170443797,0.4736789826919474
USR0145,4454.2,3457.14,832.78,164.27,77.62,18.7,3.69,Baja,En riesgo,ACTIVO,0.7761528445063086,0.18696511158008172,0.03687979884154282,164.27999999999997,74,94936.12,1282.9205405405405,764.99,4454.58,1481.1770378686313,30,22,12,0.18696511158008172,0.7761528445063086,0.03687979884154282
USR0146,2189.73,1173.94,860.52,155.27,53.61,39.3,7.09,Baja,En observación,ACTIVO,0.5361117580706297,0.3929799564329849,0.0709082854963854,155.26999999999998,77,40364.03,524.2081818181819,179.08,2182.74,733.1153059568662,27,27,14,0.3929799564329849,0.5361117580706297,0.0709082854963854
USR0147,6236.76,4355.09,1043.91,837.76,69.83,16.74,13.43,Media,En observación,ACTIVO,0.6982936653005727,0.16738017816943412,0.13432615652999313,837.76,75,127102.17,1694.6956,465.73,6337.56,2144.404999441028,20,34,13,0.16738017816943412,0.6982936653005727,0.13432615652999313
USR0148,3551.77,2506.56,826.87,218.34,70.57,23.28,6.15,Baja,En observación,ACTIVO,0.7057213727240221,0.23280505212893854,0.06147357514703936,218.34000000000003,75,72699.91,969.3321333333333,290.5,4597.69,1286.0469159040033,27,31,13,0.23280505212893854,0.7057213727240221,0.06147357514703936
USR0149,6525.38,4198.44,867.25,1459.69,64.34,13.29,22.37,Alta,En observación,ACTIVO,0.6434016103276743,0.13290413738357,0.2236942522887556,1459.6900000000005,74,128685.79000000001,1738.9971621621623,939.06,6615.59,2213.2551414258596,31,22,13,0.13290413738357,0.6434016103276743,0.2236942522887556
USR0150,4825.34,4749.34,567.16,-491.17,98.43,11.75,-10.18,Nunca,En riesgo,ACTIVO,0.984249814520842,0.11753783153104236,-0.10178971844471063,-491.15999999999997,75,114896.14,1531.9485333333332,987.02,4871.76,1646.5734594127325,30,20,13,0.11753783153104236,0.984249814520842,-0.10178971844471063
USR0151,5970.33,3789.46,461.38,1719.49,63.47,7.73,28.8,Alta,En observación,ACTIVO,0.6347153339932634,0.07727881038401563,0.288005855622721,1719.4899999999998,72,117117.56,1626.6327777777778,736.655,6140.14,2097.2662149981,25,21,12,0.07727881038401563,0.6347153339932634,0.288005855622721
USR0152,2159.64,1435.82,178.5,545.33,66.48,8.27,25.25,Alta,En observación,INACTIVO,0.6648422885295697,0.08265266433294438,0.2525096775388491,545.3199999999999,75,43145.52,575.2736,273.29,2138.66,703.1272613842601,36,24,14,0.08265266433294438,0.6648422885295697,0.2525096775388491
USR0153,2996.02,1577.74,304.87,1113.41,52.66,10.18,37.16,Alta,Saludable,ACTIVO,0.5266119718826977,0.10175833272141041,0.3716296953958919,1113.4099999999999,77,54885.23,712.7951948051948,306.14,2936.96,1009.9013818719476,29,23,13,0.10175833272141041,0.5266119718826977,0.3716296953958919
USR0154,3127.15,2185.19,647.72,294.23,69.88,20.71,9.41,Baja,En observación,ACTIVO,0.698780039332939,0.2071278960075468,0.09408886685960059,294.24,72,63748.05,885.3895833333333,461.015,3192.77,1078.98659026172,36,21,12,0.2071278960075468,0.698780039332939,0.09408886685960059
USR0155,4409.98,3982.81,469.24,-42.07,90.31,10.64,-0.95,Nunca,En riesgo,ACTIVO,0.9031356151275063,0.10640411067623891,-0.009539725803745142,-42.07000000000039,74,100713.41,1360.992027027027,499.28,5166.88,1614.9336682624512,28,27,12,0.10640411067623891,0.9031356151275063,-0.009539725803745142
USR0156,5368.61,3025.11,1154.97,1188.54,56.35,21.51,22.14,Alta,En observación,ACTIVO,0.5634810500297098,0.21513389871866276,0.22138691393116655,1188.5299999999995,74,100724.67,1361.144189189189,619.495,5418.79,1812.903243201627,29,23,13,0.21513389871866276,0.5634810500297098,0.22138691393116655
USR0157,4740.04,2682.61,633.56,1423.87,56.59,13.37,30.04,Alta,Saludable,ACTIVO,0.5659467008717226,0.13366131931376105,0.3003919798145163,1423.87,73,89071.7,1220.1602739726027,510.3,4846.79,1646.582700411482,24,23,12,0.13366131931376105,0.5659467008717226,0.3003919798145163
USR0158,5818.76,3815.41,1162.01,841.34,65.57,19.97,14.46,Media,En observación,ACTIVO,0.655708432724498,0.19970062350053963,0.14459094377496237,841.3400000000004,72,115609.99,1605.6943055555557,556.075,5964.66,2053.6484820503433,28,25,12,0.19970062350053963,0.655708432724498,0.14459094377496237
USR0159,2794.81,2457.38,343.25,-5.82,87.93,12.28,-0.21,Nunca,En riesgo,ACTIVO,0.8792654956866478,0.12281693567720167,-0.002082431363849421,-5.820000000000164,73,63026.19,863.3724657534246,383.01,2881.54,975.8122630884673,27,30,13,0.12281693567720167,0.8792654956866478,-0.002082431363849421
USR0160,5166.0,3002.79,580.89,1582.32,58.13,11.24,30.63,Alta,Saludable,ACTIVO,0.581260162601626,0.11244483159117305,0.3062950058072009,1582.3200000000002,73,98025.44,1342.8142465753424,430.7,6872.64,1920.6725175449742,29,26,13,0.11244483159117305,0.581260162601626,0.3062950058072009
USR0161,4268.55,2941.49,349.03,978.04,68.91,8.18,22.91,Alta,En observación,ACTIVO,0.689107542373874,0.08176781342610487,0.2291269869159316,978.0300000000004,72,86520.49,1201.6734722222222,576.72,4368.1,1520.1732968253095,27,23,11,0.08176781342610487,0.689107542373874,0.2291269869159316
USR0162,4848.09,2942.14,331.96,1573.98,60.69,6.85,32.47,Alta,En observación,ELIMINADO,0.6068657966333133,0.06847232621506613,0.324659814483642,1573.9900000000002,75,93482.77,1246.4369333333334,583.82,4963.91,1657.170900159384,26,20,13,0.06847232621506613,0.6068657966333133,0.324659814483642
USR0163,4184.77,3038.65,992.05,154.07,72.61,23.71,3.68,Baja,En observación,ACTIVO,0.7261211488325523,0.237062012966065,0.03681683820138263,154.0700000000004,75,86681.05,1155.7473333333335,423.37,4218.41,1419.6486272612265,34,27,13,0.237062012966065,0.7261211488325523,0.03681683820138263
USR0164,3413.31,2725.35,582.82,105.14,79.84,17.07,3.08,Baja,En riesgo,ACTIVO,0.7984478409520377,0.1707492141059558,0.03080294494200644,105.13999999999999,73,73663.94,1009.0950684931507,341.66,3475.14,1224.3064868121635,23,29,12,0.1707492141059558,0.7984478409520377,0.03080294494200644
USR0165,2840.74,1688.04,405.46,747.24,59.42,14.27,26.3,Alta,Saludable,ACTIVO,0.5942254482986827,0.14273041531431951,0.26304413638699775,747.2399999999998,72,54345.29,754.7956944444445,275.04499999999996,2916.26,1011.4914275462302,26,26,11,0.14273041531431951,0.5942254482986827,0.26304413638699775
USR0166,5371.89,3698.94,515.61,1157.34,68.86,9.6,21.54,Alta,En observación,ACTIVO,0.6885732954323338,0.09598297805800193,0.21544372650966417,1157.3400000000001,75,108849.87,1451.3316,480.12,5505.72,1859.6584224354867,22,32,13,0.09598297805800193,0.6885732954323338,0.21544372650966417
USR0167,2676.85,2186.6,1233.86,-743.61,81.69,46.09,-27.78,Nunca,En riesgo,ACTIVO,0.8168556325531875,0.46093729570203784,-0.2777929282552254,-743.6099999999999,76,58361.44,767.9136842105263,434.67499999999995,2608.06,858.0523264274616,35,22,14,0.46093729570203784,0.8168556325531875,-0.2777929282552254
USR0168,4090.66,2427.45,829.95,833.26,59.34,20.29,20.37,Alta,En observación,ACTIVO,0.5934127989126449,0.20288902035368378,0.20369818073367135,833.26,77,78217.28,1015.8088311688311,361.65,4101.21,1354.287158361388,28,26,14,0.20288902035368378,0.5934127989126449,0.20369818073367135
USR0169,2179.58,1396.54,1222.35,-439.32,64.07,56.08,-20.16,Nunca,En riesgo,ACTIVO,0.6407381238587251,0.5608190568825187,-0.20156176878114132,-439.30999999999995,75,42913.46,572.1794666666666,292.41,2205.81,731.0984753962621,34,22,13,0.5608190568825187,0.6407381238587251,-0.20156176878114132
USR0170,3564.89,1399.88,245.23,1919.78,39.27,6.88,53.85,Alta,Saludable,ACTIVO,0.39268532829904995,0.06879034135695632,0.5385243303439938,1919.7799999999997,74,59577.25,805.097972972973,189.405,3597.34,1248.1144220245585,20,22,13,0.06879034135695632,0.39268532829904995,0.5385243303439938
USR0171,3196.76,2428.75,660.47,107.54,75.98,20.66,3.36,Baja,En riesgo,ACTIVO,0.7597536255458651,0.20660606363943493,0.033640310814699884,107.54000000000019,77,67506.18,876.7036363636363,511.42,3208.43,1038.908489292221,24,23,14,0.20660606363943493,0.7597536255458651,0.033640310814699884
USR0172,4465.89,3319.5,725.89,420.5,74.33,16.25,9.42,Baja,En observación,ACTIVO,0.7433008873931064,0.1625409492844651,0.09415816332242845,420.50000000000034,72,93424.74,1297.5658333333333,427.85,4559.38,1554.8617358772033,35,32,11,0.1625409492844651,0.7433008873931064,0.09415816332242845
USR0173,2170.71,1351.5,282.83,536.38,62.26,13.03,24.71,Alta,En observación,ACTIVO,0.6226073496690023,0.13029377484786084,0.24709887548313686,536.3800000000001,72,42266.45,587.0340277777777,179.055,2227.42,760.8601293285503,32,28,10,0.13029377484786084,0.6226073496690023,0.24709887548313686
USR0174,4235.56,3519.12,760.67,-44.24,83.09,17.96,-1.04,Nunca,En riesgo,ACTIVO,0.830851174342944,0.17959136454211483,-0.010444899847953989,-44.22999999999945,74,93056.14,1257.5154054054053,517.255,4311.41,1452.9377694601399,34,29,12,0.17959136454211483,0.830851174342944,-0.010444899847953989
USR0175,6100.99,3647.07,645.6,1808.32,59.78,10.58,29.64,Alta,Saludable,ACTIVO,0.5977833105774637,0.10581889168807031,0.29639779773446606,1808.3199999999997,79,116976.76,1480.7184810126582,471.31,6096.5,1991.3467221694718,31,29,15,0.10581889168807031,0.5977833105774637,0.29639779773446606
USR0176,2224.84,1940.95,530.65,-246.76,87.24,23.85,-11.09,Nunca,En riesgo,ACTIVO,0.8723998130202621,0.2385115334136387,-0.11091134643390085,-246.75999999999988,74,49989.52,675.534054054054,326.13,4359.27,844.759967316515,25,23,13,0.2385115334136387,0.8723998130202621,-0.11091134643390085
USR0177,6312.33,4266.21,337.68,1708.43,67.59,5.35,27.07,Alta,En observación,ACTIVO,0.67585344872654,0.05349530205169882,0.2706496650206818,1708.4399999999998,73,126942.49,1738.9382191780824,608.35,6405.11,2188.207894828515,35,31,12,0.05349530205169882,0.67585344872654,0.2706496650206818
USR0178,4580.61,3257.37,551.94,771.3,71.11,12.05,16.84,Media,En observación,ACTIVO,0.7111214445237644,0.12049486858737157,0.16838368688886415,771.2999999999997,76,94055.77,1237.5759210526317,580.655,4649.01,1572.5364162330675,33,26,14,0.12049486858737157,0.7111214445237644,0.16838368688886415
USR0179,6856.9,6103.54,2078.3,-1324.94,89.01,30.31,-19.32,Nunca,En riesgo,ACTIVO,0.8901311088101037,0.30309615132202605,-0.1932272601321297,-1324.9400000000005,72,155525.21,2160.072361111111,1294.585,7042.3,2334.548352655369,31,23,12,0.30309615132202605,0.8901311088101037,-0.1932272601321297
USR0180,4657.34,3192.88,888.8,575.67,68.56,19.08,12.36,Media,En observación,ACTIVO,0.6855587094779424,0.19083854732529726,0.12360489034513261,575.6600000000001,72,94202.65000000001,1308.370138888889,743.255,4752.26,1598.2702851260428,29,19,12,0.19083854732529726,0.6855587094779424,0.12360489034513261
USR0181,5850.37,3303.9,2811.62,-265.15,56.47,48.06,-4.53,Nunca,En riesgo,ACTIVO,0.5647335125812556,0.48058840722894447,-0.045321919810200034,-265.1500000000001,72,109851.23,1525.7115277777777,795.385,6018.6,2012.7678600778638,29,17,12,0.48058840722894447,0.5647335125812556,-0.045321919810200034
USR0182,2278.64,1010.89,9.27,1258.48,44.36,0.41,55.23,Alta,Saludable,ACTIVO,0.44363743285468527,0.004068216128919004,0.5522943510163958,1258.48,75,39474.33,526.3244,178.65,2285.87,775.7023662902002,28,23,13,0.004068216128919004,0.44363743285468527,0.5522943510163958
USR0183,4467.16,3464.65,690.52,311.99,77.56,15.46,6.98,Baja,En observación,ACTIVO,0.7755822491247236,0.15457695717189446,0.06984079370338202,311.9899999999998,74,95181.7,1286.2391891891891,669.9549999999999,4536.45,1514.5342475636428,31,24,13,0.15457695717189446,0.7755822491247236,0.06984079370338202
USR0184,1667.74,1030.46,281.1,356.19,61.79,16.86,21.36,Alta,En observación,ACTIVO,0.6178780865122862,0.16855145286435536,0.21357645676184536,356.17999999999995,75,32378.43,431.7124,97.93,3212.43,652.1402587630728,28,27,13,0.16855145286435536,0.6178780865122862,0.21357645676184536
USR0185,2171.9,1410.53,325.56,435.81,64.94,14.99,20.07,Alta,En observación,ACTIVO,0.6494451862424605,0.14989640407016896,0.2006584096873705,435.8100000000001,72,42989.18,597.0719444444444,275.9,2212.14,760.9917879082345,33,22,12,0.14989640407016896,0.6494451862424605,0.2006584096873705
USR0186,4564.94,2465.79,1927.31,171.84,54.02,42.22,3.76,Baja,En riesgo,ACTIVO,0.5401582496155481,0.4221983202407918,0.03764343014366016,171.8399999999997,75,84368.78,1124.9170666666666,371.05,4572.31,1545.437679035674,28,27,13,0.4221983202407918,0.5401582496155481,0.03764343014366016
USR0187,6845.61,3833.9,2744.72,266.99,56.01,40.09,3.9,Baja,En riesgo,ACTIVO,0.5600523547207626,0.4009460077334233,0.03900163754581404,266.9899999999998,72,128154.22,1779.9197222222222,525.195,7009.47,2406.176657635934,27,33,12,0.4009460077334233,0.5600523547207626,0.03900163754581404
USR0188,3160.98,1857.3,1565.53,-261.85,58.76,49.53,-8.28,Nunca,En riesgo,ACTIVO,0.5875709431885048,0.4952672905238249,-0.08283823371232973,-261.8499999999999,77,60219.39,782.0699999999999,252.18,3389.98,1050.39232798487,28,27,15,0.4952672905238249,0.5875709431885048,-0.08283823371232973
USR0189,4950.67,2666.22,1940.56,343.9,53.86,39.2,6.95,Baja,En observación,ACTIVO,0.5385574073812232,0.3919792674526882,0.06946534509470435,343.8900000000003,77,91402.67,1187.0476623376624,406.54,5000.6,1695.9579704022092,28,24,14,0.3919792674526882,0.5385574073812232,0.06946534509470435
USR0190,3853.39,3521.44,975.28,-643.33,91.39,25.31,-16.7,Nunca,En riesgo,ACTIVO,0.9138550730655346,0.2530966240115846,-0.16695169707711913,-643.3300000000002,76,88498.05,1164.4480263157895,525.365,3851.13,1310.1943210084216,32,26,13,0.2530966240115846,0.9138550730655346,-0.16695169707711913
USR0191,2249.55,1122.86,210.91,915.78,49.91,9.38,40.71,Alta,Saludable,ACTIVO,0.49914871863261534,0.09375652908359448,0.40709475228379005,915.7800000000003,77,40468.96,525.570909090909,113.71,2730.03,801.4187153715883,30,27,14,0.09375652908359448,0.49914871863261534,0.40709475228379005
USR0192,3138.93,2175.29,474.0,489.64,69.3,15.1,15.6,Media,En observación,ACTIVO,0.6930036668546289,0.15100687176840516,0.15598946137696604,489.6399999999999,75,63770.64,850.2752,298.37,3172.82,1084.0891927893178,28,31,13,0.15100687176840516,0.6930036668546289,0.15598946137696604
USR0193,2559.65,1585.62,957.03,17.0,61.95,37.39,0.66,Baja,En observación,ACTIVO,0.6194675053229933,0.37389096165491376,0.006641533022092864,17.000000000000227,76,49743.17,654.515394736842,270.19,2536.91,836.2009771810294,22,25,13,0.37389096165491376,0.6194675053229933,0.006641533022092864
USR0194,3581.28,1653.27,105.73,1822.28,46.16,2.95,50.88,Alta,Saludable,ACTIVO,0.4616422061385873,0.029522963856498236,0.5088348300049144,1822.2800000000002,73,62814.56,860.4734246575342,198.77,3664.68,1274.6210186302208,31,30,12,0.029522963856498236,0.4616422061385873,0.5088348300049144
USR0195,3823.53,2535.93,797.23,490.37,66.32,20.85,12.83,Media,En observación,INACTIVO,0.6632431287318262,0.20850627561441912,0.12825059565375452,490.37000000000035,75,76313.45,1017.5126666666666,306.59,3833.97,1304.5263599714497,20,34,12,0.20850627561441912,0.6632431287318262,0.12825059565375452
USR0196,3196.29,2489.07,896.26,-189.04,77.87,28.04,-5.91,Nunca,En riesgo,ACTIVO,0.7787372234684588,0.2804063461075184,-0.05914356957597715,-189.0400000000002,75,68224.31999999999,909.6575999999999,484.78,3247.93,1120.3103822853398,26,19,14,0.2804063461075184,0.7787372234684588,-0.05914356957597715
USR0197,6035.93,4361.86,1268.75,405.32,72.26,21.02,6.72,Baja,En observación,ACTIVO,0.7226492023598682,0.21019958813306316,0.0671512095070685,405.3200000000006,75,124773.5,1663.6466666666668,907.22,6078.66,2030.458741266955,34,20,12,0.21019958813306316,0.7226492023598682,0.0671512095070685
USR0198,3006.42,2076.03,523.52,406.88,69.05,17.41,13.53,Media,En observación,ACTIVO,0.6905322609615423,0.17413401986415736,0.13533704538953306,406.8699999999999,72,60989.44,847.0755555555556,466.6,3079.92,1020.7394941405365,28,16,11,0.17413401986415736,0.6905322609615423,0.13533704538953306
USR0199,6775.07,5555.9,1298.7,-79.53,82.01,19.17,-1.17,Nunca,En riesgo,ACTIVO,0.8200505677432115,0.1916880563595653,-0.011738624102776799,-79.52999999999997,77,147971.58,1921.708831168831,655.72,6846.14,2320.814540645938,26,31,12,0.1916880563595653,0.8200505677432115,-0.011738624102776799
USR0200,4060.86,3296.59,1020.83,-256.56,81.18,25.14,-6.32,Nunca,En riesgo,ACTIVO,0.8117960235024109,0.2513827120363667,-0.0631787355387775,-256.56000000000006,73,88289.47,1209.444794520548,502.94,4116.94,1405.1871426493235,27,27,13,0.2513827120363667,0.8117960235024109,-0.0631787355387775
USR0201,2921.66,1762.25,439.61,719.8,60.32,15.05,24.64,Alta,En observación,ACTIVO,0.603167377449806,0.15046583106863906,0.246366791481555,719.7999999999998,72,56206.98,780.6525,217.55,3012.35,1061.9088802608069,28,25,12,0.15046583106863906,0.603167377449806,0.246366791481555
USR0202,4790.09,2791.31,2495.84,-497.07,58.27,52.1,-10.38,Nunca,En riesgo,ACTIVO,0.5827260030604853,0.5210424021260561,-0.10377049282998857,-497.05999999999995,73,90976.78,1246.2572602739726,323.77,4888.42,1728.8832227017567,32,30,12,0.5210424021260561,0.5827260030604853,-0.10377049282998857
USR0203,2721.65,1433.24,54.99,1233.41,52.66,2.02,45.32,Alta,Saludable,ACTIVO,0.5266070214759428,0.020204655264269837,0.45318464901805894,1233.42,72,49858.71,692.4820833333333,136.21,3142.03,1022.2063475252687,25,30,11,0.020204655264269837,0.5266070214759428,0.45318464901805894
USR0204,4612.44,3428.19,1040.79,143.46,74.32,22.56,3.11,Baja,En observación,ACTIVO,0.743248692665921,0.22564846371985328,0.03110284361422588,143.45999999999958,72,96487.56,1340.105,712.2950000000001,4759.34,1632.227290324137,30,21,12,0.22564846371985328,0.743248692665921,0.03110284361422588
USR0205,3491.7,2340.77,296.29,854.64,67.04,8.49,24.48,Alta,En observación,ACTIVO,0.6703811896783802,0.08485551450582812,0.24476329581579173,854.6399999999999,75,69989.69,933.1958666666667,555.32,3449.37,1131.473289572701,31,21,14,0.08485551450582812,0.6703811896783802,0.24476329581579173
USR0206,2245.79,1535.42,298.74,411.63,68.37,13.3,18.33,Media,En observación,ACTIVO,0.6836881453742336,0.13302223271098368,0.18328962191478276,411.6299999999999,73,45374.53,621.568904109589,263.87,2290.7,793.578361595896,33,25,12,0.13302223271098368,0.6836881453742336,0.18328962191478276
USR0207,6169.99,5429.66,705.0,35.33,88.0,11.43,0.57,Baja,En riesgo,ACTIVO,0.880011150747408,0.11426274596879411,0.005726103283797867,35.32999999999993,75,139195.81,1855.9441333333334,650.47,6173.01,2164.8630913830752,27,29,13,0.11426274596879411,0.880011150747408,0.005726103283797867
USR0208,5351.24,2696.44,3059.13,-404.33,50.39,57.17,-7.56,Nunca,En riesgo,ACTIVO,0.503890687018336,0.5716675013641699,-0.07555818838250573,-404.3300000000004,75,96572.11,1287.6281333333334,442.84,5341.74,1842.3421835765628,31,24,13,0.5716675013641699,0.503890687018336,-0.07555818838250573
USR0209,3530.34,2676.19,873.26,-19.11,75.81,24.74,-0.54,Nunca,En riesgo,ACTIVO,0.758054465009036,0.2473586113518811,-0.0054130763609170785,-19.1099999999999,73,74478.37,1020.2516438356164,362.32,4060.38,1257.3388295755333,31,27,12,0.2473586113518811,0.758054465009036,-0.0054130763609170785
USR0210,2054.75,1399.0,158.65,497.1,68.09,7.72,24.19,Alta,En observación,ACTIVO,0.680861418664071,0.07721133957902422,0.24192724175690475,497.1,73,41445.0,567.7397260273973,250.84,2076.27,701.4185687075169,29,24,13,0.07721133957902422,0.680861418664071,0.24192724175690475
USR0211,2801.86,1404.98,106.07,1290.81,50.14,3.79,46.07,Alta,Saludable,ACTIVO,0.5014454683674416,0.0378569949961811,0.46069753663637725,1290.8100000000002,76,50482.03,664.2372368421053,162.765,2837.01,957.2985155399175,32,30,14,0.0378569949961811,0.5014454683674416,0.46069753663637725
USR0212,2633.39,1178.39,1380.18,74.83,44.75,52.41,2.84,Baja,En riesgo,ACTIVO,0.44748024409601317,0.5241077090746149,0.028415844216010542,74.81999999999971,75,45741.4,609.8853333333334,220.1,2588.64,865.5272326072039,31,28,13,0.5241077090746149,0.44748024409601317,0.028415844216010542
USR0213,4483.97,3436.5,804.28,243.19,76.64,17.94,5.42,Baja,En observación,ACTIVO,0.7663967421726728,0.1793678369837443,0.0542354208435828,243.19000000000028,76,95045.68000000001,1250.601052631579,437.16999999999996,4481.24,1521.827000717737,30,29,14,0.1793678369837443,0.7663967421726728,0.0542354208435828
USR0214,6980.25,3294.35,424.74,3261.16,47.2,6.08,46.72,Alta,Saludable,ACTIVO,0.47195301027900144,0.060848823466208235,0.46719816625479027,3261.16,76,123295.2,1622.3052631578946,634.995,7033.48,2347.2285582115624,31,22,13,0.060848823466208235,0.47195301027900144,0.46719816625479027
USR0215,3620.28,2922.29,1079.53,-381.54,80.72,29.82,-10.54,Nunca,En riesgo,ACTIVO,0.8071999955804523,0.29818964279006044,-0.10538963837051278,-381.53999999999974,75,78510.88,1046.8117333333334,663.69,3692.02,1215.9527153661916,31,19,12,0.29818964279006044,0.8071999955804523,-0.10538963837051278
USR0216,1851.07,1501.41,262.53,87.13,81.11,14.18,4.71,Baja,En riesgo,ACTIVO,0.8111038480446445,0.14182607897054136,0.047070072984814186,87.12999999999988,73,40229.81,551.0932876712328,212.06,1890.41,640.7848477454443,28,30,13,0.14182607897054136,0.8111038480446445,0.047070072984814186
USR0217,5079.8,3722.3,802.79,554.71,73.28,15.8,10.92,Media,En observación,ACTIVO,0.7327650694909249,0.15803574943895426,0.10919918107012087,554.71,77,105625.1,1371.7545454545455,760.99,5011.37,1637.2772746026808,27,20,15,0.15803574943895426,0.7327650694909249,0.10919918107012087
USR0218,4023.32,2391.36,218.44,1413.52,59.44,5.43,35.13,Alta,Saludable,ACTIVO,0.594374794945468,0.05429346907529105,0.351331735979241,1413.52,72,76976.08,1069.1122222222223,316.35,4155.73,1426.6690756702708,28,28,12,0.05429346907529105,0.594374794945468,0.351331735979241
USR0219,1879.63,1742.64,322.92,-185.93,92.71,17.18,-9.89,Nunca,En riesgo,ACTIVO,0.9271186350505153,0.17179976910349376,-0.09891840415400903,-185.93,73,43467.34,595.4430136986301,366.6,1883.33,645.8498347412005,22,23,12,0.17179976910349376,0.9271186350505153,-0.09891840415400903
USR0220,4721.26,2577.64,2719.37,-575.74,54.6,57.6,-12.19,Nunca,En riesgo,ACTIVO,0.5459644247510198,0.5759839534361589,-0.12194626010853035,-575.7499999999995,79,87586.75,1108.6930379746836,418.02,5514.18,1625.1192159222917,27,24,15,0.5759839534361589,0.5459644247510198,-0.12194626010853035
USR0221,6503.2,6106.03,1374.38,-977.22,93.89,21.13,-15.03,Nunca,En riesgo,ACTIVO,0.9389269897896421,0.21133903309140117,-0.15026756058555787,-977.21,72,151310.73,2101.5379166666667,1617.3249999999998,6644.85,2248.976133363012,26,17,12,0.21133903309140117,0.9389269897896421,-0.15026756058555787
USR0222,4300.22,2668.21,1831.67,-199.67,62.05,42.59,-4.64,Nunca,En riesgo,ACTIVO,0.6204822078870383,0.42594797475477997,-0.04643250810423652,-199.65999999999985,72,83621.17,1161.4051388888888,337.75,4406.68,1548.6418835843003,28,24,12,0.42594797475477997,0.6204822078870383,-0.04643250810423652
USR0223,2259.19,2153.38,339.51,-233.7,95.32,15.03,-10.34,Nunca,En riesgo,ACTIVO,0.9531646298009464,0.15027952496248656,-0.10344415476343291,-233.70000000000005,72,52950.83,735.4281944444444,334.995,3266.9,846.446876158608,26,25,12,0.15027952496248656,0.9531646298009464,-0.10344415476343291
USR0224,4820.55,3944.4,514.62,361.53,81.82,10.68,7.5,Baja,En observación,ACTIVO,0.8182468805426767,0.10675545321591934,0.07499766624140398,361.5300000000001,75,105179.43,1402.3924,530.67,5621.4,1730.0300471909009,37,29,13,0.10675545321591934,0.8182468805426767,0.07499766624140398
USR0225,2625.72,2140.36,439.96,45.4,81.52,16.76,1.73,Baja,En riesgo,ACTIVO,0.815151653641668,0.16755785079901894,0.017290495559313255,45.39999999999969,74,57192.95,772.8777027027027,445.245,2632.64,886.8961532135887,29,21,12,0.16755785079901894,0.815151653641668,0.017290495559313255
USR0226,5529.97,2841.54,2822.62,-134.19,51.38,51.04,-2.43,Nunca,En riesgo,ACTIVO,0.5138436555713684,0.5104222988551474,-0.024265954426515874,-134.1899999999996,73,100458.15,1376.1390410958904,523.72,5682.43,1920.2353027668576,29,27,12,0.5104222988551474,0.5138436555713684,-0.024265954426515874
USR0227,2631.03,1744.95,115.27,770.81,66.32,4.38,29.3,Alta,En observación,ACTIVO,0.6632193475559002,0.04381173912878226,0.29296891331531755,770.8100000000002,72,52511.72,729.3294444444444,288.83000000000004,2681.26,939.9750112844084,38,25,11,0.04381173912878226,0.6632193475559002,0.29296891331531755
USR0228,4579.21,3224.38,576.07,778.76,70.41,12.58,17.01,Media,En observación,ACTIVO,0.704134555960526,0.1258011753118988,0.17006426872757527,778.7599999999999,76,93643.01,1232.1448684210525,734.74,4555.07,1471.7289372766018,23,19,12,0.1258011753118988,0.704134555960526,0.17006426872757527
USR0229,4437.81,2994.11,1277.93,165.77,67.47,28.8,3.74,Baja,En observación,ACTIVO,0.6746818813784277,0.2879641084228482,0.03735401019872414,165.7700000000002,78,89183.07,1143.3726923076924,383.435,4390.68,1452.9782494548087,29,31,14,0.2879641084228482,0.6746818813784277,0.03735401019872414
USR0230,4640.13,2588.73,441.69,1609.72,55.79,9.52,34.69,Alta,Saludable,ACTIVO,0.5579003174480025,0.09518914340762004,0.3469126942564109,1609.71,73,86746.31,1188.305616438356,556.07,4748.9,1606.3749107107822,28,21,12,0.09518914340762004,0.5579003174480025,0.3469126942564109
USR0231,5598.01,2238.8,626.8,2732.41,39.99,11.2,48.81,Alta,Saludable,ACTIVO,0.39992783149726424,0.1119683601851372,0.48810380831759853,2732.41,74,94041.64,1270.832972972973,270.905,5723.22,1947.68369779721,28,32,13,0.1119683601851372,0.39992783149726424,0.48810380831759853
USR0232,4639.39,2885.83,184.69,1568.87,62.2,3.98,33.82,Alta,En observación,ACTIVO,0.6220278959087293,0.03980911283595472,0.33816299125531585,1568.8700000000003,77,90302.67,1172.7619480519481,550.3,4503.01,1484.73388772112,33,27,14,0.03980911283595472,0.6220278959087293,0.33816299125531585
USR0233,2398.32,1402.55,421.99,573.79,58.48,17.6,23.92,Alta,Saludable,ACTIVO,0.5848051969712131,0.17595233329997664,0.23924663931418658,573.7800000000002,76,45610.43,600.1372368421053,251.38,2337.75,779.3427490231303,26,23,15,0.17595233329997664,0.5848051969712131,0.23924663931418658
USR0234,2055.0,1276.78,323.51,454.71,62.13,15.74,22.13,Alta,En observación,ACTIVO,0.6213041362530414,0.15742579075425792,0.2212700729927007,454.71000000000004,79,39981.39,506.09354430379744,217.54,1930.14,627.8254109511616,30,25,14,0.15742579075425792,0.6213041362530414,0.2212700729927007
USR0235,1261.89,994.98,261.81,5.1,78.85,20.75,0.4,Baja,En riesgo,ACTIVO,0.7884839407555333,0.2074745025319164,0.004041556712550222,5.10000000000008,73,27082.37,370.9913698630137,150.04,1277.28,440.90899970753316,25,23,13,0.2074745025319164,0.7884839407555333,0.004041556712550222
USR0236,4538.1,2814.72,292.5,1430.88,62.02,6.45,31.53,Alta,En observación,ACTIVO,0.6202419514774905,0.06445428703642493,0.31530376148608447,1430.8800000000006,74,88233.87,1192.3495945945945,371.62,4601.63,1545.6613304648447,23,31,11,0.06445428703642493,0.6202419514774905,0.31530376148608447
USR0237,3676.69,2469.65,333.53,873.51,67.17,9.07,23.76,Alta,En observación,ACTIVO,0.6717047126627483,0.09071474614395011,0.23758054119330158,873.51,75,73756.04,983.4138666666665,286.68,3735.65,1260.405293277259,29,33,13,0.09071474614395011,0.6717047126627483,0.23758054119330158
USR0238,4612.48,4331.39,1399.19,-1118.1,93.91,30.33,-24.24,Nunca,En riesgo,ACTIVO,0.9390588143471627,0.30334874080754826,-0.2424075551547107,-1118.1000000000008,75,107326.49,1431.0198666666668,490.53,4608.9,1613.353431954273,29,29,13,0.30334874080754826,0.9390588143471627,-0.2424075551547107
USR0239,5913.96,2946.32,476.96,2490.69,49.82,8.06,42.12,Alta,Saludable,ACTIVO,0.4981974852721358,0.08064985221408329,0.4211543534281598,2490.68,74,106323.39,1436.8025675675676,428.41999999999996,5977.3,2026.406624497755,32,26,12,0.08064985221408329,0.4981974852721358,0.4211543534281598
USR0240,2256.78,1245.08,398.52,613.18,55.17,17.66,27.17,Alta,Saludable,ACTIVO,0.5517064135626866,0.17658788184936056,0.2717057045879527,613.1800000000003,75,42022.37,560.2982666666667,179.41,2219.13,755.1282748276959,28,24,12,0.17658788184936056,0.5517064135626866,0.2717057045879527
USR0241,4332.92,2650.7,456.63,1225.6,61.18,10.54,28.29,Alta,En observación,ACTIVO,0.6117583523351457,0.10538620606888657,0.28285774950841464,1225.5900000000001,72,83803.45,1163.9368055555556,344.55,4453.84,1529.5692488353086,29,29,12,0.10538620606888657,0.6117583523351457,0.28285774950841464
USR0242,2657.01,1856.91,463.1,337.0,69.89,17.43,12.68,Media,En observación,ACTIVO,0.6988720403762123,0.1742936609196051,0.1268342987041825,337.0000000000001,72,54167.03,752.3198611111111,253.64999999999998,2734.93,932.9572903113254,27,30,12,0.1742936609196051,0.6988720403762123,0.1268342987041825
USR0243,5106.19,4359.69,2237.05,-1490.55,85.38,43.81,-29.19,Nunca,En riesgo,ACTIVO,0.8538048917098658,0.43810551507092377,-0.2919104067807896,-1490.5500000000002,75,113590.44,1514.5392,880.47,5045.06,1644.380423440374,33,20,12,0.43810551507092377,0.8538048917098658,-0.2919104067807896
USR0244,4058.01,2788.33,489.69,779.98,68.71,12.07,19.22,Media,En observación,ACTIVO,0.6871175773347034,0.12067244782541195,0.1922075105778448,779.9900000000002,77,82156.11,1066.9624675324676,453.55,4004.19,1371.4244082226448,33,23,15,0.12067244782541195,0.6871175773347034,0.1922075105778448
USR0245,2205.35,1512.54,260.12,432.69,68.59,11.79,19.62,Media,En observación,ACTIVO,0.6858503185435418,0.11794953182034598,0.19620014963611218,432.68999999999994,74,44614.76,602.9021621621622,190.84,2172.11,746.125635337367,32,32,14,0.11794953182034598,0.6858503185435418,0.19620014963611218
USR0246,2662.52,2297.1,1294.34,-928.93,86.28,48.61,-34.89,Nunca,En riesgo,ACTIVO,0.8627540825984406,0.4861334374953052,-0.3488912759340775,-928.9199999999998,73,59515.47,815.2804109589041,448.33,2692.84,925.5709958234165,32,20,13,0.4861334374953052,0.8627540825984406,-0.3488912759340775
USR0247,1522.6,1169.18,166.48,186.94,76.79,10.93,12.28,Media,En observación,ACTIVO,0.7678838828319979,0.10933928805989754,0.12277682910810456,186.93999999999986,74,32301.33,436.5044594594595,221.23000000000002,1507.26,500.04908140510304,36,22,13,0.10933928805989754,0.7678838828319979,0.12277682910810456
USR0248,5095.95,1927.93,399.07,2768.95,37.83,7.83,54.34,Alta,Saludable,ACTIVO,0.37832592548984983,0.07831120792001492,0.5433628665901353,2768.9499999999994,74,84286.54,1139.007297297297,350.995,5085.48,1750.42769384169,28,24,13,0.07831120792001492,0.37832592548984983,0.5433628665901353
USR0249,3620.41,3008.76,1317.36,-705.71,83.11,36.39,-19.49,Nunca,En riesgo,ACTIVO,0.8310550462516677,0.36387039037015145,-0.1949254366218191,-705.7100000000003,77,79550.14,1033.1187012987014,349.91,3728.16,1255.7318505916764,34,32,15,0.36387039037015145,0.8310550462516677,-0.1949254366218191
USR0250,3343.56,2485.19,656.82,201.55,74.33,19.64,6.03,Baja,En observación,ACTIVO,0.7432766273074208,0.19644331191903242,0.060280060773546765,201.54999999999984,72,69945.02,971.4586111111112,329.015,3422.63,1168.3008454586738,30,29,10,0.19644331191903242,0.7432766273074208,0.060280060773546765
USR0251,5101.82,3538.65,995.62,567.56,69.36,19.51,11.12,Media,En observación,ACTIVO,0.6936054192425449,0.19514996609053242,0.11124657475175526,567.5499999999996,78,103685.64,1329.303076923077,756.1500000000001,5046.94,1645.1810532853553,29,19,14,0.19514996609053242,0.6936054192425449,0.11124657475175526
USR0252,1807.12,1368.74,285.37,153.0,75.74,15.79,8.47,Baja,En observación,ACTIVO,0.7574151135508433,0.15791425029881803,0.08466510248350968,153.00999999999988,72,38110.32,529.31,211.735,1847.8,648.925318744031,26,25,12,0.15791425029881803,0.7574151135508433,0.08466510248350968
USR0253,6099.77,3432.9,412.14,2254.73,56.28,6.76,36.96,Alta,Saludable,ACTIVO,0.5627917118186423,0.06756648201489564,0.369641806166462,2254.7300000000005,74,114391.94,1545.837027027027,543.79,6099.35,2083.56080502923,34,25,13,0.06756648201489564,0.5627917118186423,0.369641806166462
USR0254,4414.68,3185.93,885.05,343.71,72.17,20.05,7.79,Baja,En observación,ACTIVO,0.7216672556108256,0.2004788569046907,0.07785615265432601,343.7000000000005,78,91207.3,1169.324358974359,582.075,4325.68,1420.4436264348733,23,21,14,0.2004788569046907,0.7216672556108256,0.07785615265432601
USR0255,4464.82,3962.96,971.0,-469.14,88.76,21.75,-10.51,Nunca,En riesgo,ACTIVO,0.8875968124134904,0.21747797223628276,-0.10507478464977311,-469.1400000000003,74,101133.38,1366.6672972972974,506.385,4586.41,1587.5486374784612,33,27,13,0.21747797223628276,0.8875968124134904,-0.10507478464977311
USR0256,4631.36,3290.57,1263.57,77.22,71.05,27.28,1.67,Baja,En observación,ACTIVO,0.7104975644303186,0.27282914737787606,0.01667328819180543,77.21999999999957,72,95063.23,1320.3226388888888,455.8,4766.8,1635.6356576555634,30,30,12,0.27282914737787606,0.7104975644303186,0.01667328819180543
USR0257,5872.28,3316.25,591.07,1964.97,56.47,10.07,33.46,Alta,Saludable,ACTIVO,0.5647295428692093,0.10065426035543265,0.33461789969143163,1964.9599999999996,72,110262.36,1531.4216666666666,421.995,6055.27,2069.5572608107873,28,28,12,0.10065426035543265,0.5647295428692093,0.33461789969143163
USR0258,3200.76,2227.56,275.04,698.16,69.59,8.59,21.81,Alta,En observación,ACTIVO,0.6959472125370224,0.08592959172196603,0.2181231957410115,698.1600000000003,73,65139.88,892.3271232876712,272.87,6350.9,1283.7366460016021,22,26,13,0.08592959172196603,0.6959472125370224,0.2181231957410115
USR0259,5607.23,3739.0,2030.83,-162.6,66.68,36.22,-2.9,Nunca,En observación,ACTIVO,0.6668176621968424,0.36218061324397255,-0.028998275440814805,-162.60000000000036,74,112154.78,1515.605135135135,528.24,5676.5,1900.59122931415,25,29,11,0.36218061324397255,0.6668176621968424,-0.028998275440814805
USR0260,5730.7,3768.71,2883.66,-921.67,65.76,50.32,-16.08,Nunca,En riesgo,ACTIVO,0.6576351929083707,0.5031950721552341,-0.1608302650636048,-921.6700000000001,75,113992.9,1519.9053333333331,475.44,5777.61,2016.0773272200227,28,28,13,0.5031950721552341,0.6576351929083707,-0.1608302650636048
USR0261,5551.68,4234.14,964.95,352.59,76.27,17.38,6.35,Baja,En observación,ACTIVO,0.7626772436451669,0.1738122514265952,0.06351050492823793,352.5899999999999,75,117429.76,1565.7301333333332,671.22,5643.43,1906.4398132988788,28,23,13,0.1738122514265952,0.7626772436451669,0.06351050492823793
USR0262,6283.75,5238.57,1298.43,-253.25,83.37,20.66,-4.03,Nunca,En riesgo,ACTIVO,0.8336693853192758,0.20663298189775214,-0.04030236721702805,-253.24999999999977,77,138267.88,1795.6867532467534,1166.67,6264.41,2074.291504453636,28,20,14,0.20663298189775214,0.8336693853192758,-0.04030236721702805
USR0263,4843.98,2616.64,1807.55,419.79,54.02,37.32,8.67,Baja,En observación,ACTIVO,0.540183898364568,0.3731538941118667,0.08666220752356535,419.78999999999974,72,89527.47,1243.4370833333332,521.28,4927.08,1708.8401250633672,32,22,12,0.3731538941118667,0.540183898364568,0.08666220752356535
USR0264,3935.75,1993.48,483.12,1459.15,50.65,12.28,37.07,Alta,Saludable,ACTIVO,0.5065057485866734,0.12275169916788414,0.37074255224544245,1459.15,75,71150.70999999999,948.6761333333333,250.99,4000.43,1386.9474008624734,31,25,13,0.12275169916788414,0.5065057485866734,0.37074255224544245
USR0265,3518.79,2912.72,1574.26,-968.19,82.78,44.74,-27.51,Nunca,En riesgo,ACTIVO,0.8277618158514716,0.4473867437386147,-0.2751485595900864,-968.1899999999998,75,77178.15,1029.042,458.19,3533.74,1188.0039824667078,31,27,14,0.4473867437386147,0.8277618158514716,-0.2751485595900864
USR0266,2197.65,1261.75,238.47,697.42,57.41,10.85,31.74,Alta,Saludable,ACTIVO,0.5741360089186176,0.10851136441198553,0.3173480763542875,697.4300000000001,74,41512.78,560.9835135135135,221.305,2214.57,736.0875930054298,32,23,13,0.10851136441198553,0.5741360089186176,0.3173480763542875
USR0267,3245.51,2401.07,702.04,142.41,73.98,21.63,4.39,Baja,En observación,ACTIVO,0.7398128491361913,0.21631114986550648,0.04387908217814765,142.4000000000001,72,67758.99,941.0970833333334,300.05499999999995,3579.48,1171.5211785627055,29,29,12,0.21631114986550648,0.7398128491361913,0.04387908217814765
USR0268,4228.42,3852.46,579.65,-203.69,91.11,13.71,-4.82,Nunca,En riesgo,ACTIVO,0.9110873565066857,0.13708430099185984,-0.04817165749854555,-203.68999999999994,72,96970.54,1346.8130555555554,898.36,4357.04,1430.6908275962342,25,21,12,0.13708430099185984,0.9110873565066857,-0.04817165749854555
USR0269,2199.8,1186.12,398.57,615.11,53.92,18.12,27.96,Alta,Saludable,ACTIVO,0.5391944722247476,0.18118465315028637,0.2796208746249659,615.1100000000004,75,40631.020000000004,541.7469333333333,154.37,2282.12,767.8636608200939,28,29,13,0.18118465315028637,0.5391944722247476,0.2796208746249659
USR0270,6419.33,2462.95,124.04,3832.34,38.37,1.93,59.7,Alta,Saludable,ACTIVO,0.3836771127204864,0.019322888837308566,0.5969999984422051,3832.34,74,106587.31,1440.369054054054,306.82,6710.38,2335.3551518475165,31,26,12,0.019322888837308566,0.3836771127204864,0.5969999984422051
USR0271,2229.54,1225.56,405.64,598.33,54.97,18.19,26.84,Alta,Saludable,ACTIVO,0.5496918646895772,0.1819388752836908,0.2683647747965948,598.34,75,41461.21,552.8161333333334,244.98,3173.93,724.4669290400249,29,23,14,0.1819388752836908,0.5496918646895772,0.2683647747965948
USR0272,4727.37,3331.45,1000.0,395.92,70.47,21.15,8.37,Baja,En observación,ACTIVO,0.7047153068196481,0.21153410881737628,0.08375058436297561,395.9200000000001,77,96705.84,1255.9199999999998,368.11,6132.57,1713.1459683407322,25,30,14,0.21153410881737628,0.7047153068196481,0.08375058436297561
USR0273,4029.49,3966.65,527.28,-464.44,98.44,13.09,-11.53,Nunca,En riesgo,ACTIVO,0.9844049743267759,0.1308552695254238,-0.11526024385219967,-464.4400000000003,75,95953.68,1279.3824,583.02,4132.24,1372.3250205368477,27,31,13,0.1308552695254238,0.9844049743267759,-0.11526024385219967
USR0274,4525.38,2763.6,834.95,926.83,61.07,18.45,20.48,Alta,En observación,INACTIVO,0.6106890471076462,0.1845038427712148,0.204807110121139,926.8300000000002,78,87467.70999999999,1121.3808974358974,348.745,4493.85,1487.4820280683916,28,33,14,0.1845038427712148,0.6106890471076462,0.204807110121139
USR0275,1577.9,1134.89,267.39,175.62,71.92,16.95,11.13,Media,En observación,ACTIVO,0.7192407630394829,0.1694594080740224,0.1112998288864947,175.62,73,32553.38,445.93671232876716,62.36,4339.02,759.5193445529562,26,28,13,0.1694594080740224,0.7192407630394829,0.1112998288864947
USR0276,3613.32,2676.08,403.07,534.17,74.06,11.16,14.78,Media,En observación,ACTIVO,0.7406152790231698,0.1115511496352385,0.14783357134159164,534.1700000000003,75,75472.86,1006.3048,275.28,3661.91,1249.1101667720927,27,31,12,0.1115511496352385,0.7406152790231698,0.14783357134159164
USR0277,5223.25,4273.93,1601.49,-652.17,81.83,30.66,-12.49,Nunca,En riesgo,ACTIVO,0.8182510888814436,0.30660795481740294,-0.1248590436988465,-652.1700000000003,72,113966.08,1582.8622222222223,626.605,5332.74,1832.7157791112736,30,26,12,0.30660795481740294,0.8182510888814436,-0.1248590436988465
USR0278,3137.88,1654.68,1207.66,275.54,52.73,38.49,8.78,Baja,En observación,ACTIVO,0.5273241806570041,0.3848649406605734,0.08781087868242253,275.53999999999996,76,57510.66,756.7192105263158,275.45,3151.06,1087.5960018582427,32,21,14,0.3848649406605734,0.5273241806570041,0.08781087868242253
USR0279,4523.16,3252.39,1019.29,251.48,71.91,22.53,5.56,Baja,En observación,INACTIVO,0.7190526092377895,0.22534909222755772,0.055598298534652764,251.48000000000002,75,93306.56,1244.0874666666666,751.44,4505.76,1496.63748043703,26,21,13,0.22534909222755772,0.7190526092377895,0.055598298534652764
USR0280,4463.13,3684.06,1566.94,-787.87,82.54,35.11,-17.65,Nunca,En riesgo,ACTIVO,0.8254431307176802,0.3510854490010374,-0.17652857971871758,-787.8699999999999,72,97766.36,1357.8661111111112,739.4,4579.72,1551.6199751378026,26,25,11,0.3510854490010374,0.8254431307176802,-0.17652857971871758
USR0281,1749.22,1249.74,337.17,162.3,71.45,19.28,9.28,Baja,En observación,ACTIVO,0.714455585918295,0.1927544848561073,0.09278421239180892,162.31,73,35987.5,492.97945205479454,167.67,1786.11,611.5915123831757,31,26,13,0.1927544848561073,0.714455585918295,0.09278421239180892
USR0282,5451.29,3767.36,740.86,943.07,69.11,13.59,17.3,Media,En observación,ACTIVO,0.6910951352799063,0.13590544623382722,0.17299941848626657,943.0699999999998,77,110623.69,1436.6712987012988,735.07,5507.42,1797.551940352234,29,20,14,0.13590544623382722,0.6910951352799063,0.17299941848626657
USR0283,3263.54,2526.91,711.11,25.52,77.43,21.79,0.78,Baja,En riesgo,ACTIVO,0.774284978887956,0.21789529161585272,0.007819729496191252,25.520000000000095,72,69485.4,965.0749999999999,495.88,3360.24,1136.3759533636298,25,24,12,0.21789529161585272,0.774284978887956,0.007819729496191252
USR0284,3079.03,1788.9,328.63,961.5,58.1,10.67,31.23,Alta,Saludable,ACTIVO,0.5809946639038918,0.1067316654920543,0.31227367060405387,961.5000000000001,74,58415.22,789.3948648648649,336.28499999999997,3113.6,1033.0190596250443,29,24,13,0.1067316654920543,0.5809946639038918,0.31227367060405387
USR0285,2991.04,1693.14,222.9,1075.0,56.61,7.45,35.94,Alta,Saludable,ACTIVO,0.5660706643842944,0.07452257408794266,0.3594067615277629,1074.9999999999998,75,56210.26,749.4701333333334,324.23,2946.27,1006.1111941106942,30,21,14,0.07452257408794266,0.5660706643842944,0.3594067615277629
USR0286,3441.05,2466.97,1066.93,-92.85,71.69,31.01,-2.7,Nunca,En observación,ACTIVO,0.7169236134319465,0.31005942953458976,-0.026983042966536374,-92.84999999999968,77,70896.19,920.7297402597403,384.18,3308.03,1089.5548000203114,27,27,14,0.31005942953458976,0.7169236134319465,-0.026983042966536374
USR0287,4463.7,3931.73,1048.35,-516.38,88.08,23.49,-11.57,Nunca,En riesgo,ELIMINADO,0.8808230839886193,0.2348612137912494,-0.11568429777986872,-516.3800000000001,72,100745.15,1399.2381944444444,969.6800000000001,4563.1,1539.2880631060054,27,18,11,0.2348612137912494,0.8808230839886193,-0.11568429777986872
USR0288,6097.01,4244.06,258.77,1594.19,69.61,4.24,26.15,Alta,En observación,ACTIVO,0.696088738578418,0.04244211506951768,0.26147078650026817,1594.1799999999998,72,124092.84,1723.5116666666665,622.1099999999999,6277.45,2135.6459098302435,29,26,11,0.04244211506951768,0.696088738578418,0.26147078650026817
USR0289,1657.1,1150.22,263.06,243.82,69.41,15.87,14.71,Media,En observación,ACTIVO,0.6941162271438055,0.1587472089795426,0.147136563876652,243.81999999999988,73,33687.89,461.47794520547944,158.7,1640.24,551.634060363085,28,30,13,0.1587472089795426,0.6941162271438055,0.147136563876652
USR0290,6397.25,3887.03,2741.54,-231.32,60.76,42.85,-3.62,Nunca,En riesgo,ACTIVO,0.6076095197155028,0.4285497674782133,-0.03615928719371605,-231.32000000000016,73,123411.31,1690.565890410959,868.21,6542.09,2252.0040262606076,26,19,12,0.4285497674782133,0.6076095197155028,-0.03615928719371605
USR0291,4252.01,2456.68,215.66,1579.67,57.78,5.07,37.15,Alta,Saludable,ACTIVO,0.5777691021422808,0.05071954205187664,0.37151135580584244,1579.6700000000003,80,80504.3,1006.30375,323.265,4212.85,1386.8431593921673,31,31,16,0.05071954205187664,0.5777691021422808,0.37151135580584244
USR0292,4957.26,4050.66,1803.68,-897.08,81.71,36.38,-18.1,Nunca,En riesgo,ACTIVO,0.8171167136684377,0.3638461569496052,-0.18096287061804303,-897.0799999999997,74,108095.08,1460.7443243243245,753.4,7124.15,1788.8416623055887,30,21,12,0.3638461569496052,0.8171167136684377,-0.18096287061804303
USR0293,3173.76,2578.45,1083.98,-488.67,81.24,34.15,-15.4,Nunca,En riesgo,ACTIVO,0.8124275307521677,0.3415444141964106,-0.15397194494857833,-488.6699999999996,74,69026.5,932.7905405405405,549.87,3121.82,1073.3509941618338,28,24,12,0.3415444141964106,0.8124275307521677,-0.15397194494857833
USR0294,5065.34,2931.13,865.66,1268.55,57.87,17.09,25.04,Alta,Saludable,ACTIVO,0.5786640186048715,0.17089869584272724,0.2504372855524012,1268.5500000000002,73,95957.7,1314.4890410958903,280.16,5200.36,1836.2485015689858,28,30,12,0.17089869584272724,0.5786640186048715,0.2504372855524012
USR0295,3029.31,1921.04,1118.88,-10.61,63.42,36.94,-0.35,Nunca,En observación,ACTIVO,0.6341510112863985,0.3693514364657299,-0.0035024477521283723,-10.610000000000127,72,59404.19,825.0581944444444,247.66,3105.6,1055.9182475868265,30,29,12,0.3693514364657299,0.6341510112863985,-0.0035024477521283723
USR0296,4154.61,2999.15,875.8,279.66,72.19,21.08,6.73,Baja,En observación,ACTIVO,0.7218848459903577,0.2108019765994883,0.06731317741015404,279.6599999999996,73,85845.06,1175.9597260273972,487.09,4219.97,1412.4283277587856,30,26,13,0.2108019765994883,0.7218848459903577,0.06731317741015404
USR0297,4999.5,2282.02,2806.17,-88.69,45.64,56.13,-1.77,Nunca,En riesgo,ACTIVO,0.45644964496449647,0.5612901290129013,-0.01773977397739774,-88.69000000000005,74,87378.26,1180.7872972972973,348.95,5024.9,1739.5043794408698,31,24,13,0.5612901290129013,0.45644964496449647,-0.01773977397739774
USR0298,4042.33,3050.93,913.93,77.48,75.47,22.61,1.92,Baja,En riesgo,ACTIVO,0.7547454067332454,0.22608990359520376,0.01916716349234229,77.47000000000014,75,85119.12,1134.9216,633.59,3877.15,1296.5493246670962,35,25,13,0.22608990359520376,0.7547454067332454,0.01916716349234229
USR0299,3787.61,2954.02,806.95,26.65,77.99,21.3,0.7,Baja,En riesgo,ACTIVO,0.7799166228835598,0.21304991802218287,0.007036099281605022,26.6400000000001,75,80899.55,1078.6606666666667,373.23,3832.66,1275.8571432467952,35,32,12,0.21304991802218287,0.7799166228835598,0.007036099281605022
USR0300,4485.02,3814.45,531.77,138.81,85.05,11.86,3.09,Baja,En riesgo,ACTIVO,0.8504867313858131,0.11856580349697436,0.0309496947616733,138.80000000000064,75,99593.66,1327.9154666666668,397.88,4540.2,1559.3907857915544,34,32,12,0.11856580349697436,0.8504867313858131,0.0309496947616733
USR0301,3084.92,2428.02,1237.48,-580.58,78.71,40.11,-18.82,Nunca,En riesgo,ACTIVO,0.7870609286464478,0.4011384411913437,-0.1881993698377916,-580.5799999999999,72,66155.3,918.8236111111112,419.935,3184.89,1082.6542727362694,29,25,12,0.4011384411913437,0.7870609286464478,-0.1881993698377916
USR0302,4732.14,3926.03,1045.38,-239.27,82.97,22.09,-5.06,Nunca,En riesgo,ACTIVO,0.8296521235635463,0.2209106239460371,-0.0505627475095834,-239.26999999999998,72,103897.97,1443.027361111111,588.21,4849.18,1648.152108934699,26,26,12,0.2209106239460371,0.8296521235635463,-0.0505627475095834
USR0303,2771.62,1048.99,236.24,1486.39,37.85,8.52,53.63,Alta,Saludable,ACTIVO,0.3784754042761995,0.08523534972326655,0.5362892460005341,1486.3899999999999,72,45847.369999999995,636.7690277777778,118.495,2846.62,995.5638726619935,30,29,12,0.08523534972326655,0.3784754042761995,0.5362892460005341
USR0304,4171.02,2420.71,484.78,1265.53,58.04,11.62,30.34,Alta,Saludable,ACTIVO,0.5803640356555471,0.11622576731830582,0.303410197026147,1265.5300000000004,73,79100.67,1083.5708219178082,346.77,4286.85,1443.4463759117093,28,28,11,0.11622576731830582,0.5803640356555471,0.303410197026147
USR0305,6291.34,5736.76,647.16,-92.58,91.19,10.29,-1.47,Nunca,En riesgo,ACTIVO,0.9118502576557618,0.10286520836578535,-0.014715466021547078,-92.58000000000004,72,144337.2,2004.6833333333334,1378.815,6451.03,2143.535814799174,27,16,12,0.10286520836578535,0.9118502576557618,-0.014715466021547078
USR0306,5241.76,4848.22,555.67,-162.14,92.49,10.6,-3.09,Nunca,En riesgo,ACTIVO,0.9249221635481213,0.10600828729281767,-0.030932358597112415,-162.13,76,121079.74,1593.1544736842106,992.0899999999999,5286.24,1739.4448399941818,27,19,14,0.10600828729281767,0.9249221635481213,-0.030932358597112415
USR0307,3655.57,2187.05,541.23,927.3,59.83,14.81,25.37,Alta,Saludable,ACTIVO,0.5982787909956587,0.1480562538810637,0.25366769067477846,927.29,74,70111.45,947.452027027027,299.235,3672.29,1259.0647755703976,31,31,13,0.1480562538810637,0.5982787909956587,0.25366769067477846
USR0308,4869.12,3426.51,592.51,850.09,70.37,12.17,17.46,Media,En observación,ACTIVO,0.7037226439274449,0.12168728640904311,0.17458801590431125,850.0999999999997,75,99547.56,1327.3008,580.37,4922.08,1631.4936815142655,27,25,12,0.12168728640904311,0.7037226439274449,0.17458801590431125
USR0309,3403.49,1844.24,620.51,938.74,54.19,18.23,27.58,Alta,Saludable,ACTIVO,0.5418673185465508,0.18231579937064601,0.27581688208280325,938.7399999999998,78,62972.7,807.3423076923076,219.67000000000002,3388.31,1143.9994131593298,22,29,15,0.18231579937064601,0.5418673185465508,0.27581688208280325
USR0310,5417.99,3651.27,853.17,913.55,67.39,15.75,16.86,Media,En observación,ACTIVO,0.6739159725285576,0.1574698365999199,0.16861419087152246,913.5499999999998,75,108831.13,1451.0817333333334,560.77,5515.2,1856.0039489876538,26,26,14,0.1574698365999199,0.6739159725285576,0.16861419087152246
USR0311,1631.0,1109.14,392.45,129.41,68.0,24.06,7.93,Baja,En observación,ACTIVO,0.6800367872470877,0.24061925199264253,0.07934396076026977,129.4099999999999,74,32881.659999999996,444.3467567567567,147.215,1611.19,551.8308162216052,32,29,12,0.24061925199264253,0.6800367872470877,0.07934396076026977
USR0312,3212.13,1322.02,22.16,1867.95,41.16,0.69,58.15,Alta,Saludable,ACTIVO,0.41157113815443336,0.006898849050318636,0.581530012795248,1867.95,74,54409.73,735.2666216216217,147.84,3198.78,1105.491200660478,36,32,13,0.006898849050318636,0.41157113815443336,0.581530012795248
USR0313,1979.75,1081.72,134.38,763.65,54.64,6.79,38.57,Alta,Saludable,ACTIVO,0.5463922212400556,0.06787725722944817,0.38573052153049625,763.65,73,36737.59,503.2546575342465,161.03,2024.94,694.0793811691262,30,26,13,0.06787725722944817,0.5463922212400556,0.38573052153049625
USR0314,6177.96,3035.09,89.23,3053.64,49.13,1.44,49.43,Alta,Saludable,ACTIVO,0.49127705585662584,0.014443279011194634,0.4942796651321795,3053.64,73,110556.49,1514.4724657534248,389.67,6294.83,2165.6560060187185,36,32,11,0.014443279011194634,0.49127705585662584,0.4942796651321795
USR0315,4773.29,3537.25,767.32,468.72,74.11,16.08,9.82,Baja,En observación,ACTIVO,0.7410507218291786,0.16075285599659775,0.09819642217422365,468.7199999999999,74,99726.54,1347.6559459459459,547.015,4885.08,1628.0184639144463,28,25,12,0.16075285599659775,0.7410507218291786,0.09819642217422365
USR0316,1996.49,1543.79,220.49,232.22,77.32,11.04,11.63,Media,En observación,ACTIVO,0.7732520573606679,0.11043882012932697,0.11631413130043226,232.21000000000004,77,42483.36,551.731948051948,371.15,1928.43,623.616435544864,27,19,14,0.11043882012932697,0.7732520573606679,0.11631413130043226
USR0317,3100.51,2038.2,184.27,878.03,65.74,5.94,28.32,Alta,En observación,ACTIVO,0.657375722058629,0.059432157935307414,0.2831888947302218,878.0400000000002,72,61664.55,856.4520833333333,487.81,3164.03,1063.7380822191167,27,18,12,0.059432157935307414,0.657375722058629,0.2831888947302218
USR0318,4144.09,2738.31,905.37,500.41,66.08,21.85,12.08,Media,En observación,ACTIVO,0.6607747418613013,0.2184725717829487,0.12075268635575,500.4100000000002,74,82588.75,1116.0641891891892,413.28499999999997,5119.64,1350.8385046373892,31,27,14,0.2184725717829487,0.6607747418613013,0.12075268635575
USR0319,4839.5,4262.77,1573.49,-996.76,88.08,32.51,-20.6,Nunca,En riesgo,ACTIVO,0.8808285979956608,0.3251348279780969,-0.2059634259737576,-996.7600000000004,73,109227.18000000001,1496.2627397260276,604.36,4956.01,1692.3632438137606,29,32,12,0.3251348279780969,0.8808285979956608,-0.2059634259737576
USR0320,4193.72,3681.21,725.34,-212.83,87.78,17.3,-5.07,Nunca,En riesgo,ACTIVO,0.877791078088189,0.17295861430901444,-0.050749692397203436,-212.8299999999998,76,94499.12,1243.4094736842105,423.11,4140.41,1436.8794497538938,26,32,14,0.17295861430901444,0.877791078088189,-0.050749692397203436
USR0321,2721.71,1540.56,1090.68,90.47,56.6,40.07,3.32,Baja,En riesgo,ACTIVO,0.566026505395505,0.4007333624816751,0.03324013212281984,90.47000000000003,77,51147.32,664.2509090909091,261.77,2613.89,862.4980443230025,30,29,15,0.4007333624816751,0.566026505395505,0.03324013212281984
USR0322,6255.32,3187.67,770.67,2296.98,50.96,12.32,36.72,Alta,Saludable,ACTIVO,0.5095934340689205,0.12320233017655371,0.36720423575452577,2296.9799999999996,77,113315.79,1471.6336363636362,638.37,6218.05,2072.8173394490923,27,24,13,0.12320233017655371,0.5095934340689205,0.36720423575452577
USR0323,4886.3,3654.91,933.06,298.32,74.8,19.1,6.11,Baja,En observación,ACTIVO,0.7479913226776906,0.19095430080019646,0.061052329983832344,298.3300000000004,74,102494.54,1385.0613513513513,433.90999999999997,6844.38,1808.7480840241858,27,28,13,0.19095430080019646,0.7479913226776906,0.061052329983832344
USR0324,6321.17,4531.03,1149.44,640.7,71.68,18.18,10.14,Media,En observación,INACTIVO,0.7168024273987252,0.18183975434927396,0.10135781825200083,640.7000000000003,73,130226.35,1783.922602739726,1062.42,6333.76,2178.7378975013057,32,19,11,0.18183975434927396,0.7168024273987252,0.10135781825200083
USR0325,2582.35,1752.52,538.34,291.49,67.87,20.85,11.29,Media,En observación,ACTIVO,0.678653164753035,0.2084690301469592,0.11287780510000582,291.4899999999999,79,52018.43,658.4611392405063,266.46,2519.79,836.2689780146763,25,27,15,0.2084690301469592,0.678653164753035,0.11287780510000582
USR0326,5104.49,2794.71,704.56,1605.22,54.75,13.8,31.45,Alta,Saludable,ACTIVO,0.5475003379377764,0.13802750127828636,0.3144721607839373,1605.2199999999998,75,94790.39,1263.8718666666666,342.86,5211.04,1748.5238612270214,32,31,13,0.13802750127828636,0.5475003379377764,0.3144721607839373
USR0327,2556.82,1358.44,314.97,883.42,53.13,12.32,34.55,Alta,Saludable,ACTIVO,0.5313005999640178,0.12318817906618378,0.3455151320781283,883.4100000000001,72,46983.1,652.5430555555555,200.595,2618.72,908.0613451599131,27,24,11,0.12318817906618378,0.5313005999640178,0.3455151320781283
USR0328,4368.34,1715.69,494.25,2158.4,39.28,11.31,49.41,Alta,Saludable,ACTIVO,0.3927556005256001,0.11314366555716816,0.49410073391723175,2158.4,75,73008.26,973.4434666666666,287.48,4374.04,1492.91543445765,24,27,14,0.11314366555716816,0.3927556005256001,0.49410073391723175
USR0329,6603.13,5396.65,1697.18,-490.7,81.73,25.7,-7.43,Nunca,En riesgo,ACTIVO,0.8172866504218453,0.2570265919344311,-0.0743132423562765,-490.6999999999996,74,143997.41,1945.910945945946,1255.52,6724.21,2206.736453237459,31,18,11,0.2570265919344311,0.8172866504218453,-0.0743132423562765
USR0330,2147.58,1816.45,605.12,-273.99,84.58,28.18,-12.76,Nunca,En riesgo,ACTIVO,0.8458124959256466,0.2817683159649466,-0.12758081189059314,-273.9900000000001,72,47568.33,660.67125,386.025,3015.12,791.488825184142,30,20,12,0.2817683159649466,0.8458124959256466,-0.12758081189059314
USR0331,4369.6,2304.43,1860.7,204.46,52.74,42.58,4.68,Baja,En riesgo,ACTIVO,0.527377792017576,0.425828451116807,0.04679146832662028,204.47000000000048,72,80088.37,1112.3384722222222,369.72,4456.11,1532.650626180486,34,23,10,0.425828451116807,0.527377792017576,0.04679146832662028
USR0332,5739.64,2714.11,206.56,2818.97,47.29,3.6,49.11,Alta,Saludable,ACTIVO,0.4728711208368469,0.035988319824936756,0.49114055933821626,2818.9700000000003,75,101444.99,1352.5998666666667,366.5,5831.26,1999.3824828603704,22,28,13,0.035988319824936756,0.4728711208368469,0.49114055933821626
USR0333,5339.02,4371.29,1925.14,-957.41,81.87,36.06,-17.93,Nunca,En riesgo,ACTIVO,0.8187438893280039,0.36057928234020475,-0.17932317166820874,-957.4099999999996,76,116523.7,1533.2065789473684,526.28,5307.98,1818.3276474772474,33,30,13,0.36057928234020475,0.8187438893280039,-0.17932317166820874
USR0334,5664.18,2973.15,2670.8,20.23,52.49,47.15,0.36,Baja,En riesgo,ACTIVO,0.5249038695804159,0.4715245631318214,0.0035715672877627475,20.230000000000018,75,103648.06,1381.9741333333334,609.07,5712.13,1909.3599896753956,34,19,12,0.4715245631318214,0.5249038695804159,0.0035715672877627475
USR0335,3760.34,2882.05,837.57,40.73,76.64,22.27,1.08,Baja,En riesgo,ACTIVO,0.7664333544307164,0.2227378375359675,0.010831467367312528,40.719999999999914,74,79708.65,1077.1439189189189,645.495,3774.16,1246.8222954021269,28,17,13,0.2227378375359675,0.7664333544307164,0.010831467367312528
USR0336,3896.3,2917.29,1078.78,-99.77,74.87,27.69,-2.56,Nunca,En observación,ACTIVO,0.7487334137515078,0.27687293072915325,-0.02560634448066114,-99.76999999999975,75,81763.17,1090.1756,385.47,3953.57,1318.6364203449364,24,29,14,0.27687293072915325,0.7487334137515078,-0.02560634448066114
USR0337,2823.06,2271.46,710.53,-158.93,80.46,25.17,-5.63,Nunca,En riesgo,ACTIVO,0.8046091829433311,0.2516878847775109,-0.05629706772084193,-158.93000000000006,72,61134.27,849.0870833333333,334.88,2879.48,985.4388365645444,28,30,12,0.2516878847775109,0.8046091829433311,-0.05629706772084193
USR0338,4431.66,3488.76,814.43,128.47,78.72,18.38,2.9,Baja,En riesgo,ACTIVO,0.7872354828664655,0.18377537988022546,0.028989137253309146,128.4699999999997,74,95045.12,1284.3935135135134,458.47,4490.64,1534.0749513957314,32,33,12,0.18377537988022546,0.7872354828664655,0.028989137253309146
USR0339,4444.77,3833.97,1942.2,-1331.4,86.26,43.7,-29.95,Nunca,En riesgo,ACTIVO,0.8625800660101647,0.4369629924608022,-0.299543058470967,-1331.3999999999994,75,99344.94,1324.5992,842.25,4527.51,1506.7089580415307,30,20,13,0.4369629924608022,0.8625800660101647,-0.299543058470967
USR0340,4408.32,3010.22,1220.22,177.88,68.28,27.68,4.04,Baja,En observación,ACTIVO,0.6828497023809523,0.276799324912892,0.04035097270615563,177.87999999999988,75,89022.41,1186.9654666666668,414.94,4475.09,1521.048929456509,21,31,12,0.276799324912892,0.6828497023809523,0.04035097270615563
USR0341,4407.85,2365.79,588.73,1453.33,53.67,13.36,32.97,Alta,Saludable,ACTIVO,0.536721984641038,0.13356398244041878,0.329714032918543,1453.3300000000004,75,81283.73,1083.7830666666666,481.91,4364.74,1468.4028507126404,29,20,14,0.13356398244041878,0.536721984641038,0.329714032918543
USR0342,3775.51,3038.0,1119.89,-382.38,80.47,29.66,-10.13,Nunca,En riesgo,ACTIVO,0.8046595029545677,0.2966195295470016,-0.10127903250156932,-382.3799999999999,78,81762.21,1048.2334615384616,408.21500000000003,3766.96,1268.5761039073475,34,30,15,0.2966195295470016,0.8046595029545677,-0.10127903250156932
USR0343,3852.17,2068.56,403.4,1380.21,53.7,10.47,35.83,Alta,Saludable,ACTIVO,0.536985647050883,0.10472019666837133,0.3582941562807457,1380.21,76,71048.7,934.8513157894737,233.325,3805.41,1334.7173917463745,29,31,14,0.10472019666837133,0.536985647050883,0.3582941562807457
USR0344,4384.94,3094.71,903.51,386.71,70.58,20.6,8.82,Baja,En observación,ACTIVO,0.7057588017167853,0.2060484293969815,0.08819048835331841,386.7199999999996,72,89755.8,1246.6083333333333,696.845,4488.28,1515.7841484650867,27,18,11,0.2060484293969815,0.7057588017167853,0.08819048835331841
USR0345,4605.49,3462.06,1059.65,83.78,75.17,23.01,1.82,Baja,En riesgo,ACTIVO,0.7517245721953582,0.23008409528627793,0.018191332518363953,83.77999999999975,75,96810.5,1290.8066666666666,466.19,4683.8,1575.364348583333,29,31,13,0.23008409528627793,0.7517245721953582,0.018191332518363953
USR0346,1456.55,1101.99,349.02,5.54,75.66,23.96,0.38,Baja,En riesgo,ACTIVO,0.7565754694311901,0.2396210222786722,0.003803508290137654,5.539999999999964,74,30702.52,414.8989189189189,150.10000000000002,1478.43,505.288066409993,27,27,13,0.2396210222786722,0.7565754694311901,0.003803508290137654
USR0347,2609.03,2335.74,295.0,-21.7,89.52,11.31,-0.83,Nunca,En riesgo,ACTIVO,0.8952522585022018,0.11306884167679175,-0.008317267336902986,-21.70999999999958,75,59337.28,791.1637333333333,291.15,4253.94,965.6688404189833,32,32,13,0.11306884167679175,0.8952522585022018,-0.008317267336902986
USR0348,3470.97,2466.11,715.79,289.07,71.05,20.62,8.33,Baja,En observación,ACTIVO,0.7104959132461531,0.2062218918630815,0.08328219489076541,289.0699999999997,74,71244.96,962.7697297297298,277.08,3469.71,1188.633000022459,28,35,12,0.2062218918630815,0.7104959132461531,0.08328219489076541
USR0349,2588.44,2345.25,431.16,-187.97,90.6,16.66,-7.26,Nunca,En riesgo,ACTIVO,0.9060476580488633,0.16657137117337084,-0.07261902922223423,-187.96999999999997,77,59204.25,768.8863636363636,281.72,3355.11,924.4399172698387,26,28,14,0.16657137117337084,0.9060476580488633,-0.07261902922223423
USR0350,1635.7,970.27,160.5,504.93,59.32,9.81,30.87,Alta,Saludable,ACTIVO,0.593183346579446,0.09812312771290578,0.3086935257076481,504.93000000000006,73,31271.63,428.37849315068496,146.08,1641.99,555.2983321244517,30,27,13,0.09812312771290578,0.593183346579446,0.3086935257076481
USR0351,1715.47,1476.17,703.24,-463.94,86.05,40.99,-27.04,Nunca,En riesgo,ACTIVO,0.8605047013354941,0.4099401330247687,-0.2704448343602628,-463.94000000000005,73,38299.73,524.6538356164384,269.08,1937.4,605.254899359743,30,21,13,0.4099401330247687,0.8605047013354941,-0.2704448343602628
USR0352,4941.17,2201.6,285.9,2453.67,44.56,5.79,49.66,Alta,Saludable,ACTIVO,0.4455624882365917,0.057860790055796495,0.49657672170761175,2453.67,75,85713.19,1142.8425333333334,412.35,5078.63,1706.3910703873103,28,24,11,0.057860790055796495,0.4455624882365917,0.49657672170761175
USR0353,2938.82,1491.86,1516.82,-69.85,50.76,51.61,-2.38,Nunca,En riesgo,ACTIVO,0.5076391204633152,0.5161323252189653,-0.023768042956016356,-69.85999999999967,77,53168.14,690.4953246753247,153.66,6534.4,1165.0786530255152,25,28,15,0.5161323252189653,0.5076391204633152,-0.023768042956016356
USR0354,1890.08,1105.75,311.55,472.79,58.5,16.48,25.01,Alta,Saludable,ACTIVO,0.5850281469567425,0.16483429272835012,0.2501428510962499,472.7799999999999,76,35949.92,473.0252631578947,127.82,1885.44,644.7345668505217,36,25,13,0.16483429272835012,0.5850281469567425,0.2501428510962499
USR0355,4266.22,2977.74,1194.22,94.27,69.8,27.99,2.21,Baja,En observación,ACTIVO,0.6979808823736234,0.27992461710835354,0.022096844513409996,94.26000000000045,75,86927.55,1159.034,279.01,4473.66,1512.9119048887326,30,35,13,0.27992461710835354,0.6979808823736234,0.022096844513409996
USR0356,6749.44,3812.45,325.22,2611.77,56.49,4.82,38.7,Alta,Saludable,ACTIVO,0.5648542693912384,0.04818473828939883,0.3869609923193628,2611.7699999999995,75,126742.62,1689.9016,654.95,7300.78,2362.021086952489,36,21,14,0.04818473828939883,0.5648542693912384,0.3869609923193628
USR0357,4977.59,3371.41,537.89,1068.29,67.73,10.81,21.46,Alta,En observación,ACTIVO,0.6773177381021739,0.10806233538720544,0.2146199265106206,1068.2900000000004,73,100187.98999999999,1372.4382191780821,524.22,5084.95,1702.6278608222563,30,27,12,0.10806233538720544,0.6773177381021739,0.2146199265106206
USR0358,6317.46,3951.43,2284.53,81.5,62.55,36.16,1.29,Baja,En observación,ACTIVO,0.625477644496364,0.36162160108651265,0.012900754417123338,81.5,75,123226.73999999999,1643.0231999999999,865.51,6372.39,2155.521343340173,34,17,14,0.36162160108651265,0.625477644496364,0.012900754417123338
USR0359,1729.66,1194.55,236.08,299.03,69.06,13.65,17.29,Media,En observación,ACTIVO,0.6906270596533423,0.13648925222298025,0.17288368812367746,299.0300000000001,72,35090.5,487.36805555555554,161.24,1786.82,599.5519177736195,34,29,10,0.13648925222298025,0.6906270596533423,0.17288368812367746
USR0360,5041.29,1576.21,443.75,3021.33,31.27,8.8,59.93,Alta,Saludable,ACTIVO,0.3126600532800137,0.08802310519728085,0.5993168415227055,3021.33,73,79410.03,1087.8086301369863,211.43,5174.81,1827.3896873890565,31,25,12,0.08802310519728085,0.3126600532800137,0.5993168415227055
USR0361,2750.38,1939.02,752.17,59.18,70.5,27.35,2.15,Baja,En observación,INACTIVO,0.7050007635308575,0.2734785738697925,0.02151702673812346,59.19000000000017,76,56272.8,740.4315789473685,292.96000000000004,2770.09,924.3101955239235,24,30,14,0.2734785738697925,0.7050007635308575,0.02151702673812346
USR0362,6144.42,2541.07,516.11,3087.24,41.36,8.4,50.24,Alta,Saludable,ACTIVO,0.41355734145777795,0.0839965366950827,0.5024461218471393,3087.24,73,104225.9,1427.7520547945205,413.28,6295.45,2177.2389936134705,30,25,12,0.0839965366950827,0.41355734145777795,0.5024461218471393
USR0363,2154.76,1514.58,625.56,14.62,70.29,29.03,0.68,Baja,En observación,ACTIVO,0.7028996268725982,0.2903153947539401,0.006784978373461544,14.620000000000346,75,44032.17,587.0956,350.57,2003.6,661.173720822337,25,20,13,0.2903153947539401,0.7028996268725982,0.006784978373461544
USR0364,4715.93,3512.15,900.88,302.9,74.47,19.1,6.42,Baja,En observación,ACTIVO,0.7447417582534092,0.191029128931091,0.0642291128154998,302.9000000000002,75,98737.05,1316.4940000000001,578.28,4713.89,1572.6644984900024,33,28,13,0.191029128931091,0.7447417582534092,0.0642291128154998
USR0365,4229.1,3664.83,478.48,85.79,86.66,11.31,2.03,Baja,En riesgo,ACTIVO,0.8665744484642122,0.11313991156510841,0.02028563997067934,85.79000000000042,78,94727.26,1214.4520512820511,592.8050000000001,4177.56,1397.5272047509895,25,25,15,0.11313991156510841,0.8665744484642122,0.02028563997067934
USR0366,3924.24,2807.83,1075.95,40.47,71.55,27.42,1.03,Baja,En observación,ACTIVO,0.7155092451022363,0.2741804782582105,0.010312824903675617,40.45999999999981,75,80784.81,1077.1308,349.02,4011.87,1335.1573295609894,27,29,13,0.2741804782582105,0.7155092451022363,0.010312824903675617
USR0367,1870.91,1333.83,426.56,110.53,71.29,22.8,5.91,Baja,En observación,ACTIVO,0.712931140461059,0.2279960019455773,0.05907820258590739,110.52000000000015,72,38456.86,534.1230555555555,174.76999999999998,2388.26,710.779706823982,29,27,12,0.2279960019455773,0.712931140461059,0.05907820258590739
USR0368,1793.94,1371.57,389.08,33.3,76.46,21.69,1.86,Baja,En riesgo,ACTIVO,0.7645573430549516,0.21688573753860216,0.018562493728887252,33.290000000000134,72,37986.15,527.5854166666667,216.11,1825.59,627.7417416016874,30,26,12,0.21688573753860216,0.7645573430549516,0.018562493728887252
USR0369,4122.06,1720.12,453.18,1948.76,41.73,10.99,47.28,Alta,Saludable,ACTIVO,0.41729620626579905,0.1099401755432963,0.4727636181909045,1948.7600000000004,79,70106.2,887.4202531645569,230.4,4066.98,1340.5421171751555,33,33,13,0.1099401755432963,0.41729620626579905,0.4727636181909045
USR0370,2418.79,2115.81,289.25,13.73,87.47,11.96,0.57,Baja,En riesgo,ACTIVO,0.8747390224037639,0.1195845856812704,0.0056763919149657475,13.730000000000018,75,54415.15,725.5353333333334,218.69,2584.94,855.1969505503575,26,32,13,0.1195845856812704,0.8747390224037639,0.0056763919149657475
USR0371,5494.11,3105.08,1177.05,1211.98,56.52,21.42,22.06,Alta,En observación,ACTIVO,0.565165240594018,0.21423852088873357,0.2205962385172485,1211.9799999999998,72,103190.24,1433.197777777778,433.03,5605.5,1927.8703251458824,29,29,12,0.21423852088873357,0.565165240594018,0.2205962385172485
USR0372,3033.69,1649.14,1173.52,211.04,54.36,38.68,6.96,Baja,En observación,ACTIVO,0.5436086086581029,0.3868292409573819,0.06956544670022316,211.02999999999997,72,56193.97,780.4718055555555,235.24,3102.9,1059.6818664737611,32,27,11,0.3868292409573819,0.5436086086581029,0.06956544670022316
USR0373,5077.51,2087.05,128.69,2861.77,41.1,2.53,56.36,Alta,Saludable,ACTIVO,0.4110380875665435,0.025345100255834058,0.5636168121776225,2861.77,75,85974.73,1146.3297333333333,273.36,5180.66,1783.6351231691503,36,30,14,0.025345100255834058,0.4110380875665435,0.5636168121776225
USR0374,5082.95,3460.92,458.9,1163.13,68.09,9.03,22.88,Alta,En observación,ACTIVO,0.6808880669689846,0.09028221800332484,0.22882971502769064,1163.1299999999997,72,102526.45,1423.978472222222,736.615,5190.29,1763.0055843389462,28,22,12,0.09028221800332484,0.6808880669689846,0.22882971502769064
USR0375,5663.54,4793.34,1746.38,-876.18,84.64,30.84,-15.47,Nunca,En riesgo,ACTIVO,0.8463505157551637,0.3083548452028237,-0.1547053609579874,-876.1800000000003,76,125482.56999999999,1651.086447368421,546.59,5594.41,1946.587385180334,28,33,13,0.3083548452028237,0.8463505157551637,-0.1547053609579874
USR0376,3466.9,2369.34,484.31,613.25,68.34,13.97,17.69,Media,En observación,ACTIVO,0.6834174622861923,0.13969540511696327,0.17688713259684444,613.25,74,70034.91,946.4177027027027,500.705,3428.37,1136.5445679158533,32,20,12,0.13969540511696327,0.6834174622861923,0.17688713259684444
USR0377,2671.06,1551.53,465.57,653.95,58.09,17.43,24.48,Alta,Saludable,ACTIVO,0.5808667719931413,0.17430158813354998,0.24482789604127203,653.96,75,50671.12,675.6149333333334,196.26,2643.61,898.3546684632174,31,32,13,0.17430158813354998,0.5808667719931413,0.24482789604127203
USR0378,5800.13,2810.63,578.59,2410.91,48.46,9.98,41.57,Alta,Saludable,ACTIVO,0.4845805180228719,0.09975466067139875,0.41566482130572935,2410.91,73,103329.07,1415.4667123287672,457.03,5844.43,2004.6058011184966,27,27,13,0.09975466067139875,0.4845805180228719,0.41566482130572935
USR0379,3632.07,2469.22,412.6,750.25,67.98,11.36,20.66,Alta,En observación,ACTIVO,0.6798382189770571,0.113599132175316,0.20656264884762682,750.2500000000003,73,73215.53,1002.9524657534247,342.75,3672.38,1243.5031485616448,23,33,13,0.113599132175316,0.6798382189770571,0.20656264884762682
USR0380,5296.11,2941.67,733.99,1620.45,55.54,13.86,30.6,Alta,Saludable,ACTIVO,0.5554397472862158,0.1385903993685932,0.3059698533451911,1620.4499999999996,73,98853.43000000001,1354.1565753424659,387.58,5431.97,1849.1928484140344,33,29,13,0.1385903993685932,0.5554397472862158,0.3059698533451911
USR0381,7006.05,3148.21,373.56,3484.28,44.94,5.33,49.73,Alta,Saludable,ACTIVO,0.4493559138173436,0.05331963089044468,0.49732445529221175,3484.28,75,121851.16,1624.6821333333335,442.49,7142.43,2433.644997688399,24,30,11,0.05331963089044468,0.4493559138173436,0.49732445529221175
USR0382,1965.23,1477.55,797.74,-310.06,75.18,40.59,-15.78,Nunca,En riesgo,ACTIVO,0.7518458399271332,0.40592704161853826,-0.1577728815456715,-310.05999999999995,77,41313.32,536.5366233766234,233.86,2250.29,633.5444538459593,28,28,14,0.40592704161853826,0.7518458399271332,-0.1577728815456715
USR0383,6691.65,2600.24,969.28,3122.12,38.86,14.48,46.66,Alta,Saludable,ACTIVO,0.38857979720995567,0.14484917770654474,0.4665695306837626,3122.13,73,111502.74,1527.434794520548,345.2,6857.0,2360.5963711058444,26,28,12,0.14484917770654474,0.38857979720995567,0.4665695306837626
USR0384,2405.62,1387.5,315.16,702.96,57.68,13.1,29.22,Alta,Saludable,ACTIVO,0.5767743866446072,0.13100988518552392,0.2922157281698689,702.9599999999998,74,45517.49,615.1012162162162,187.54500000000002,2643.84,852.5332637546114,27,27,14,0.13100988518552392,0.5767743866446072,0.2922157281698689
USR0385,2265.28,1024.48,139.63,1101.17,45.23,6.16,48.61,Alta,Saludable,ACTIVO,0.45225314309930775,0.06163917926260771,0.4861076776380845,1101.17,72,39477.1,548.2930555555555,82.885,2301.47,845.649282445383,27,29,11,0.06163917926260771,0.45225314309930775,0.4861076776380845
USR0386,4889.71,2798.03,1910.98,180.7,57.22,39.08,3.7,Baja,En observación,ACTIVO,0.5722282098529361,0.39081663329727123,0.036955156849792725,180.69999999999982,76,92252.98,1213.855,402.175,4929.96,1678.4872719966233,27,29,13,0.39081663329727123,0.5722282098529361,0.036955156849792725
USR0387,3013.73,2226.84,797.02,-10.13,73.89,26.45,-0.34,Nunca,En observación,ACTIVO,0.7388983087403318,0.2644629744535841,-0.0033612831939158453,-10.13000000000011,72,62886.93,873.4295833333333,440.255,3074.32,1037.4633483000841,30,23,11,0.2644629744535841,0.7388983087403318,-0.0033612831939158453
USR0388,3245.48,2164.16,593.47,487.85,66.68,18.29,15.03,Media,En observación,INACTIVO,0.6668227812218839,0.18286047056213564,0.15031674821598037,487.85000000000014,73,64915.729999999996,889.2565753424657,404.32,3308.01,1130.8656478153994,28,20,13,0.18286047056213564,0.6668227812218839,0.15031674821598037
USR0389,3211.62,2057.36,609.53,544.72,64.06,18.98,16.96,Media,En observación,ACTIVO,0.6405988255148493,0.1897889538612912,0.16960910693045878,544.7299999999998,73,63227.77,866.1338356164383,317.47,3256.86,1110.4234955282577,24,27,13,0.1897889538612912,0.6405988255148493,0.16960910693045878
USR0390,6525.5,4564.25,960.31,1000.94,69.94,14.72,15.34,Media,En observación,ACTIVO,0.6994483181365413,0.14716266952723928,0.15338901233621946,1000.94,76,133076.96,1751.0126315789473,626.06,6588.92,2201.570018504896,30,27,14,0.14716266952723928,0.6994483181365413,0.15338901233621946
USR0391,1440.32,649.08,506.58,284.67,45.06,35.17,19.76,Media,En observación,ACTIVO,0.45064985558764725,0.35171350810930907,0.19764357920462122,284.6599999999999,76,25072.82,329.9055263157895,111.08,1334.71,446.5448297506675,26,27,12,0.35171350810930907,0.45064985558764725,0.19764357920462122
USR0392,4268.73,2813.93,770.38,684.42,65.92,18.05,16.03,Media,En observación,ACTIVO,0.6591960606550427,0.18047053807572747,0.16033340126922996,684.4199999999997,79,84991.97,1075.8477215189873,372.64,4227.05,1388.58392534648,30,35,14,0.18047053807572747,0.6591960606550427,0.16033340126922996
USR0393,3643.66,2688.72,612.02,342.92,73.79,16.8,9.41,Baja,En observación,ACTIVO,0.7379173687995038,0.16796847126241196,0.09411415993808424,342.9200000000001,74,75988.61,1026.8731081081082,377.65,3683.43,1227.645812778536,29,32,12,0.16796847126241196,0.7379173687995038,0.09411415993808424
USR0394,2091.8,1382.57,205.37,503.86,66.09,9.82,24.09,Alta,En observación,ACTIVO,0.6609475093221149,0.09817860216081843,0.24087388851706662,503.86000000000024,76,41692.53,548.5859210526315,176.68,2070.68,708.4727367065535,29,27,15,0.09817860216081843,0.6609475093221149,0.24087388851706662
USR0395,6304.38,3267.17,187.22,2850.0,51.82,2.97,45.21,Alta,Saludable,ACTIVO,0.5182381138192812,0.029696813961087372,0.4520666584184329,2849.9900000000002,78,114858.58,1472.5458974358974,428.71000000000004,6282.02,2101.6553882405683,35,33,13,0.029696813961087372,0.5182381138192812,0.4520666584184329
USR0396,3639.03,2764.09,1804.05,-929.12,75.96,49.58,-25.53,Nunca,En riesgo,ACTIVO,0.7595677969129137,0.4957502411356872,-0.25532078603364083,-929.1099999999999,72,76837.43,1067.1865277777777,559.28,3754.88,1245.113002545348,31,21,12,0.4957502411356872,0.7595677969129137,-0.25532078603364083
USR0397,3035.08,1126.78,212.06,1696.24,37.13,6.99,55.89,Alta,Saludable,ACTIVO,0.37125215809797435,0.06986965747196121,0.5588781844300644,1696.24,72,49942.37,693.6440277777779,131.17000000000002,3134.96,1089.3167555853722,30,28,12,0.06986965747196121,0.37125215809797435,0.5588781844300644
USR0398,4447.21,2501.87,423.54,1521.8,56.26,9.52,34.22,Alta,Saludable,ACTIVO,0.5625706903879061,0.09523723862826357,0.3421920709838303,1521.8000000000002,73,83388.99,1142.3149315068495,420.34,4477.52,1533.6801603062518,30,28,13,0.09523723862826357,0.5625706903879061,0.3421920709838303
USR0399,3863.81,2046.43,575.64,1241.73,52.96,14.9,32.14,Alta,Saludable,ACTIVO,0.5296404326299688,0.14898248102261757,0.32137449822843256,1241.7399999999998,77,70922.88,921.0763636363637,324.04,5283.03,1375.0118654061337,30,22,14,0.14898248102261757,0.5296404326299688,0.32137449822843256
USR0400,1246.5,983.78,546.47,-283.75,78.92,43.84,-22.76,Nunca,En riesgo,ACTIVO,0.7892338547934216,0.4384035298836743,-0.22763738467709588,-283.75,72,26763.46,371.71472222222224,142.32999999999998,1268.63,445.8026252836348,26,26,12,0.4384035298836743,0.7892338547934216,-0.22763738467709588
USR0401,4658.05,4287.88,1858.17,-1488.0,92.05,39.89,-31.94,Nunca,En riesgo,ACTIVO,0.9205311235388198,0.39891585534719465,-0.31944697888601453,-1488.0,74,107351.13,1450.690945945946,879.995,4763.37,1607.4880301522169,30,21,13,0.39891585534719465,0.9205311235388198,-0.31944697888601453
USR0402,5834.49,3805.88,461.39,1567.22,65.23,7.91,26.86,Alta,En observación,ACTIVO,0.6523072282238893,0.07907974818707376,0.26861302358903694,1567.2199999999998,72,115684.44,1606.7283333333335,844.4449999999999,5979.98,2010.8724923080347,30,19,12,0.07907974818707376,0.6523072282238893,0.26861302358903694
USR0403,3051.65,2187.18,300.24,564.23,71.67,9.84,18.49,Media,En observación,ACTIVO,0.7167204627005062,0.09838611898481149,0.18489341831468223,564.2300000000002,72,62866.03,873.1393055555556,270.805,3141.63,1098.898011359532,25,29,11,0.09838611898481149,0.7167204627005062,0.18489341831468223
USR0404,3085.97,1609.27,391.42,1085.28,52.15,12.68,35.17,Alta,Saludable,ACTIVO,0.5214794699883667,0.12683856291538803,0.3516819670962453,1085.2799999999997,72,56342.84,782.5394444444444,231.25,3151.43,1098.2328451562396,30,26,11,0.12683856291538803,0.5214794699883667,0.3516819670962453
USR0405,2363.74,2086.16,383.49,-105.92,88.26,16.22,-4.48,Nunca,En riesgo,ACTIVO,0.8825674566576697,0.16223865568971207,-0.04481034293111764,-105.91000000000008,74,53398.8,721.6054054054055,359.725,2339.77,786.7745445669938,26,23,13,0.16223865568971207,0.8825674566576697,-0.04481034293111764
USR0406,3287.42,2126.41,452.42,708.59,64.68,13.76,21.55,Alta,En observación,ACTIVO,0.64683247044795,0.13762159991726033,0.2155459296347896,708.5900000000001,72,64965.979999999996,902.3052777777777,418.515,3349.2,1142.795910361054,32,18,12,0.13762159991726033,0.64683247044795,0.2155459296347896
USR0407,3505.44,2023.83,608.83,872.78,57.73,17.37,24.9,Alta,Saludable,ACTIVO,0.5773397918663563,0.1736814779314437,0.2489787302022,872.7800000000001,74,66351.16,896.6372972972973,231.865,3589.67,1227.4137719012565,22,30,13,0.1736814779314437,0.5773397918663563,0.2489787302022
USR0408,4757.42,3375.4,1126.3,255.71,70.95,23.67,5.38,Baja,En observación,ACTIVO,0.7095022091806064,0.23674596735205214,0.05374972148769711,255.72000000000003,76,97593.86,1284.1297368421053,660.6,4847.96,1607.5939526517868,25,23,14,0.23674596735205214,0.7095022091806064,0.05374972148769711
USR0409,5314.94,3527.34,694.15,1093.45,66.37,13.06,20.57,Alta,En observación,ACTIVO,0.6636650648925483,0.1306035439722744,0.20573139113517747,1093.4499999999994,72,106107.3,1473.7125,700.4849999999999,5401.68,1824.9169197417887,24,25,12,0.1306035439722744,0.6636650648925483,0.20573139113517747
USR0410,1759.0,1329.06,350.29,79.65,75.56,19.91,4.53,Baja,En riesgo,ACTIVO,0.7555770324047754,0.1991415577032405,0.045281409891984085,79.65000000000003,72,37056.73,514.6768055555556,167.345,1823.13,618.7428316633027,32,29,12,0.1991415577032405,0.7555770324047754,0.045281409891984085
USR0411,3370.34,2532.18,875.14,-36.98,75.13,25.97,-1.1,Nunca,En riesgo,ACTIVO,0.751312923918655,0.25965926286368735,-0.010972186782342432,-36.97999999999968,73,70830.29,970.2779452054793,515.69,3437.93,1153.052706380568,31,24,12,0.25965926286368735,0.751312923918655,-0.010972186782342432
USR0412,5463.05,3933.14,1701.24,-171.33,72.0,31.14,-3.14,Nunca,En observación,ACTIVO,0.7199531397296381,0.3114084623058548,-0.03136160203549299,-171.3299999999997,76,112754.35,1483.6098684210526,827.155,5408.49,1800.1566078364724,24,21,14,0.3114084623058548,0.7199531397296381,-0.03136160203549299
USR0413,6130.65,3163.91,2257.52,709.22,51.61,36.82,11.57,Media,En observación,ACTIVO,0.5160806766003605,0.3682350158629183,0.11568430753672124,709.2199999999998,74,111534.75,1507.2263513513512,417.17,6247.06,2101.935590093793,38,30,13,0.3682350158629183,0.5160806766003605,0.11568430753672124
USR0414,6068.65,4388.39,1492.21,188.05,72.31,24.59,3.1,Baja,En observación,ACTIVO,0.7231245828973496,0.24588829476077878,0.030987122341871755,188.04999999999927,72,125484.44,1742.8394444444446,983.04,6216.05,2071.68746514777,32,19,12,0.24588829476077878,0.7231245828973496,0.030987122341871755
USR0415,2661.15,2285.75,379.88,-4.48,85.89,14.28,-0.17,Nunca,En riesgo,ACTIVO,0.8589331679912819,0.14275031471356367,-0.0016834827048456495,-4.4799999999999045,77,59362.84,770.945974025974,270.68,2854.6,908.6544041824467,35,33,14,0.14275031471356367,0.8589331679912819,-0.0016834827048456495
USR0416,2004.49,1543.66,859.31,-398.48,77.01,42.87,-19.88,Nunca,En riesgo,ACTIVO,0.7701011229789124,0.42869258514634645,-0.1987937081252588,-398.48,76,42577.8,560.2342105263158,196.085,4198.21,788.8432498526149,33,24,13,0.42869258514634645,0.7701011229789124,-0.1987937081252588
USR0417,4587.14,4214.98,664.58,-292.42,91.89,14.49,-6.37,Nunca,En riesgo,ACTIVO,0.9188688376635549,0.14487894417872574,-0.0637477818422808,-292.4199999999993,74,105625.38,1427.3700000000001,541.015,4654.37,1606.448256765762,24,28,11,0.14487894417872574,0.9188688376635549,-0.0637477818422808
USR0418,4408.26,3702.03,391.74,314.49,83.98,8.89,7.13,Baja,En observación,ACTIVO,0.839793932299819,0.08886499435151284,0.07134107334866818,314.49,77,97323.48,1263.9412987012986,388.73,4268.27,1467.0758944485374,31,34,15,0.08886499435151284,0.839793932299819,0.07134107334866818
USR0419,3623.22,3134.01,526.95,-37.74,86.5,14.54,-1.04,Nunca,En riesgo,ACTIVO,0.8649792173812245,0.14543693178995482,-0.010416149171179228,-37.740000000000464,72,81086.84,1126.206111111111,729.91,3687.01,1229.689614597705,29,17,12,0.14543693178995482,0.8649792173812245,-0.010416149171179228
USR0420,3308.26,2495.02,566.89,246.35,75.42,17.14,7.45,Baja,En observación,ACTIVO,0.7541789339411049,0.17135593937598614,0.07446512668290883,246.35000000000025,72,69639.3,967.2125000000001,578.625,3384.83,1138.4268793429655,31,20,12,0.17135593937598614,0.7541789339411049,0.07446512668290883
USR0421,3280.94,2229.04,685.15,366.75,67.94,20.88,11.18,Media,En observación,ACTIVO,0.6793906624321079,0.2088273482599499,0.11178198930794224,366.7500000000001,75,66119.77,881.5969333333334,465.36,3331.01,1095.2675748245679,26,24,15,0.2088273482599499,0.6793906624321079,0.11178198930794224
USR0422,2194.46,1894.07,535.6,-235.21,86.31,24.41,-10.72,Nunca,En riesgo,ACTIVO,0.8631143880499075,0.2440691559654767,-0.1071835440153842,-235.20999999999992,76,49062.32,645.5568421052632,330.125,2114.06,706.9375688705202,30,26,14,0.2440691559654767,0.8631143880499075,-0.1071835440153842
USR0423,1981.83,1459.48,677.35,-155.0,73.64,34.18,-7.82,Nunca,En observación,ACTIVO,0.7364304708274676,0.34178007195369936,-0.0782105427811669,-155.0000000000001,73,41295.72,565.6947945205479,222.9,2015.05,678.8751582399408,28,30,12,0.34178007195369936,0.7364304708274676,-0.0782105427811669
USR0424,2786.19,1799.21,493.89,493.09,64.58,17.73,17.7,Media,En observación,ACTIVO,0.6457599804751292,0.1772635749895018,0.17697644453536907,493.09000000000003,75,55024.75,733.6633333333333,382.12,2798.32,934.9003039092187,25,21,14,0.1772635749895018,0.6457599804751292,0.17697644453536907
USR0425,2877.24,1727.52,429.1,720.62,60.04,14.91,25.05,Alta,En observación,ACTIVO,0.600408725028152,0.1491359775340257,0.25045529743782236,720.6199999999998,76,55257.17,727.0680263157894,239.495,2878.28,968.7935548065536,27,28,14,0.1491359775340257,0.600408725028152,0.25045529743782236
USR0426,4685.35,3487.53,1264.54,-66.72,74.43,26.99,-1.42,Nunca,En observación,ACTIVO,0.7443478075277193,0.2698923239459165,-0.014240131473635906,-66.7199999999998,75,98074.5,1307.66,616.75,6627.13,1678.0037441507052,28,22,13,0.2698923239459165,0.7443478075277193,-0.014240131473635906
USR0427,1703.85,1536.1,227.52,-59.77,90.15,13.35,-3.51,Nunca,En riesgo,ACTIVO,0.9015464976377029,0.1335328814156176,-0.035079379053320425,-59.77000000000001,72,38879.340000000004,539.9908333333334,246.20999999999998,2855.92,652.5986083813445,21,25,12,0.1335328814156176,0.9015464976377029,-0.035079379053320425
USR0428,2558.24,1770.8,552.4,235.04,69.22,21.59,9.19,Baja,En observación,ACTIVO,0.692194633810745,0.21592970166989806,0.09187566451935707,235.03999999999985,72,51948.53,721.5073611111111,249.825,2610.3,893.495693158584,29,27,12,0.21592970166989806,0.692194633810745,0.09187566451935707
USR0429,3586.65,2628.69,634.82,323.14,73.29,17.7,9.01,Baja,En observación,ACTIVO,0.73290953954247,0.17699524626043803,0.09009521419709199,323.14,75,74584.0,994.4533333333334,368.72,7010.71,1405.5415278089422,26,24,14,0.17699524626043803,0.73290953954247,0.09009521419709199
USR0430,5836.97,4689.54,844.0,303.43,80.34,14.46,5.2,Baja,En observación,INACTIVO,0.8034202677073893,0.1445955692765253,0.0519841630160854,303.4300000000003,78,126318.09,1619.4626923076924,752.145,5916.86,1932.8585795330387,29,25,14,0.1445955692765253,0.8034202677073893,0.0519841630160854
USR0431,3156.12,2332.02,366.57,457.54,73.89,11.61,14.5,Media,En observación,INACTIVO,0.7388882551994221,0.11614577392494582,0.14496913932296618,457.5299999999999,76,65857.69,866.548552631579,465.16499999999996,3108.37,1022.5102297812041,28,23,13,0.11614577392494582,0.7388882551994221,0.14496913932296618
USR0432,3143.66,1449.8,201.46,1492.4,46.12,6.41,47.47,Alta,Saludable,ACTIVO,0.4611821889135594,0.06408453840428037,0.4747332726821603,1492.3999999999999,75,55121.63,734.9550666666667,228.17,3213.95,1086.9637083443797,24,26,13,0.06408453840428037,0.4611821889135594,0.4747332726821603
USR0433,4759.8,2052.76,205.65,2501.39,43.13,4.32,52.55,Alta,Saludable,ACTIVO,0.4312702214378756,0.043205596873818225,0.5255241816883062,2501.39,75,81750.74,1090.0098666666668,260.9,5886.89,1700.533186443572,27,24,13,0.043205596873818225,0.4312702214378756,0.5255241816883062
USR0434,1523.74,1025.73,88.43,409.58,67.32,5.8,26.88,Alta,En observación,ACTIVO,0.6731660256999226,0.058034835339362364,0.26879913896071506,409.58,72,30593.69,424.91236111111107,100.505,4091.54,691.2594521606115,34,29,12,0.058034835339362364,0.6731660256999226,0.26879913896071506
USR0435,2748.64,1090.38,302.94,1355.31,39.67,11.02,49.31,Alta,Saludable,ACTIVO,0.3966980033762152,0.11021450608300833,0.49308385237790325,1355.3199999999997,72,46068.28,639.8372222222222,186.60500000000002,2804.25,982.9461725683778,25,20,12,0.11021450608300833,0.3966980033762152,0.49308385237790325
USR0436,2526.21,1376.42,399.27,750.52,54.49,15.81,29.71,Alta,Saludable,ACTIVO,0.5448557325004652,0.158050993385348,0.29709327411418684,750.52,73,46831.6,641.5287671232877,167.11,2541.3,904.2894490042465,29,24,12,0.158050993385348,0.5448557325004652,0.29709327411418684
USR0437,4174.02,3649.33,990.44,-465.75,87.43,23.73,-11.16,Nunca,En riesgo,ACTIVO,0.8742962419921322,0.23728683619148924,-0.11158307818362154,-465.74999999999955,75,93880.2,1251.7359999999999,815.74,4251.89,1397.4236432294815,31,17,13,0.23728683619148924,0.8742962419921322,-0.11158307818362154
USR0438,6438.76,3181.66,54.73,3202.37,49.41,0.85,49.74,Alta,Saludable,ACTIVO,0.49414172915281823,0.008500083867079997,0.4973581869801017,3202.3700000000003,75,115444.99,1539.2665333333334,365.85,6570.69,2213.3827408428015,30,32,13,0.008500083867079997,0.49414172915281823,0.4973581869801017
USR0439,4184.09,3451.36,1705.06,-972.33,82.49,40.75,-23.24,Nunca,En riesgo,ACTIVO,0.8248770939439639,0.4075103547007832,-0.2323874486447471,-972.3299999999999,72,91625.44,1272.5755555555556,654.0899999999999,4298.05,1413.415074383835,29,22,12,0.4075103547007832,0.8248770939439639,-0.2323874486447471
USR0440,2297.13,1850.16,440.74,6.22,80.54,19.19,0.27,Baja,En riesgo,ACTIVO,0.8054224184090583,0.19186550173477337,0.002707726597972252,6.230000000000018,75,49767.47,663.5662666666667,358.42,2277.83,778.0436418416375,26,22,14,0.19186550173477337,0.8054224184090583,0.002707726597972252
USR0441,3838.14,2949.3,709.39,179.45,76.84,18.48,4.68,Baja,En riesgo,ACTIVO,0.7684190779909019,0.1848265045047862,0.04675441750431198,179.4499999999997,74,81449.29,1100.666081081081,432.515,3826.58,1286.4238079805684,36,29,11,0.1848265045047862,0.7684190779909019,0.04675441750431198
USR0442,1735.74,1072.3,273.58,389.87,61.78,15.76,22.46,Alta,En observación,ACTIVO,0.6177768559807344,0.15761577194741147,0.22461313330337493,389.86000000000007,75,33696.45,449.28599999999994,148.58,2334.53,614.7154202116178,29,24,14,0.15761577194741147,0.6177768559807344,0.22461313330337493
USR0443,6619.9,5989.87,536.14,93.89,90.48,8.1,1.42,Baja,En riesgo,ACTIVO,0.9048278674904455,0.08098913880874334,0.014182993700811192,93.88999999999976,77,151317.3,1965.1597402597401,1212.87,6612.73,2151.1737756109446,28,21,15,0.08098913880874334,0.9048278674904455,0.014182993700811192
USR0444,3161.42,2816.91,567.89,-223.38,89.1,17.96,-7.07,Nunca,En riesgo,ACTIVO,0.8910268170632184,0.17963130491994103,-0.07065812198315946,-223.37999999999977,73,71739.94,982.738904109589,306.96,3231.88,1114.4450058980049,31,29,13,0.17963130491994103,0.8910268170632184,-0.07065812198315946
USR0445,4788.9,4050.41,1239.76,-501.27,84.58,25.89,-10.47,Nunca,En riesgo,ACTIVO,0.8457913090688886,0.25888199795360106,-0.10467330702248952,-501.2700000000002,74,106071.76,1433.402162162162,795.395,4898.64,1643.5456611793795,28,27,12,0.25888199795360106,0.8457913090688886,-0.10467330702248952
USR0446,1882.04,1338.89,286.23,256.92,71.14,15.21,13.65,Media,En observación,ACTIVO,0.7114035833457313,0.15208497162653292,0.13651144502773588,256.91999999999985,75,38651.19,515.3492,143.76,2475.44,672.5569407397332,35,28,13,0.15208497162653292,0.7114035833457313,0.13651144502773588
USR0447,4526.04,2614.15,512.58,1399.31,57.76,11.33,30.92,Alta,Saludable,ACTIVO,0.5775799595231151,0.11325131903385742,0.3091687214430274,1399.31,77,85682.22,1112.756103896104,534.3,4428.31,1459.43789402773,30,27,15,0.11325131903385742,0.5775799595231151,0.3091687214430274
USR0448,4350.89,2295.29,2163.16,-107.56,52.75,49.72,-2.47,Nunca,En riesgo,ACTIVO,0.5275449390814293,0.497176439762899,-0.0247213788443284,-107.55999999999949,77,79754.08,1035.7672727272727,389.37,4324.02,1439.3516617164425,28,24,14,0.497176439762899,0.5275449390814293,-0.0247213788443284
USR0449,2000.37,1066.58,219.6,714.19,53.32,10.98,35.7,Alta,Saludable,ACTIVO,0.5331913595984743,0.10977969075720992,0.35702894964431586,714.1899999999999,75,36803.34,490.71119999999996,113.79,2011.63,717.5584696544698,32,29,13,0.10977969075720992,0.5331913595984743,0.35702894964431586
USR0450,2821.67,2230.03,460.05,131.59,79.03,16.3,4.66,Baja,En riesgo,ACTIVO,0.7903227521290583,0.1630417447823452,0.04663550308859647,131.58999999999986,73,60620.48,830.4175342465754,291.7,4997.37,1089.3637408378202,25,27,13,0.1630417447823452,0.7903227521290583,0.04663550308859647
USR0451,4988.05,4274.08,2366.43,-1652.46,85.69,47.44,-33.13,Nunca,En riesgo,ACTIVO,0.8568639047323102,0.4744198634737021,-0.33128376820601235,-1652.4599999999996,74,111145.59,1501.9674324324324,1021.7850000000001,5099.5,1692.4535962267882,30,19,14,0.4744198634737021,0.8568639047323102,-0.33128376820601235
USR0452,6779.07,6279.65,1170.81,-671.39,92.63,17.27,-9.9,Nunca,En riesgo,ACTIVO,0.9263291277417108,0.17270953095336086,-0.09903865869507175,-671.3899999999999,76,156704.66,2061.9034210526315,679.715,6852.41,2346.319215924126,34,34,13,0.17270953095336086,0.9263291277417108,-0.09903865869507175
USR0453,3084.7,2010.43,634.6,439.67,65.17,20.57,14.25,Media,En observación,ACTIVO,0.6517424709047882,0.2057250299867086,0.14253249910850327,439.66999999999973,75,61141.57,815.2209333333333,324.71,3131.6,1053.905735598538,27,29,13,0.2057250299867086,0.6517424709047882,0.14253249910850327
USR0454,4235.4,3577.43,1451.7,-793.73,84.46,34.28,-18.74,Nunca,En riesgo,ACTIVO,0.8446498559758229,0.34275393115172126,-0.18740378712754405,-793.7300000000002,74,93753.94,1266.9451351351352,732.315,4326.92,1473.765871934928,31,23,12,0.34275393115172126,0.8446498559758229,-0.18740378712754405
USR0455,3667.9,2523.46,671.45,472.98,68.8,18.31,12.9,Media,En observación,ACTIVO,0.6879849505166444,0.18306115215791052,0.12895117096976472,472.99,75,74296.32,990.6176,394.88,4792.95,1305.241550757519,28,25,13,0.18306115215791052,0.6879849505166444,0.12895117096976472
USR0456,2847.52,1917.17,1159.1,-228.75,67.33,40.71,-8.03,Nunca,En riesgo,ACTIVO,0.6732770972635838,0.40705596448839687,-0.08033306175198067,-228.75,76,57176.21,752.3185526315789,334.565,2831.11,919.7344377760412,29,26,14,0.40705596448839687,0.6732770972635838,-0.08033306175198067
USR0457,2090.19,1649.39,984.54,-543.74,78.91,47.1,-26.01,Nunca,En riesgo,ACTIVO,0.7891100809017363,0.47102894952133534,-0.26013903042307157,-543.74,79,44874.91,568.0368354430381,264.69,2015.24,662.8017109047914,34,28,14,0.47102894952133534,0.7891100809017363,-0.26013903042307157
USR0458,5864.94,5012.83,2598.16,-1746.06,85.47,44.3,-29.77,Nunca,En riesgo,ACTIVO,0.8547112161420236,0.4429985643501894,-0.297711485539494,-1746.0500000000002,73,130533.20999999999,1788.1261643835614,1205.6,5952.96,2005.6473279118852,37,15,12,0.4429985643501894,0.8547112161420236,-0.297711485539494
USR0459,4172.87,2358.88,1552.9,261.09,56.53,37.21,6.26,Baja,En observación,ACTIVO,0.5652895968482125,0.3721419550573107,0.06256844809447694,261.0899999999997,72,78380.98999999999,1088.624861111111,470.41499999999996,4301.89,1480.865265829686,32,21,12,0.3721419550573107,0.5652895968482125,0.06256844809447694
USR0460,5005.57,2825.71,1005.41,1174.46,56.45,20.09,23.46,Alta,En observación,INACTIVO,0.5645131323705392,0.20085824391627727,0.23463062148766275,1174.4499999999998,73,93975.38,1287.3339726027398,540.44,5121.32,1721.310533629133,32,25,13,0.20085824391627727,0.5645131323705392,0.23463062148766275
USR0461,4281.12,3219.19,1936.19,-874.26,75.2,45.23,-20.42,Nunca,En riesgo,ACTIVO,0.751950424188063,0.45226249205815305,-0.20421291624621596,-874.2600000000002,77,90003.71,1168.8793506493507,433.38,4213.03,1430.3182245352714,27,31,13,0.45226249205815305,0.751950424188063,-0.20421291624621596
USR0462,1815.42,972.82,204.88,637.72,53.59,11.29,35.13,Alta,Saludable,ACTIVO,0.5358649789029536,0.1128554273942118,0.3512795937028346,637.72,77,33458.8,434.5298701298702,121.29,2095.79,644.4489950143324,27,26,14,0.1128554273942118,0.5358649789029536,0.3512795937028346
USR0463,1645.88,1221.51,319.47,104.9,74.22,19.41,6.37,Baja,En observación,ACTIVO,0.7421622475514618,0.1941028507546115,0.06373490169392665,104.90000000000009,74,34408.770000000004,464.98337837837846,183.64999999999998,1649.43,555.9179797176575,28,26,13,0.1941028507546115,0.7421622475514618,0.06373490169392665
USR0464,5743.55,3682.3,706.82,1354.43,64.11,12.31,23.58,Alta,En observación,ACTIVO,0.6411191684585318,0.12306326226810944,0.2358175692733588,1354.4299999999998,75,113110.12,1508.1349333333333,660.86,5806.62,1932.0876391622899,24,26,14,0.12306326226810944,0.6411191684585318,0.2358175692733588
USR0465,1938.58,801.72,86.5,1050.36,41.36,4.46,54.18,Alta,Saludable,ACTIVO,0.4135604411476442,0.04462028907757225,0.5418192697747836,1050.36,75,32883.62,438.4482666666667,121.54,1917.11,650.9247232318976,31,29,12,0.04462028907757225,0.4135604411476442,0.5418192697747836
USR0466,3816.87,2508.66,466.55,841.66,65.73,12.22,22.05,Alta,En observación,ACTIVO,0.6572558143190624,0.12223366266076655,0.22051052302017096,841.6600000000001,73,75906.29,1039.8121917808219,367.3,3913.19,1321.171840170316,26,27,12,0.12223366266076655,0.6572558143190624,0.22051052302017096
USR0467,3890.28,2912.62,1761.14,-783.48,74.87,45.27,-20.14,Nunca,En riesgo,ACTIVO,0.74869161088662,0.4527026332294848,-0.20139424411610474,-783.4799999999998,72,81634.81,1133.8168055555554,496.33500000000004,10570.1,1759.8042677827991,28,23,12,0.4527026332294848,0.74869161088662,-0.20139424411610474
USR0468,3694.91,1605.9,265.04,1823.96,43.46,7.17,49.36,Alta,Saludable,ACTIVO,0.43462492997123076,0.0717311111772682,0.4936412524256342,1823.9699999999998,75,63609.69,848.1292000000001,217.79,3770.45,1305.0479955705055,29,25,13,0.0717311111772682,0.43462492997123076,0.4936412524256342
USR0469,5951.05,2696.41,694.05,2560.59,45.31,11.66,43.03,Alta,Saludable,INACTIVO,0.4530981927559002,0.11662647768040933,0.43027532956369047,2560.59,73,103769.45,1421.4993150684932,384.05,5940.22,2053.24327533656,26,29,12,0.11662647768040933,0.4530981927559002,0.43027532956369047
USR0470,4609.8,4330.05,523.44,-243.69,93.93,11.35,-5.29,Nunca,En riesgo,ACTIVO,0.9393140700247299,0.11354939476766888,-0.0528634647923988,-243.69000000000005,73,107278.13,1469.5634246575344,1019.72,5425.0,1610.929209643045,31,16,13,0.11354939476766888,0.9393140700247299,-0.0528634647923988
USR0471,5410.78,3473.19,381.93,1555.65,64.19,7.06,28.75,Alta,En observación,ACTIVO,0.6419019069339357,0.07058686547965358,0.2875093794240387,1555.6599999999996,72,106607.67,1480.6620833333334,477.79499999999996,5502.95,1883.8491068905225,25,30,12,0.07058686547965358,0.6419019069339357,0.2875093794240387
USR0472,4187.7,3128.52,882.68,176.5,74.71,21.08,4.21,Baja,En observación,ACTIVO,0.7470735726054876,0.2107791866657115,0.042147240728801015,176.4999999999999,74,87794.70999999999,1186.415,389.15,4257.98,1442.7089468719068,25,28,13,0.2107791866657115,0.7470735726054876,0.042147240728801015
USR0473,2159.73,1304.06,178.5,677.18,60.38,8.26,31.35,Alta,En observación,ACTIVO,0.6038069573511503,0.08264922004139406,0.3135484528158612,677.1700000000001,72,41565.47,577.2981944444444,229.54000000000002,2216.95,758.0412660778934,29,22,12,0.08264922004139406,0.6038069573511503,0.3135484528158612
USR0474,6990.05,3538.49,347.12,3104.45,50.62,4.97,44.41,Alta,Saludable,ACTIVO,0.5062181243338746,0.04965915837511892,0.44412414789593774,3104.4400000000005,78,126342.42,1619.7746153846153,430.74,8735.43,2465.7387138762883,26,25,15,0.04965915837511892,0.5062181243338746,0.44412414789593774
USR0475,5250.18,2147.26,684.42,2418.49,40.9,13.04,46.07,Alta,Saludable,ACTIVO,0.4089878823202252,0.13036124475732258,0.4606489682258512,2418.5,74,88769.25,1199.5844594594594,300.57,5331.88,1817.6449793387756,27,26,13,0.13036124475732258,0.4089878823202252,0.4606489682258512
USR0476,6072.95,5674.86,720.22,-322.13,93.44,11.86,-5.3,Nunca,En riesgo,ACTIVO,0.9344486616883063,0.11859475213858175,-0.05304341382688808,-322.1299999999999,72,140973.72,1957.9683333333332,1585.9850000000001,6167.55,2051.600775825798,23,14,11,0.11859475213858175,0.9344486616883063,-0.05304341382688808
USR0477,3145.23,2349.18,899.42,-103.37,74.69,28.6,-3.29,Nunca,En observación,ACTIVO,0.7469024522848885,0.2859631887016212,-0.03286564098650973,-103.36999999999978,72,65932.89,915.7345833333334,393.84,3253.81,1095.4227193175277,28,29,12,0.2859631887016212,0.7469024522848885,-0.03286564098650973
USR0478,4466.01,2944.95,939.28,581.78,65.94,21.03,13.03,Media,En observación,ACTIVO,0.6594141078949666,0.2103174869738312,0.1302684051312021,581.7800000000004,75,88931.53,1185.7537333333332,655.05,4438.87,1470.5456089214997,29,20,14,0.2103174869738312,0.6594141078949666,0.1302684051312021
USR0479,3525.47,2935.92,1290.88,-701.33,83.28,36.62,-19.89,Nunca,En riesgo,ACTIVO,0.8327740698403334,0.3661582710957688,-0.19893234093610215,-701.3300000000004,73,77536.7,1062.1465753424657,355.69,5772.86,1341.6780861214013,33,28,13,0.3661582710957688,0.8327740698403334,-0.19893234093610215
USR0480,3134.21,2108.36,674.29,351.56,67.27,21.51,11.22,Media,En observación,ACTIVO,0.6726926402506533,0.21513874309634642,0.11216861665300028,351.55999999999995,73,62910.82,861.7920547945206,336.4,3200.32,1079.268844641489,24,24,12,0.21513874309634642,0.6726926402506533,0.11216861665300028
USR0481,4327.27,3948.62,465.6,-86.94,91.25,10.76,-2.01,Nunca,En riesgo,ACTIVO,0.912496793590416,0.10759670646851248,-0.020091189133102393,-86.94999999999948,74,99310.69,1342.0363513513514,850.1600000000001,5792.51,1551.2652727658299,29,20,14,0.10759670646851248,0.912496793590416,-0.020091189133102393
USR0482,3571.8,2551.22,244.11,776.47,71.43,6.83,21.74,Alta,En observación,ACTIVO,0.7142673161991152,0.06834369225600538,0.21738899154487934,776.4700000000004,73,73476.17,1006.5228767123288,425.82,3672.19,1228.7328455392112,26,22,11,0.06834369225600538,0.7142673161991152,0.21738899154487934
USR0483,2707.58,1107.55,377.82,1222.21,40.91,13.95,45.14,Alta,Saludable,ACTIVO,0.4090553187717445,0.13954158325885108,0.4514030979694044,1222.21,75,45781.6,610.4213333333333,137.94,2685.73,910.764973126368,27,26,13,0.13954158325885108,0.4090553187717445,0.4514030979694044
USR0484,2924.11,2124.61,1151.69,-352.19,72.66,39.39,-12.04,Nunca,En observación,ACTIVO,0.7265834732619498,0.3938600121062477,-0.1204434853681975,-352.19000000000005,77,60584.65,786.8136363636364,319.6,2864.38,990.9384697982397,31,25,14,0.3938600121062477,0.7265834732619498,-0.1204434853681975
USR0485,5917.85,3986.45,431.33,1500.07,67.36,7.29,25.35,Alta,En observación,ACTIVO,0.6736314708889207,0.07288626781685915,0.25348226129422,1500.0700000000006,74,118851.55,1606.1020270270271,520.815,11813.87,2370.688068427866,26,23,13,0.07288626781685915,0.6736314708889207,0.25348226129422
USR0486,2031.94,1146.61,85.43,799.9,56.43,4.2,39.37,Alta,Saludable,ACTIVO,0.5642932370050296,0.04204356427847279,0.3936631987164975,799.9000000000001,73,38142.53,522.5004109589041,124.06,2046.38,717.6104866333948,30,27,12,0.04204356427847279,0.5642932370050296,0.3936631987164975
USR0487,2721.78,1000.85,289.83,1431.1,36.77,10.65,52.58,Alta,Saludable,ACTIVO,0.367718919236676,0.10648546171990388,0.5257956190434201,1431.1000000000004,79,44671.56,565.4627848101265,122.05,2680.9,936.9888738467806,27,23,15,0.10648546171990388,0.367718919236676,0.5257956190434201
USR0488,4977.23,3794.3,865.56,317.37,76.23,17.39,6.38,Baja,En observación,ACTIVO,0.7623316583722273,0.17390395862759006,0.06376438300018283,317.36999999999944,74,105258.31,1422.4095945945946,848.25,4903.34,1649.1985265713279,27,21,13,0.17390395862759006,0.7623316583722273,0.06376438300018283
USR0489,3492.18,2956.1,557.64,-21.56,84.65,15.97,-0.62,Nunca,En riesgo,ACTIVO,0.846491303426513,0.1596824905932684,-0.00617379401978134,-21.56000000000006,72,77379.31,1074.712638888889,662.61,3553.42,1182.5494171718578,29,19,12,0.1596824905932684,0.846491303426513,-0.00617379401978134
USR0490,6521.44,2464.88,729.42,3327.14,37.8,11.18,51.02,Alta,Saludable,ACTIVO,0.3779656026889767,0.11184953016511691,0.5101848671459064,3327.1399999999994,78,107835.91,1382.5116666666668,458.54,6530.49,2183.2732255250576,35,25,14,0.11184953016511691,0.3779656026889767,0.5101848671459064
USR0491,2971.98,1962.88,155.7,853.4,66.05,5.24,28.71,Alta,En observación,ACTIVO,0.6604620488697771,0.052389316213433464,0.2871486349167895,853.3999999999999,74,59218.32,800.2475675675676,301.05,3226.34,1061.468365661856,25,24,14,0.052389316213433464,0.6604620488697771,0.2871486349167895
USR0492,2085.11,1805.97,136.36,142.77,86.61,6.54,6.85,Baja,En observación,ACTIVO,0.8661269669226084,0.06539702941331632,0.06847120775402736,142.7800000000001,72,46692.93,648.5129166666667,274.59000000000003,2125.38,758.4100269484048,27,26,11,0.06539702941331632,0.8661269669226084,0.06847120775402736
USR0493,2136.99,1453.0,417.92,266.07,67.99,19.56,12.45,Media,En observación,ACTIVO,0.6799283103804885,0.19556478972760755,0.12450689989190404,266.06999999999977,72,43079.82,598.3308333333333,258.105,2184.41,743.9470077386153,27,25,12,0.19556478972760755,0.6799283103804885,0.12450689989190404
USR0494,1828.68,1304.93,477.14,46.61,71.36,26.09,2.55,Baja,En observación,INACTIVO,0.7135912242710589,0.2609204453485574,0.025488330380383662,46.610000000000014,72,37603.24,522.2672222222222,268.83,1877.69,630.2135127735013,23,19,12,0.2609204453485574,0.7135912242710589,0.025488330380383662
USR0495,1802.69,1463.99,560.22,-221.52,81.21,31.08,-12.29,Nunca,En riesgo,ACTIVO,0.8121141183453616,0.31076890646755684,-0.12288302481291848,-221.51999999999998,76,39200.13,515.7911842105262,278.23,1711.12,568.5470034440825,25,22,14,0.31076890646755684,0.8121141183453616,-0.12288302481291848
USR0496,5123.6,4919.32,539.47,-335.18,96.01,10.53,-6.54,Nunca,En riesgo,ELIMINADO,0.9601295963775469,0.10529120149894605,-0.06541884612381918,-335.1899999999994,72,120515.02,1673.8197222222223,1272.655,5271.67,1743.7059215013276,23,15,12,0.10529120149894605,0.9601295963775469,-0.06541884612381918
USR0497,4265.29,1810.84,556.7,1897.74,42.46,13.05,44.49,Alta,Saludable,ACTIVO,0.42455260955292606,0.13051867516628413,0.4449263707743202,1897.7499999999998,78,72913.58,934.7894871794872,250.33,4044.38,1359.0729438743022,22,32,15,0.13051867516628413,0.42455260955292606,0.4449263707743202
USR0498,5496.86,3071.12,1015.52,1410.22,55.87,18.47,25.65,Alta,Saludable,ACTIVO,0.558704423980236,0.18474547286996576,0.25655010314979826,1410.2199999999998,76,102815.78,1352.8392105263158,421.79499999999996,5521.86,1861.3128061600416,30,30,15,0.18474547286996576,0.558704423980236,0.25655010314979826
USR0499,3883.67,3092.75,977.63,-186.71,79.63,25.17,-4.81,Nunca,En riesgo,ACTIVO,0.7963472694641923,0.2517283909291984,-0.04807566039339079,-186.70999999999992,77,83717.04,1087.2342857142855,394.5,4473.82,1312.5830109933984,28,30,15,0.2517283909291984,0.7963472694641923,-0.04807566039339079
USR0500,4635.59,2841.06,829.91,964.62,61.29,17.9,20.81,Alta,En observación,ACTIVO,0.6128799138836696,0.17903006952728778,0.2080900165890426,964.6200000000002,75,89719.88,1196.2650666666668,505.87,4667.82,1584.656194967747,22,27,15,0.17903006952728778,0.6128799138836696,0.2080900165890426
USR0501,1540.29,862.8,262.36,415.13,56.02,17.03,26.95,Alta,Saludable,ACTIVO,0.5601542566659525,0.17033156093982305,0.2695141823942245,415.13,72,28837.1,400.5152777777778,124.22,1580.41,545.0244348675926,31,26,12,0.17033156093982305,0.5601542566659525,0.2695141823942245
USR0502,4928.25,3181.62,1037.91,708.73,64.56,21.06,14.38,Media,En observación,ACTIVO,0.6455881905341653,0.21060416983716332,0.14380966874651246,708.72,74,97318.47,1315.1144594594596,558.345,4987.5,1685.2590022683212,33,27,14,0.21060416983716332,0.6455881905341653,0.14380966874651246
USR0503,4372.87,3628.62,2082.1,-1337.85,82.98,47.61,-30.59,Nunca,En riesgo,ACTIVO,0.8298028525888033,0.47614038377541523,-0.30594323636421844,-1337.85,75,96017.94,1280.2392,873.09,4303.89,1424.022131420375,31,15,13,0.47614038377541523,0.8298028525888033,-0.30594323636421844
USR0504,4816.92,3595.72,1016.24,204.95,74.65,21.1,4.25,Baja,En observación,INACTIVO,0.74647700190163,0.21097298688788688,0.04254793519510392,204.96000000000026,72,100951.65,1402.1062499999998,645.885,4956.15,1672.660121910426,32,23,12,0.21097298688788688,0.74647700190163,0.04254793519510392
USR0505,4195.37,2720.59,700.39,774.4,64.85,16.69,18.46,Media,En observación,ACTIVO,0.648474389624753,0.16694355920931886,0.1845844347459223,774.3899999999998,77,82991.48,1077.8114285714285,363.39,4219.67,1411.8897377047863,26,28,15,0.16694355920931886,0.648474389624753,0.1845844347459223
USR0506,2738.03,1573.14,391.11,773.78,57.46,14.28,28.26,Alta,Saludable,ACTIVO,0.5745517762771043,0.1428435773165378,0.28260464640635785,773.7800000000001,72,51733.96,718.5272222222222,226.85,2791.66,979.066959050734,30,24,10,0.1428435773165378,0.5745517762771043,0.28260464640635785
USR0507,4188.53,3104.58,1560.27,-476.32,74.12,37.25,-11.37,Nunca,En observación,ACTIVO,0.74120992329051,0.3725101646639752,-0.11372008795448522,-476.32000000000016,74,87517.28,1182.6659459459459,629.0799999999999,4272.24,1413.6259165830945,37,23,14,0.3725101646639752,0.74120992329051,-0.11372008795448522
USR0508,2699.26,760.6,275.2,1663.45,28.18,10.2,61.63,Alta,Saludable,ACTIVO,0.2817809325518846,0.10195386883812599,0.6162614938909182,1663.4600000000003,80,41518.32,518.979,122.18,2590.06,873.6744831676313,25,26,14,0.10195386883812599,0.2817809325518846,0.6162614938909182
USR0509,3410.77,1737.06,1237.04,436.68,50.93,36.27,12.8,Media,En observación,ACTIVO,0.5092867592948219,0.36268643150960045,0.12802974108485768,436.6700000000001,75,61773.93,823.6524000000001,267.31,3393.44,1181.8521668914661,30,26,14,0.36268643150960045,0.5092867592948219,0.12802974108485768
USR0510,5856.59,3748.94,512.94,1594.71,64.01,8.76,27.23,Alta,En observación,ACTIVO,0.6401233482282352,0.08758338896866608,0.27229326280309873,1594.71,72,115266.34,1600.921388888889,901.9100000000001,6036.02,2035.9087398466459,30,18,12,0.08758338896866608,0.6401233482282352,0.27229326280309873
USR0511,4134.8,4003.67,144.71,-13.58,96.83,3.5,-0.33,Nunca,En riesgo,ACTIVO,0.9682862532649704,0.03499806520267002,-0.0032843184676405145,-13.579999999999899,75,97661.61,1302.1548,805.1,4106.75,1377.736400741448,35,23,13,0.03499806520267002,0.9682862532649704,-0.0032843184676405145
USR0512,6198.92,3433.42,538.66,2226.84,55.39,8.69,35.92,Alta,Saludable,ACTIVO,0.5538739006149458,0.08689578184586992,0.3592303175391843,2226.84,74,115588.12,1562.0016216216216,454.325,6281.73,2121.9914407119713,29,33,12,0.08689578184586992,0.5538739006149458,0.3592303175391843
USR0513,2850.73,1342.41,1196.12,312.2,47.09,41.96,10.95,Media,En riesgo,ACTIVO,0.4709004360286664,0.41958375573975787,0.10951580823157576,312.20000000000005,78,50317.61,645.0975641025641,212.595,2640.19,903.2175674159546,28,26,14,0.41958375573975787,0.4709004360286664,0.10951580823157576
USR0514,4996.75,4104.95,1256.69,-364.89,82.15,25.15,-7.3,Nunca,En riesgo,ACTIVO,0.821523990593886,0.2515014759593736,-0.07302546655325962,-364.8899999999999,75,109220.41,1456.2721333333334,552.2,5068.47,1690.3609810207845,26,27,12,0.2515014759593736,0.821523990593886,-0.07302546655325962
USR0515,6176.28,5652.86,1068.43,-545.02,91.53,17.3,-8.82,Nunca,En riesgo,ACTIVO,0.9152531944795249,0.17298924271568,-0.08824405629278466,-545.01,76,141949.65,1867.7585526315788,865.395,6246.79,2119.091387332916,37,32,14,0.17298924271568,0.9152531944795249,-0.08824405629278466
USR0516,3568.01,2084.58,439.0,1044.43,58.42,12.3,29.27,Alta,Saludable,ACTIVO,0.5842416360940692,0.123037771755124,0.29272059215080676,1044.4300000000003,73,67831.12,929.1934246575341,451.32,3649.57,1216.5315907920574,32,21,12,0.123037771755124,0.5842416360940692,0.29272059215080676
USR0517,2585.06,1440.2,1326.35,-181.49,55.71,51.31,-7.02,Nunca,En riesgo,ACTIVO,0.5571243994336689,0.5130828684827431,-0.070207267916412,-181.49,75,48303.05,644.0406666666667,276.22,2611.25,869.5871416155273,22,25,14,0.5130828684827431,0.5571243994336689,-0.070207267916412
USR0518,5026.37,2848.42,681.95,1496.0,56.67,13.57,29.76,Alta,Saludable,ACTIVO,0.5666952492554269,0.13567445293521965,0.29763029780935346,1495.9999999999998,74,94497.58,1276.9943243243245,360.075,5048.31,1736.3875698908507,28,31,13,0.13567445293521965,0.5666952492554269,0.29763029780935346
USR0519,5157.41,3265.33,217.4,1674.68,63.31,4.22,32.47,Alta,En observación,ACTIVO,0.6331336853187938,0.04215294110803679,0.3247133735731695,1674.6799999999998,75,101072.96,1347.6394666666667,711.75,5206.5,1723.3408405108623,32,21,13,0.04215294110803679,0.6331336853187938,0.3247133735731695
USR0520,5088.22,4092.17,1206.66,-210.61,80.42,23.71,-4.14,Nunca,En riesgo,ACTIVO,0.804243920270743,0.23714776483721223,-0.04139168510795524,-210.6099999999999,76,110164.59,1449.5340789473685,551.365,5119.38,1717.0291599660752,30,30,14,0.23714776483721223,0.804243920270743,-0.04139168510795524
USR0521,2394.86,1820.24,424.87,149.75,76.01,17.74,6.25,Baja,En observación,ACTIVO,0.7600611309220581,0.17740911786075178,0.06252975121719015,149.7500000000001,73,50581.11,692.8919178082192,271.1,2437.51,817.7455153018394,29,27,13,0.17740911786075178,0.7600611309220581,0.06252975121719015
USR0522,2064.51,1142.09,356.09,566.33,55.32,17.25,27.43,Alta,Saludable,INACTIVO,0.5532014860669117,0.1724816058047672,0.274316908128321,566.3300000000004,75,38479.229999999996,513.0563999999999,148.92,2031.4,697.9139081376728,25,27,13,0.1724816058047672,0.5532014860669117,0.274316908128321
USR0523,4442.19,3994.51,1839.2,-1391.52,89.92,41.4,-31.33,Nunca,En riesgo,ACTIVO,0.8992208797912743,0.41403001672598433,-0.3132508965172584,-1391.5200000000007,72,101240.43,1406.1170833333333,720.69,4561.27,1545.2648412629749,25,25,11,0.41403001672598433,0.8992208797912743,-0.3132508965172584
USR0524,6182.07,4534.15,1193.31,454.61,73.34,19.3,7.35,Baja,En observación,ACTIVO,0.7334355644630358,0.1930275781413022,0.07353685739566197,454.6100000000001,75,128594.6,1714.5946666666669,585.78,6278.88,2107.08674042092,33,31,13,0.1930275781413022,0.7334355644630358,0.07353685739566197
USR0525,3748.17,3066.09,617.86,64.22,81.8,16.48,1.71,Baja,En riesgo,ACTIVO,0.8180231953193159,0.16484311010439762,0.01713369457628656,64.21999999999991,73,81771.05,1120.1513698630138,602.17,3836.44,1324.9563554335114,25,22,13,0.16484311010439762,0.8180231953193159,0.01713369457628656
USR0526,3554.71,2442.16,602.31,510.24,68.7,16.94,14.35,Media,En observación,ACTIVO,0.6870208821535371,0.1694399824458254,0.14353913540063745,510.24000000000024,72,71962.55,999.4798611111112,327.55,3635.98,1251.8154399274783,26,32,12,0.1694399824458254,0.6870208821535371,0.14353913540063745
USR0527,2788.1,2541.45,495.29,-248.64,91.15,17.76,-8.92,Nunca,En riesgo,INACTIVO,0.9115347369176141,0.17764427387826837,-0.0891790107958825,-248.63999999999993,73,63954.61,876.0905479452055,402.57,2841.72,970.6824847696513,29,29,12,0.17764427387826837,0.9115347369176141,-0.0891790107958825
USR0528,4127.32,2914.36,844.73,368.23,70.61,20.47,8.92,Baja,En observación,ACTIVO,0.7061143793066688,0.20466792010311777,0.08921770059021351,368.22999999999956,72,84500.13,1173.6129166666667,478.145,4238.52,1451.5950980529572,31,27,11,0.20466792010311777,0.7061143793066688,0.08921770059021351
USR0529,2710.2,1422.44,322.12,965.64,52.48,11.89,35.63,Alta,Saludable,ACTIVO,0.5248468747693897,0.11885469707032692,0.3562984281602834,965.6399999999998,76,49591.78,652.5234210526315,197.155,2601.63,867.4647373421816,29,31,14,0.11885469707032692,0.5248468747693897,0.3562984281602834
USR0530,4344.32,2884.48,203.2,1256.64,66.4,4.68,28.93,Alta,En observación,ACTIVO,0.6639658220388922,0.046773718326458456,0.2892604596346494,1256.6399999999996,74,86745.69,1172.2390540540541,606.615,4405.89,1462.3677333470914,30,21,13,0.046773718326458456,0.6639658220388922,0.2892604596346494
USR0531,4088.39,3495.06,1171.85,-578.52,85.49,28.66,-14.15,Nunca,En riesgo,ACTIVO,0.8548744126661106,0.28662872181959154,-0.1415031344857022,-578.52,75,91001.46,1213.3528000000001,935.34,4140.42,1350.2994107600027,25,16,13,0.28662872181959154,0.8548744126661106,-0.1415031344857022
USR0532,2919.01,1570.24,1078.58,270.19,53.79,36.95,9.26,Baja,En observación,ACTIVO,0.5379358070030592,0.36950198868794554,0.09256220430899517,270.1900000000003,72,53871.04,748.2088888888889,317.84000000000003,2994.26,1016.390102985382,29,21,11,0.36950198868794554,0.5379358070030592,0.09256220430899517
USR0533,4511.57,3429.87,559.69,522.01,76.02,12.41,11.57,Media,En observación,ACTIVO,0.7602386752283573,0.1240565922727565,0.1157047324988862,522.0099999999998,75,95297.29,1270.6305333333332,347.89,4574.87,1590.3109781065457,34,30,12,0.1240565922727565,0.7602386752283573,0.1157047324988862
USR0534,3061.21,1796.46,327.83,936.92,58.68,10.71,30.61,Alta,Saludable,ACTIVO,0.5868463777395213,0.10709164023376376,0.3060619820267149,936.9200000000001,75,58292.06,777.2274666666666,323.9,3097.89,1018.5426811461895,33,24,13,0.10709164023376376,0.5868463777395213,0.3060619820267149
USR0535,1855.76,1244.07,414.68,197.01,67.04,22.35,10.62,Media,En observación,ACTIVO,0.6703830236668534,0.22345561926111135,0.10616135707203517,197.01000000000005,77,37198.04,483.0914285714286,252.96,1737.83,579.5760265934742,28,22,15,0.22345561926111135,0.6703830236668534,0.10616135707203517
USR0536,2483.96,1394.75,263.08,826.13,56.15,10.59,33.26,Alta,Saludable,ACTIVO,0.5615026006860013,0.10591152836599622,0.33258587094800235,826.1300000000001,74,46544.49,628.9795945945946,206.265,2513.5,850.8728998439627,31,26,14,0.10591152836599622,0.5615026006860013,0.33258587094800235
USR0537,4442.66,3280.57,672.79,489.31,73.84,15.14,11.01,Media,En observación,ACTIVO,0.7384247275281026,0.1514385525788604,0.11013897079677491,489.2999999999997,77,92678.8,1203.6207792207792,529.61,4398.25,1453.59066365235,30,26,14,0.1514385525788604,0.7384247275281026,0.11013897079677491
USR0538,2359.84,1527.29,986.0,-153.45,64.72,41.78,-6.5,Nunca,En riesgo,ACTIVO,0.6472006576717065,0.41782493728388365,-0.0650255949555902,-153.44999999999982,73,46645.61,638.9809589041096,274.47,2355.36,792.6883483142883,29,27,13,0.41782493728388365,0.6472006576717065,-0.0650255949555902
USR0539,1674.38,1651.35,174.05,-151.02,98.62,10.39,-9.02,Nunca,En riesgo,ACTIVO,0.9862456551081593,0.10394892437797872,-0.09019457948613815,-151.0199999999998,73,39908.79,546.6957534246576,260.39,1709.43,578.070722766009,23,26,13,0.10394892437797872,0.9862456551081593,-0.09019457948613815
USR0540,5335.97,3536.73,427.76,1371.48,66.28,8.02,25.7,Alta,En observación,ACTIVO,0.6628091987023915,0.08016536824607334,0.25702543305153513,1371.4800000000002,72,106472.44,1478.783888888889,612.335,5474.81,1836.3773325874508,30,25,12,0.08016536824607334,0.6628091987023915,0.25702543305153513
USR0541,6669.93,4645.01,1116.92,908.0,69.64,16.75,13.61,Media,En observación,ACTIVO,0.6964106070078696,0.1674560302731813,0.13613336271894907,908.0,76,135779.24,1786.5689473684208,1050.3000000000002,6637.59,2182.467046231598,31,22,14,0.1674560302731813,0.6964106070078696,0.13613336271894907
USR0542,2759.55,1769.58,126.54,863.44,64.13,4.59,31.29,Alta,En observación,ACTIVO,0.641256726640213,0.04585530249497201,0.3128915946440543,863.4300000000003,75,54349.59,724.6612,335.8,2819.3,958.9630483439289,34,22,13,0.04585530249497201,0.641256726640213,0.3128915946440543
USR0543,2236.73,1217.97,291.41,727.36,54.45,13.03,32.52,Alta,Saludable,ACTIVO,0.5445315259329467,0.13028394128929285,0.3251890035900623,727.3499999999999,74,41456.4,560.2216216216217,101.92,4020.25,881.7205548447255,32,29,13,0.13028394128929285,0.5445315259329467,0.3251890035900623
USR0544,2099.06,1030.19,890.43,178.44,49.08,42.42,8.5,Baja,En riesgo,ACTIVO,0.4907863519861272,0.4242041675797738,0.08500948043409907,178.43999999999994,74,37551.07,507.4468918918919,158.77999999999997,2091.43,717.9814647146325,28,26,13,0.4242041675797738,0.4907863519861272,0.08500948043409907
USR0545,6013.05,3933.8,2345.97,-266.72,65.42,39.01,-4.44,Nunca,En observación,ACTIVO,0.6542104256575282,0.3901464315114625,-0.04435685716899078,-266.7199999999998,74,119362.27,1613.0036486486488,581.315,6051.31,2032.0796346840011,27,27,13,0.3901464315114625,0.6542104256575282,-0.04435685716899078
USR0546,4297.6,2552.45,182.69,1562.46,59.39,4.25,36.36,Alta,Saludable,ACTIVO,0.5939245160089351,0.04250977289650037,0.36356571109456437,1562.4600000000005,75,82200.59,1096.0078666666666,272.6,4443.27,1518.402036050358,34,29,12,0.04250977289650037,0.5939245160089351,0.36356571109456437
USR0547,2807.54,1620.99,147.46,1039.08,57.74,5.25,37.01,Alta,Saludable,ACTIVO,0.5773702244669711,0.052522849184695505,0.37010336451128034,1039.09,74,53142.33,718.1395945945947,180.74,5675.29,1135.3040780969955,28,25,13,0.052522849184695505,0.5773702244669711,0.37010336451128034
USR0548,4333.21,2809.46,183.74,1340.01,64.84,4.24,30.92,Alta,En observación,ACTIVO,0.6483553762684015,0.04240274530890495,0.3092418784226936,1340.01,72,85712.06999999999,1190.4454166666665,367.22,4457.84,1522.572860535502,25,29,11,0.04240274530890495,0.6483553762684015,0.3092418784226936
USR0549,3856.16,2801.33,719.29,335.54,72.65,18.65,8.7,Baja,En observación,ACTIVO,0.726455852454255,0.1865301232314012,0.08701402431434381,335.53999999999996,75,79889.9,1065.1986666666667,334.36,3863.9,1327.5320001562068,32,28,14,0.1865301232314012,0.726455852454255,0.08701402431434381
USR0550,3844.54,1751.62,449.16,1643.76,45.56,11.68,42.76,Alta,Saludable,ACTIVO,0.45561237495253004,0.11683062212904535,0.4275570029184246,1643.76,79,67153.89,850.049240506329,217.19,3796.95,1297.6179083699842,34,27,15,0.11683062212904535,0.45561237495253004,0.4275570029184246
USR0551,1686.27,585.79,200.07,900.41,34.74,11.86,53.4,Alta,Saludable,ACTIVO,0.3473880220842451,0.11864648010105143,0.5339654978147035,900.4100000000001,72,27264.79,378.6776388888889,37.650000000000006,1746.17,646.6955722868942,24,24,11,0.11864648010105143,0.3473880220842451,0.5339654978147035
USR0552,2984.89,2519.17,1131.13,-665.41,84.4,37.9,-22.29,Nunca,En riesgo,ACTIVO,0.8439741498011653,0.378951988180469,-0.22292613798163416,-665.4100000000003,74,66048.71,892.5501351351352,425.51,3133.81,1078.4992363102997,28,24,13,0.378951988180469,0.8439741498011653,-0.22292613798163416
USR0553,3635.92,2104.18,171.27,1360.47,57.87,4.71,37.42,Alta,Saludable,ACTIVO,0.5787201038526699,0.04710499680961078,0.3741748993377192,1360.4700000000003,75,68881.23,918.4164,297.14,3636.91,1222.3635278511254,31,27,14,0.04710499680961078,0.5787201038526699,0.3741748993377192
USR0554,6766.68,3320.98,388.95,3056.75,49.08,5.75,45.17,Alta,Saludable,ACTIVO,0.4907842546123062,0.057480182305059496,0.4517355630826343,3056.7500000000005,72,121051.84,1681.2755555555555,752.385,6962.87,2378.7695195938977,30,20,11,0.057480182305059496,0.4907842546123062,0.4517355630826343
USR0555,4430.65,1633.74,203.39,2593.52,36.87,4.59,58.54,Alta,Saludable,ACTIVO,0.368735964249038,0.04590522835249907,0.585358807398463,2593.52,72,72772.79000000001,1010.7331944444445,200.07,4546.53,1605.3864214853857,30,26,12,0.04590522835249907,0.368735964249038,0.585358807398463
USR0556,5203.48,3411.79,585.86,1205.83,65.57,11.26,23.17,Alta,En observación,ACTIVO,0.6556746638787888,0.11259003589905218,0.23173530022215902,1205.8299999999995,72,103383.27,1435.87875,851.16,5304.41,1781.3280415828524,22,15,12,0.11259003589905218,0.6556746638787888,0.23173530022215902
USR0557,1977.35,1167.71,112.01,697.62,59.05,5.66,35.28,Alta,Saludable,ACTIVO,0.5905428983235138,0.056646521860065246,0.3528055225427972,697.6299999999999,72,37740.68,524.1761111111111,186.745,2031.39,692.1998438974873,33,26,11,0.056646521860065246,0.5905428983235138,0.3528055225427972
USR0558,2777.24,2374.18,177.89,225.17,85.49,6.41,8.11,Baja,En observación,ACTIVO,0.8548703028906396,0.06405280062220046,0.08107689648715992,225.16999999999996,77,61816.98,802.8179220779222,475.75,2752.58,904.3083256240616,33,24,14,0.06405280062220046,0.8548703028906396,0.08107689648715992
USR0559,3139.94,1968.7,460.6,710.64,62.7,14.67,22.63,Alta,En observación,ACTIVO,0.6269865029268076,0.1466907010961993,0.22632279597699317,710.64,74,61303.77,828.4293243243243,394.78,3130.27,1046.504524524487,38,24,13,0.1466907010961993,0.6269865029268076,0.22632279597699317
USR0560,1971.86,1509.45,278.15,184.26,76.55,14.11,9.34,Baja,En observación,ACTIVO,0.7654955219944621,0.14105971012140822,0.09344476788412971,184.25999999999988,72,41775.69,580.2179166666667,155.445,2013.62,708.1861227523304,28,29,12,0.14105971012140822,0.7654955219944621,0.09344476788412971
USR0561,1981.72,1010.27,171.5,799.95,50.98,8.65,40.37,Alta,Saludable,INACTIVO,0.5097945219304443,0.08654098459923702,0.40366449347031874,799.95,75,35903.979999999996,478.7197333333333,147.33,1935.12,656.5712973552369,24,26,14,0.08654098459923702,0.5097945219304443,0.40366449347031874
USR0562,3442.76,1914.66,162.78,1365.32,55.61,4.73,39.66,Alta,Saludable,ACTIVO,0.5561410031486366,0.04728183201849678,0.3965771648328666,1365.3200000000002,73,64288.99,880.6710958904109,266.71,3540.36,1211.1756077665957,29,28,13,0.04728183201849678,0.5561410031486366,0.3965771648328666
USR0563,3489.18,2534.15,541.16,413.86,72.63,15.51,11.86,Media,En observación,ACTIVO,0.7262881250035825,0.1550966129577723,0.11861239603574479,413.8699999999998,76,72279.94,951.0518421052632,517.7449999999999,3464.74,1138.4914639828858,36,22,14,0.1550966129577723,0.7262881250035825,0.11861239603574479
USR0564,3365.78,2447.79,718.23,199.77,72.73,21.34,5.94,Baja,En observación,ACTIVO,0.7272578718751671,0.21339184379252357,0.05935325541182133,199.76000000000022,75,69762.89,930.1718666666667,274.21,3451.94,1161.9078343044641,31,34,12,0.21339184379252357,0.7272578718751671,0.05935325541182133
USR0565,4815.2,2414.45,110.41,2290.34,50.14,2.29,47.56,Alta,Saludable,ACTIVO,0.5014225785014121,0.022929473334440936,0.4756479481641469,2290.34,75,86755.82,1156.7442666666668,387.75,4884.5,1645.161963241025,33,27,12,0.022929473334440936,0.5014225785014121,0.4756479481641469
USR0566,5164.66,4729.96,635.47,-200.77,91.58,12.3,-3.89,Nunca,En riesgo,ACTIVO,0.9158318262964068,0.12304198146635016,-0.038873807762756896,-200.7700000000002,75,118735.49,1583.1398666666666,590.49,5962.57,1896.7132709437942,24,29,13,0.12304198146635016,0.9158318262964068,-0.038873807762756896
USR0567,4807.29,2247.2,297.72,2262.37,46.75,6.19,47.06,Alta,Saludable,ACTIVO,0.46745671677805994,0.06193094238125847,0.47061234084068154,2262.37,79,84653.96,1071.5691139240507,295.13,4792.83,1605.6209256100576,23,27,15,0.06193094238125847,0.46745671677805994,0.47061234084068154
USR0568,4420.49,2920.8,1742.11,-242.43,66.07,39.41,-5.48,Nunca,En observación,ACTIVO,0.6607412300446331,0.3940988442457737,-0.05484233648305958,-242.4200000000003,75,88095.47,1174.6062666666667,434.89,4406.93,1467.96969682691,24,34,13,0.3940988442457737,0.6607412300446331,-0.05484233648305958
USR0569,4486.95,2787.34,655.42,1044.19,62.12,14.61,23.27,Alta,En observación,ACTIVO,0.6212103990461227,0.1460724991363844,0.23271710181749297,1044.1899999999996,77,87291.39,1133.6544155844156,324.19,4355.8,1460.1344067553414,27,32,13,0.1460724991363844,0.6212103990461227,0.23271710181749297
USR0570,2340.98,1278.34,350.58,712.06,54.61,14.98,30.42,Alta,Saludable,ACTIVO,0.5460704491281428,0.14975779374450016,0.3041717571273569,712.0600000000002,80,43431.75,542.896875,116.28,2691.42,803.6633859886351,28,29,15,0.14975779374450016,0.5460704491281428,0.3041717571273569
USR0571,2159.17,1899.69,853.05,-593.57,87.98,39.51,-27.49,Nunca,En riesgo,ACTIVO,0.8798241917032934,0.39508236961424986,-0.2749065613175433,-593.5699999999999,74,48706.36,658.194054054054,248.815,3863.54,837.1168471833153,32,26,13,0.39508236961424986,0.8798241917032934,-0.2749065613175433
USR0572,1939.52,1181.06,309.88,448.58,60.89,15.98,23.13,Alta,En observación,ACTIVO,0.6089444811087279,0.15977148985315953,0.23128402903811252,448.58000000000004,74,37446.96,506.03999999999996,167.39999999999998,1959.47,669.4303520096626,29,27,13,0.15977148985315953,0.6089444811087279,0.23128402903811252
USR0573,4958.4,2887.45,763.26,1307.69,58.23,15.39,26.37,Alta,Saludable,ACTIVO,0.5823350274282026,0.153932720232333,0.2637322523394644,1307.6899999999998,72,94150.23999999999,1307.642222222222,545.175,5108.87,1733.1019555115067,33,23,12,0.153932720232333,0.5823350274282026,0.2637322523394644
USR0574,3984.64,2337.34,379.36,1267.94,58.66,9.52,31.82,Alta,Saludable,ACTIVO,0.5865874959845808,0.09520558946354,0.3182069145518792,1267.9399999999996,75,75863.70999999999,1011.5161333333332,460.15,4074.67,1360.284565588425,32,21,13,0.09520558946354,0.5865874959845808,0.3182069145518792
USR0575,4248.96,2544.06,649.43,1055.47,59.87,15.28,24.84,Alta,Saludable,ACTIVO,0.5987488703117939,0.15284446076216296,0.24840666892604307,1055.4700000000003,78,81516.31,1045.0808974358974,453.16999999999996,4240.83,1391.241875351067,36,25,15,0.15284446076216296,0.5987488703117939,0.24840666892604307
USR0576,3091.12,2591.55,1522.52,-1022.95,83.84,49.25,-33.09,Nunca,En riesgo,ACTIVO,0.8383854395817698,0.4925463909521468,-0.33093183053391656,-1022.9500000000003,72,68192.05,947.1118055555556,387.67,3159.46,1057.6470960757845,30,25,11,0.4925463909521468,0.8383854395817698,-0.33093183053391656
USR0577,5580.01,2165.64,627.15,2787.22,38.81,11.24,49.95,Alta,Saludable,ACTIVO,0.3881068313497646,0.11239227169843781,0.4995008969517975,2787.2200000000003,75,92947.85,1239.3046666666667,262.49,5622.95,1921.9903483827836,34,31,12,0.11239227169843781,0.3881068313497646,0.4995008969517975
USR0578,6442.76,5029.28,1392.77,20.71,78.06,21.62,0.32,Baja,En riesgo,ACTIVO,0.7806095524278415,0.21617598668893453,0.00321446088322396,20.71000000000049,75,137664.47,1835.5262666666667,569.89,6594.37,2269.9861992280635,30,30,13,0.21617598668893453,0.7806095524278415,0.00321446088322396
USR0579,5795.81,3569.62,557.6,1668.59,61.59,9.62,28.79,Alta,En observación,ACTIVO,0.6158966563776245,0.09620743261079986,0.2878959110115756,1668.5900000000006,75,112385.22,1498.4696000000001,356.36,8485.59,2254.0043378495157,25,28,13,0.09620743261079986,0.6158966563776245,0.2878959110115756
USR0580,3610.14,1466.79,84.49,2058.86,40.63,2.34,57.03,Alta,Saludable,ACTIVO,0.4062972627100334,0.02340352451705474,0.570299212772912,2058.86,79,60923.1,771.1784810126582,177.14,3449.82,1172.6962899015864,35,31,15,0.02340352451705474,0.4062972627100334,0.570299212772912
USR0581,3227.09,3230.53,470.04,-473.48,100.11,14.57,-14.67,Nunca,En riesgo,ACTIVO,1.00106597584821,0.14565444409669392,-0.14672041994490392,-473.4800000000001,76,77491.37,1019.6232894736842,654.45,3208.49,1061.8572705624654,28,23,13,0.14565444409669392,1.00106597584821,-0.14672041994490392
USR0582,4035.56,2571.15,198.68,1265.73,63.71,4.92,31.36,Alta,En observación,ACTIVO,0.6371234723309777,0.04923232463400371,0.31364420303501866,1265.7299999999998,72,79280.51,1101.1181944444443,448.895,4144.17,1400.7835365999163,31,24,11,0.04923232463400371,0.6371234723309777,0.31364420303501866
USR0583,3577.05,2505.0,678.07,393.98,70.03,18.96,11.01,Media,En observación,ACTIVO,0.7002977313708223,0.1895612306229994,0.11014103800617828,393.98000000000013,73,72984.6,999.7890410958905,329.18,3607.89,1321.4720944600263,29,29,12,0.1895612306229994,0.7002977313708223,0.11014103800617828
USR0584,4322.78,1665.13,477.36,2180.28,38.52,11.04,50.44,Alta,Saludable,ACTIVO,0.38519887664882324,0.1104289369341026,0.5043698730909276,2180.2899999999995,73,71854.92,984.3139726027397,194.39,4418.34,1520.1890291632046,33,27,12,0.1104289369341026,0.38519887664882324,0.5043698730909276
USR0585,5933.44,3127.12,520.29,2286.03,52.7,8.77,38.53,Alta,Saludable,ACTIVO,0.527033221874663,0.08768774943371804,0.38527902869161906,2286.0299999999997,73,108726.68000000001,1489.4065753424659,422.94,6103.51,2067.522426458524,25,29,13,0.08768774943371804,0.527033221874663,0.38527902869161906
USR0586,2016.83,951.87,282.68,782.28,47.2,14.02,38.79,Alta,Saludable,ACTIVO,0.471963427755438,0.14016054898033053,0.3878760232642315,782.28,72,35624.48,494.7844444444445,143.285,2053.4,710.7011391772606,29,26,12,0.14016054898033053,0.471963427755438,0.3878760232642315
USR0587,3397.73,3194.27,338.27,-134.82,94.01,9.96,-3.97,Nunca,En riesgo,ACTIVO,0.9401188440517639,0.09955764584001671,-0.03967943303323101,-134.80999999999995,74,79103.99,1068.972837837838,697.9849999999999,3324.26,1123.4169336771893,23,22,13,0.09955764584001671,0.9401188440517639,-0.03967943303323101
USR0588,4936.09,3393.69,1032.39,510.01,68.75,20.92,10.33,Media,En observación,ACTIVO,0.6875259567795563,0.20915137284773982,0.1033226703727039,510.01,74,99957.27,1350.773918918919,367.82,5038.28,1691.2308418255523,32,34,11,0.20915137284773982,0.6875259567795563,0.1033226703727039
USR0589,1930.43,1055.5,116.59,758.34,54.68,6.04,39.28,Alta,Saludable,ACTIVO,0.546769372626824,0.06039587035012924,0.39283475702304665,758.34,74,35831.14,484.2045945945946,193.805,1905.17,666.2515522533291,22,19,13,0.06039587035012924,0.546769372626824,0.39283475702304665
USR0590,2077.9,1449.82,477.74,150.35,69.77,22.99,7.24,Baja,En observación,ACTIVO,0.6977332884161893,0.22991481784493958,0.07235670629000432,150.34000000000015,76,42332.66,557.0086842105263,180.815,2962.8,753.4278466924214,17,27,14,0.22991481784493958,0.6977332884161893,0.07235670629000432
USR0591,3022.83,2029.47,439.92,553.44,67.14,14.55,18.31,Media,En observación,ACTIVO,0.6713807921715743,0.14553249769255963,0.18308671013586608,553.4399999999998,77,60627.68,787.3724675324676,302.11,2988.04,984.5052546479159,25,26,15,0.14553249769255963,0.6713807921715743,0.18308671013586608
USR0592,4246.99,3260.19,1524.87,-538.07,76.76,35.9,-12.67,Nunca,En riesgo,ACTIVO,0.767647204255249,0.35904723109778924,-0.1266944353530383,-538.0700000000002,77,90086.17,1169.9502597402598,700.76,4233.02,1403.2026279034667,24,20,14,0.35904723109778924,0.767647204255249,-0.1266944353530383
USR0593,2424.08,2211.63,330.16,-117.7,91.24,13.62,-4.86,Nunca,En riesgo,ACTIVO,0.9123585030197023,0.13620012540840237,-0.04855450315171117,-117.7100000000002,74,55628.51,751.7366216216217,476.21000000000004,2464.51,813.9783038158637,29,22,13,0.13620012540840237,0.9123585030197023,-0.04855450315171117
USR0594,6624.69,3157.68,651.05,2815.96,47.67,9.83,42.51,Alta,Saludable,ACTIVO,0.47665324717081103,0.09827629670218531,0.4250704561270037,2815.96,74,117388.48,1586.3308108108108,408.03499999999997,6787.22,2355.2213741787364,29,28,13,0.09827629670218531,0.47665324717081103,0.4250704561270037
USR0595,2094.25,1426.05,138.56,529.64,68.09,6.62,25.29,Alta,En observación,ACTIVO,0.6809358959054554,0.06616211054076639,0.2529019935537782,529.6400000000001,75,42243.63,563.2484,189.07,5814.98,937.2121614171554,31,21,13,0.06616211054076639,0.6809358959054554,0.2529019935537782
USR0596,3411.66,1971.75,248.21,1191.7,57.79,7.28,34.93,Alta,Saludable,ACTIVO,0.5779444610541496,0.07275343967452795,0.3493020992713225,1191.6999999999998,74,64600.93,872.9855405405406,316.875,3469.28,1159.7321480802361,26,26,13,0.07275343967452795,0.5779444610541496,0.3493020992713225
USR0597,4802.93,2828.87,2732.49,-758.43,58.9,56.89,-15.79,Nunca,En riesgo,ACTIVO,0.588988388337952,0.5689214708521673,-0.15790985919011935,-758.4299999999994,73,91581.55,1254.5417808219179,344.13,4903.56,1688.3245603665969,31,31,13,0.5689214708521673,0.588988388337952,-0.15790985919011935
USR0598,6143.97,3354.04,1096.53,1693.4,54.59,17.85,27.56,Alta,Saludable,ACTIVO,0.5459076134811855,0.1784725511355036,0.2756198353833108,1693.4000000000003,75,113976.1,1519.6813333333334,474.4,6157.46,2099.349007672883,31,28,13,0.1784725511355036,0.5459076134811855,0.2756198353833108
USR0599,2690.32,1891.82,577.81,220.69,70.32,21.48,8.2,Baja,En observación,ACTIVO,0.7031951589402003,0.2147737072169853,0.08203113384281423,220.69000000000028,76,54985.68,723.4957894736842,253.91000000000003,2666.18,908.935634237853,18,29,14,0.2147737072169853,0.7031951589402003,0.08203113384281423
USR0600,6534.4,3606.94,573.46,2354.0,55.2,8.78,36.02,Alta,Saludable,ACTIVO,0.5519925318315377,0.08776016160626837,0.36024730656219395,2353.9999999999995,76,121696.02,1601.2634210526317,558.21,6635.96,2197.783380030314,32,30,14,0.08776016160626837,0.5519925318315377,0.36024730656219395
USR0601,4135.78,3372.5,795.62,-32.34,81.54,19.24,-0.78,Nunca,En riesgo,ACTIVO,0.8154447286847947,0.1923748361856772,-0.007819564870471835,-32.34000000000026,75,90099.42,1201.3256,569.84,4077.32,1355.0393592540684,31,25,13,0.1923748361856772,0.8154447286847947,-0.007819564870471835
USR0602,3411.64,1430.67,286.53,1694.44,41.93,8.4,49.67,Alta,Saludable,ACTIVO,0.419349638297124,0.08398600086761791,0.49666436083525817,1694.4399999999998,79,58107.64,735.539746835443,322.68,3105.98,1007.758375922007,33,23,15,0.08398600086761791,0.419349638297124,0.49666436083525817
USR0603,4384.11,3103.39,1018.96,261.75,70.79,23.24,5.97,Baja,En observación,ACTIVO,0.7078722933503038,0.23242117556356937,0.059704250121461376,261.75999999999976,72,89850.02,1247.9169444444444,365.74,6350.26,1675.5042555513887,30,27,10,0.23242117556356937,0.7078722933503038,0.059704250121461376
USR0604,3336.12,1905.42,425.01,1005.69,57.11,12.74,30.15,Alta,Saludable,ACTIVO,0.571148519837416,0.12739649652890184,0.3014549836336823,1005.6899999999998,75,62898.45,838.646,252.75,3396.05,1159.3664975065221,29,29,12,0.12739649652890184,0.571148519837416,0.3014549836336823
USR0605,1272.55,917.3,259.5,95.75,72.08,20.39,7.52,Baja,En observación,ACTIVO,0.7208361164590782,0.20392126046127854,0.07524262307964324,95.75,72,26278.13,364.9740277777778,154.8,1309.25,449.35645551043393,29,25,10,0.20392126046127854,0.7208361164590782,0.07524262307964324
USR0606,4398.49,2037.78,469.55,1891.16,46.33,10.68,43.0,Alta,Saludable,ACTIVO,0.46329081116474063,0.10675254462326844,0.429956644211991,1891.16,77,77235.21,1003.0546753246754,219.47,5065.82,1573.373944939567,31,30,14,0.10675254462326844,0.46329081116474063,0.429956644211991
USR0607,2141.07,1423.79,293.33,423.95,66.5,13.7,19.8,Media,En observación,ACTIVO,0.6649899349390724,0.1370015926616131,0.19800847239931435,423.9500000000002,72,42778.31,594.1431944444444,241.93,2184.93,766.6218919992231,26,25,11,0.1370015926616131,0.6649899349390724,0.19800847239931435
USR0608,1740.28,1337.84,327.28,75.16,76.88,18.81,4.32,Baja,En riesgo,ACTIVO,0.768749856344956,0.18806169122210217,0.04318845243294182,75.16000000000008,76,36937.48,486.0194736842106,154.93,2426.36,623.8859058554316,29,30,14,0.18806169122210217,0.768749856344956,0.04318845243294182
USR0609,5388.95,3749.79,295.58,1343.58,69.58,5.48,24.93,Alta,En observación,ACTIVO,0.695829428738437,0.05484927490512994,0.24932129635643308,1343.58,74,109664.81999999999,1481.957027027027,710.375,5469.38,1828.624227690831,27,24,13,0.05484927490512994,0.695829428738437,0.24932129635643308
USR0610,2962.39,1764.89,500.92,696.58,59.58,16.91,23.51,Alta,Saludable,ACTIVO,0.5957655811692587,0.16909319839724007,0.23514122043350136,696.5799999999997,75,56727.47,756.3662666666667,237.91,4547.1,1085.3957233439983,32,25,13,0.16909319839724007,0.5957655811692587,0.23514122043350136
USR0611,6086.03,5637.46,1156.61,-708.04,92.63,19.0,-11.63,Nunca,En riesgo,ACTIVO,0.9262951382099661,0.1900434273245449,-0.116338565534511,-708.0400000000002,73,140681.86000000002,1927.1487671232878,868.51,6154.89,2125.8696895662524,29,28,13,0.1900434273245449,0.9262951382099661,-0.116338565534511
USR0612,3167.89,3146.2,97.75,-76.05,99.32,3.09,-2.4,Nunca,En riesgo,ACTIVO,0.9931531713538033,0.030856500699203572,-0.024006515377743544,-76.05999999999995,77,75769.07,984.0138961038962,395.53,3137.09,1065.3441120288883,31,31,12,0.030856500699203572,0.9931531713538033,-0.024006515377743544
USR0613,4902.5,4355.83,566.43,-19.76,88.85,11.55,-0.4,Nunca,En riesgo,ACTIVO,0.8884915859255482,0.11553901070882201,-0.0040305966343702196,-19.759999999999877,75,111099.9,1481.3319999999999,489.82,4983.58,1677.4264188623288,31,35,14,0.11553901070882201,0.8884915859255482,-0.0040305966343702196
USR0614,4851.18,2878.95,422.62,1549.61,59.35,8.71,31.94,Alta,Saludable,ACTIVO,0.5934535515070559,0.08711694886604908,0.3194294996268949,1549.6100000000006,80,92761.63,1159.520375,371.565,4778.43,1599.0317922302702,27,31,15,0.08711694886604908,0.5934535515070559,0.3194294996268949
USR0615,3390.19,975.43,165.18,2249.57,28.77,4.87,66.36,Alta,Saludable,ACTIVO,0.287721337152195,0.04872293293296246,0.6635527802276568,2249.5800000000004,76,52387.43,689.3082894736842,76.03999999999999,4183.08,1237.309714542955,27,28,14,0.04872293293296246,0.287721337152195,0.6635527802276568
USR0616,1514.21,1098.78,176.21,239.22,72.56,11.64,15.8,Media,En observación,ACTIVO,0.7256457162480765,0.11637091288526691,0.15798337086665654,239.22000000000006,74,31355.85,423.7277027027027,267.56,1540.48,509.61653822690664,25,17,13,0.11637091288526691,0.7256457162480765,0.15798337086665654
USR0617,4157.11,2711.13,574.74,871.24,65.22,13.83,20.96,Alta,En observación,ACTIVO,0.6521670102547203,0.1382547009821727,0.20957828876310708,871.2399999999996,73,82418.86,1129.0254794520547,622.49,4191.88,1407.329337540752,30,21,13,0.1382547009821727,0.6521670102547203,0.20957828876310708
USR0618,4270.05,3750.94,1946.55,-1427.45,87.84,45.59,-33.43,Nunca,En riesgo,ACTIVO,0.8784299949649301,0.45586117258580106,-0.3342935094436833,-1427.4399999999998,74,96251.85,1300.7006756756757,626.35,4337.89,1462.7080490120861,24,23,13,0.45586117258580106,0.8784299949649301,-0.3342935094436833
USR0619,3369.69,2324.26,696.41,349.02,68.98,20.67,10.36,Media,En observación,ACTIVO,0.6897548439173931,0.20666886271437432,0.10357629336823268,349.01999999999987,75,68327.36,911.0314666666667,306.27,3420.62,1177.4887941633467,32,28,12,0.20666886271437432,0.6897548439173931,0.10357629336823268
USR0620,3515.09,3289.56,442.58,-217.05,93.58,12.59,-6.17,Nunca,En riesgo,ACTIVO,0.935839480639187,0.12590858271054226,-0.061748063349729314,-217.04999999999978,73,81655.77,1118.5721917808219,509.07,3497.24,1199.3655931172375,26,28,12,0.12590858271054226,0.935839480639187,-0.061748063349729314
USR0621,2448.11,1343.27,338.62,766.22,54.87,13.83,31.3,Alta,Saludable,ACTIVO,0.5486967497375526,0.13831894808648304,0.3129843021759643,766.2200000000001,73,45496.53,623.2401369863013,105.7,5190.47,1035.7691774010982,27,28,13,0.13831894808648304,0.5486967497375526,0.3129843021759643
USR0622,2459.67,815.39,68.04,1576.24,33.15,2.77,64.08,Alta,Saludable,ACTIVO,0.33150381961807884,0.02766224737464782,0.6408339330072733,1576.2400000000002,75,39300.77,524.0102666666667,76.3,2425.42,856.7791346523347,31,29,13,0.02766224737464782,0.33150381961807884,0.6408339330072733
USR0623,3122.56,2499.53,858.14,-235.11,80.05,27.48,-7.53,Nunca,En riesgo,ACTIVO,0.8004746105759377,0.27481937897110065,-0.07529398954703834,-235.11000000000024,74,67465.02,911.6894594594595,603.105,3123.67,1025.9647877090529,35,18,13,0.27481937897110065,0.8004746105759377,-0.07529398954703834
USR0624,4131.77,1667.91,512.19,1951.67,40.37,12.4,47.24,Alta,Saludable,ACTIVO,0.4036792948300607,0.12396382180034222,0.472356883369597,1951.6700000000005,72,69596.22,966.6141666666667,247.92,4212.27,1477.56776286138,32,27,12,0.12396382180034222,0.4036792948300607,0.472356883369597
USR0625,1669.92,670.43,179.04,820.45,40.15,10.72,49.13,Alta,Saludable,ACTIVO,0.40147432212321543,0.10721471687266455,0.49131096100412,820.4500000000002,77,28084.25,364.7305194805195,99.15,1554.55,523.8745051383366,32,29,14,0.10721471687266455,0.40147432212321543,0.49131096100412
USR0626,4561.83,3046.15,515.76,999.92,66.77,11.31,21.92,Alta,En observación,ACTIVO,0.667747373312903,0.11305989043870551,0.21919273624839153,999.9199999999998,76,91295.67,1201.2588157894736,624.8050000000001,4569.58,1525.2282425752699,34,23,14,0.11305989043870551,0.667747373312903,0.21919273624839153
USR0627,4424.79,2563.22,568.28,1293.29,57.93,12.84,29.23,Alta,Saludable,ACTIVO,0.5792862486129284,0.1284309537853774,0.29228279760169407,1293.2900000000002,76,83856.12,1103.37,288.885,4379.16,1482.3230333788022,33,33,13,0.1284309537853774,0.5792862486129284,0.29228279760169407
USR0628,3759.3,2599.98,800.14,359.18,69.16,21.28,9.55,Baja,En observación,ACTIVO,0.6916128002553666,0.21284281648179182,0.09554438326284148,359.1800000000002,73,76311.3,1045.3602739726027,339.03,3833.59,1313.0224228008071,27,30,13,0.21284281648179182,0.6916128002553666,0.09554438326284148
USR0629,4211.38,2821.16,626.3,763.92,66.99,14.87,18.14,Media,En observación,ACTIVO,0.6698896798674069,0.14871609781116876,0.18139422232142433,763.9200000000003,75,84390.56,1125.2074666666667,693.23,4212.65,1401.935317732476,22,20,15,0.14871609781116876,0.6698896798674069,0.18139422232142433
USR0630,1681.08,1470.34,763.99,-553.25,87.46,45.45,-32.91,Nunca,En riesgo,ACTIVO,0.8746401123087539,0.45446379708282775,-0.32910390939158163,-553.25,76,37816.98,497.5918421052632,266.235,1687.12,561.7988492137509,30,25,14,0.45446379708282775,0.8746401123087539,-0.32910390939158163
USR0631,2611.24,1556.97,1137.18,-82.91,59.63,43.55,-3.18,Nunca,En riesgo,ACTIVO,0.5962569507207305,0.43549424794350583,-0.03175119866423615,-82.91000000000031,72,50018.45,694.7006944444444,252.355,3068.91,957.9303010184874,27,24,12,0.43549424794350583,0.5962569507207305,-0.03175119866423615
USR0632,4718.83,2461.49,469.66,1787.68,52.16,9.95,37.88,Alta,Saludable,ACTIVO,0.5216314213480884,0.09952890864896596,0.37883967000294566,1787.68,76,86163.85,1133.7348684210526,326.66999999999996,4753.9,1588.7983615328017,24,29,14,0.09952890864896596,0.5216314213480884,0.37883967000294566
USR0633,3765.33,1965.94,230.74,1568.65,52.21,6.13,41.66,Alta,Saludable,ACTIVO,0.5221162554145321,0.06128015339956923,0.41660359118589874,1568.6499999999999,72,68775.19,955.2109722222223,213.305,3877.3,1363.0347919909875,29,24,11,0.06128015339956923,0.5221162554145321,0.41660359118589874
USR0634,5072.96,4016.39,1332.38,-275.81,79.17,26.26,-5.44,Nunca,En riesgo,ACTIVO,0.7917251466599382,0.2626435059610169,-0.05436865262095503,-275.80999999999995,77,109072.13,1416.5211688311688,758.04,5522.14,1730.36620330174,28,24,15,0.2626435059610169,0.7917251466599382,-0.05436865262095503
USR0635,5329.18,4004.63,1205.3,119.25,75.15,22.62,2.24,Baja,En riesgo,ACTIVO,0.7514533192723833,0.22616987979388947,0.02237680093372714,119.25000000000023,72,112005.68,1555.6344444444444,820.3399999999999,5463.64,1859.108310182931,26,18,12,0.22616987979388947,0.7514533192723833,0.02237680093372714
USR0636,2504.43,1356.15,368.22,780.06,54.15,14.7,31.15,Alta,Saludable,ACTIVO,0.5415004611827842,0.14702746732789498,0.31147207148932093,780.0599999999997,75,46326.869999999995,617.6916,147.61,2473.86,852.8832299119105,28,31,13,0.14702746732789498,0.5415004611827842,0.31147207148932093
USR0637,2747.65,1733.87,157.44,856.34,63.1,5.73,31.17,Alta,En observación,ACTIVO,0.6310374319873345,0.05729987443815624,0.31166269357450915,856.3400000000001,78,53778.24,689.4646153846154,205.785,2712.24,864.5272121902135,31,34,16,0.05729987443815624,0.6310374319873345,0.31166269357450915
USR0638,4886.68,2863.42,574.47,1448.79,58.6,11.76,29.65,Alta,Saludable,ACTIVO,0.5859642947768219,0.11755834226918889,0.2964773629539892,1448.7900000000002,78,93001.14,1192.3223076923077,545.6949999999999,4829.57,1583.8393816973312,35,23,14,0.11755834226918889,0.5859642947768219,0.2964773629539892
USR0639,2499.63,2133.38,649.9,-283.64,85.35,26.0,-11.35,Nunca,En riesgo,ACTIVO,0.853478314790589,0.2599984797750067,-0.11347279397350807,-283.65,77,55596.1,722.0272727272727,268.76,4026.29,912.221503830991,31,28,14,0.2599984797750067,0.853478314790589,-0.11347279397350807
USR0640,1891.96,875.48,905.29,111.19,46.27,47.85,5.88,Baja,En riesgo,ACTIVO,0.4627370557517072,0.47849320281612717,0.05876974143216558,111.19000000000005,78,33209.35,425.7608974358974,122.055,1753.7,600.0005297187832,28,30,13,0.47849320281612717,0.4627370557517072,0.05876974143216558
USR0641,6476.46,5636.58,1072.56,-232.68,87.03,16.56,-3.59,Nunca,En riesgo,ACTIVO,0.8703180441166933,0.16560899009644156,-0.03592703421313496,-232.67999999999984,73,145356.48,1991.1846575342468,851.19,6574.09,2196.982519526044,26,32,13,0.16560899009644156,0.8703180441166933,-0.03592703421313496
USR0642,5099.7,4599.58,604.06,-103.94,90.19,11.85,-2.04,Nunca,En riesgo,ACTIVO,0.901931486165853,0.11845010490813185,-0.020381591073984743,-103.94000000000005,80,116391.37,1454.8921249999999,673.8,5064.39,1662.6510504587636,32,29,14,0.11845010490813185,0.901931486165853,-0.020381591073984743
USR0643,5532.71,3163.88,255.27,2113.56,57.18,4.61,38.2,Alta,Saludable,ACTIVO,0.5718499614113156,0.046138330040793755,0.3820117085478906,2113.56,73,104359.12,1429.5769863013697,275.88,11504.2,2284.6849236544904,28,28,11,0.046138330040793755,0.5718499614113156,0.3820117085478906
USR0644,3610.52,2537.74,146.52,926.26,70.29,4.06,25.65,Alta,En observación,ACTIVO,0.7028738242690803,0.0405814120957646,0.25654476363515505,926.2600000000002,74,73779.08,997.0145945945947,545.75,3619.88,1195.4549586264752,32,20,13,0.0405814120957646,0.7028738242690803,0.25654476363515505
USR0645,2066.77,929.92,156.45,980.4,44.99,7.57,47.44,Alta,Saludable,ACTIVO,0.4499387933829115,0.07569782801182522,0.4743633786052633,980.3999999999999,74,35960.32,485.95027027027027,111.93,2115.03,728.7293248233257,29,27,13,0.07569782801182522,0.4499387933829115,0.4743633786052633
USR0646,3143.74,1817.94,124.3,1201.5,57.83,3.95,38.22,Alta,Saludable,ACTIVO,0.5782730123992442,0.03953889316546534,0.3821880944352905,1201.4999999999998,77,59540.12,773.2483116883117,346.37,3042.93,1004.2796200097107,27,25,14,0.03953889316546534,0.5782730123992442,0.3821880944352905
USR0647,5355.18,3556.37,696.13,1102.68,66.41,13.0,20.59,Alta,En observación,ACTIVO,0.6640990592286347,0.12999189569725014,0.20590904507411514,1102.6800000000003,73,106938.66,1464.9131506849315,849.57,5477.43,1844.5406523485253,31,18,12,0.12999189569725014,0.6640990592286347,0.20590904507411514
USR0648,4564.53,3890.89,1618.92,-945.28,85.24,35.47,-20.71,Nunca,En riesgo,ACTIVO,0.8524185403535524,0.35467397519569377,-0.20709251554924604,-945.2800000000002,80,101465.06,1268.31325,592.905,4481.07,1452.8161233785909,32,30,15,0.35467397519569377,0.8524185403535524,-0.20709251554924604
USR0649,3255.88,1736.36,508.95,1010.57,53.33,15.63,31.04,Alta,Saludable,ACTIVO,0.5332997530621522,0.1563171861370812,0.3103830608007666,1010.5700000000002,75,59906.93,798.7590666666666,246.07,3289.07,1120.2790939992676,25,27,13,0.1563171861370812,0.5332997530621522,0.3103830608007666
USR0650,2294.52,1370.58,417.76,506.18,59.73,18.21,22.06,Alta,Saludable,INACTIVO,0.5973275456304586,0.1820685807924969,0.22060387357704445,506.18000000000006,75,43981.19,586.4158666666667,254.96,2179.22,729.8413419942968,35,26,14,0.1820685807924969,0.5973275456304586,0.22060387357704445
USR0651,6106.37,4040.04,692.9,1373.43,66.16,11.35,22.49,Alta,En observación,ACTIVO,0.6616107441900835,0.11347166974814825,0.2249175860617683,1373.4299999999998,72,121756.89,1691.0679166666666,582.185,6258.16,2127.5851377870213,34,28,12,0.11347166974814825,0.6616107441900835,0.2249175860617683
USR0652,6146.15,3097.9,715.36,2332.89,50.4,11.64,37.96,Alta,Saludable,ELIMINADO,0.5040391139168423,0.11639156219747322,0.37956932388568454,2332.8899999999994,72,110928.59,1540.674861111111,820.655,6276.29,2136.939671636536,25,14,11,0.11639156219747322,0.5040391139168423,0.37956932388568454
USR0653,5661.32,3430.03,1124.42,1106.87,60.59,19.86,19.55,Media,En observación,ACTIVO,0.6058710689379863,0.1986144574056934,0.19551447365632044,1106.8699999999994,75,109096.14,1454.6152,459.64,5784.03,1928.4318045789912,31,34,13,0.1986144574056934,0.6058710689379863,0.19551447365632044
USR0654,2329.47,1783.96,298.08,247.42,76.58,12.8,10.62,Media,En observación,ACTIVO,0.7658222685846996,0.12796043735270254,0.10621300124062555,247.42999999999978,74,49361.17,667.0428378378379,338.0,2299.32,791.8637863035281,28,25,12,0.12796043735270254,0.7658222685846996,0.10621300124062555
USR0655,2245.63,1537.58,270.71,437.34,68.47,12.05,19.48,Media,En observación,ACTIVO,0.684698725969995,0.12054968984204877,0.19475158418795616,437.3400000000002,79,45398.479999999996,574.6643037974683,227.14,2153.68,712.5436481721458,27,28,15,0.12054968984204877,0.684698725969995,0.19475158418795616
USR0656,2304.68,1695.03,847.16,-237.51,73.55,36.76,-10.31,Nunca,En observación,ACTIVO,0.7354730374715797,0.3675824843362202,-0.10305552180779978,-237.5100000000001,75,47996.42,639.9522666666667,237.49,2608.69,820.7154427735321,33,30,12,0.3675824843362202,0.7354730374715797,-0.10305552180779978
USR0657,2726.53,1915.18,408.56,402.79,70.24,14.98,14.77,Media,En observación,ACTIVO,0.7024239601251407,0.1498461414325168,0.14772989844234247,402.79000000000013,80,55700.57,696.257125,405.21000000000004,2550.56,817.914775225473,23,20,16,0.1498461414325168,0.7024239601251407,0.14772989844234247
USR0658,5430.67,2558.6,523.69,2348.39,47.11,9.64,43.24,Alta,Saludable,ACTIVO,0.47113892024372683,0.09643193197156152,0.43243098917813083,2348.38,75,95871.26,1278.2834666666665,534.16,5508.46,1857.3178579378505,17,23,14,0.09643193197156152,0.47113892024372683,0.43243098917813083
USR0659,1754.66,1212.07,497.57,45.02,69.08,28.36,2.57,Baja,En observación,ACTIVO,0.6907720014133791,0.28357060627130043,0.025657392315320347,45.02000000000015,72,35600.659999999996,494.45361111111106,139.26999999999998,1804.45,635.6165538052666,24,26,12,0.28357060627130043,0.6907720014133791,0.025657392315320347
USR0660,3167.89,2500.31,512.27,155.31,78.93,16.17,4.9,Baja,En riesgo,ACTIVO,0.7892666727695722,0.16170700371540678,0.04902632351502104,155.30999999999995,75,68018.34,906.9112,318.02,3193.48,1073.7480044872877,33,33,12,0.16170700371540678,0.7892666727695722,0.04902632351502104
USR0661,2548.96,1789.34,618.7,140.92,70.2,24.27,5.53,Baja,En observación,ACTIVO,0.7019882618793547,0.24272644529533616,0.05528529282530914,140.92000000000007,75,52059.62,694.1282666666667,225.0,2558.93,875.8600536266318,29,27,12,0.24272644529533616,0.7019882618793547,0.05528529282530914
USR0662,2792.67,1978.49,472.78,341.4,70.85,16.93,12.22,Media,En observación,ACTIVO,0.7084582138240465,0.16929318537456983,0.12224860080138361,341.4000000000001,76,57253.83,753.3398684210526,316.435,2730.72,920.9175995632376,29,25,14,0.16929318537456983,0.7084582138240465,0.12224860080138361
USR0663,6519.93,3617.01,799.41,2103.51,55.48,12.26,32.26,Alta,Saludable,INACTIVO,0.5547620910040445,0.12261021207282899,0.3226276969231265,2103.51,76,121643.33,1600.5701315789474,376.34,6616.8,2231.4237465047545,33,33,13,0.12261021207282899,0.5547620910040445,0.3226276969231265
USR0664,5154.28,3702.1,347.52,1104.67,71.83,6.74,21.43,Alta,En observación,ACTIVO,0.7182574481789892,0.06742357807492026,0.21432091388127927,1104.6599999999999,72,106276.57,1476.0634722222223,599.55,5291.58,1805.5760482228222,28,24,12,0.06742357807492026,0.7182574481789892,0.21432091388127927
USR0665,3745.52,1689.58,232.34,1823.6,45.11,6.2,48.69,Alta,Saludable,ACTIVO,0.4510935731220231,0.062031440227258164,0.4868749866507187,1823.6000000000001,76,65221.24,858.1742105263157,264.58500000000004,3671.89,1264.4930759491601,27,28,13,0.062031440227258164,0.4510935731220231,0.4868749866507187
USR0666,4432.89,2444.16,1845.29,143.44,55.14,41.63,3.24,Baja,En riesgo,ACTIVO,0.5513694226565513,0.41627245431310045,0.03235812303034814,143.4400000000005,75,82524.65,1100.3286666666665,279.93,7810.95,1727.745946844048,26,23,12,0.41627245431310045,0.5513694226565513,0.03235812303034814
USR0667,3665.85,2359.84,1974.13,-668.12,64.37,53.85,-18.23,Nunca,En riesgo,ACTIVO,0.6437361048597188,0.5385190337847976,-0.18225513864451628,-668.1200000000003,75,72308.20999999999,964.1094666666665,267.96,4306.4,1345.1514249894183,34,28,12,0.5385190337847976,0.6437361048597188,-0.18225513864451628
USR0668,4006.54,3374.13,1219.07,-586.66,84.22,30.43,-14.64,Nunca,En riesgo,ACTIVO,0.8421555756338387,0.30427001851972024,-0.14642559415355894,-586.6600000000001,75,88568.05,1180.9073333333333,353.43,5082.48,1494.0080534211943,31,33,12,0.30427001851972024,0.8421555756338387,-0.14642559415355894
USR0669,4879.49,3212.67,488.68,1178.14,65.84,10.01,24.14,Alta,En observación,ACTIVO,0.6584028248853877,0.10014981073841735,0.24144736437619507,1178.1399999999996,76,97105.95,1277.7098684210525,685.095,4909.6,1626.836243407835,27,23,14,0.10014981073841735,0.6584028248853877,0.24144736437619507
USR0670,6095.89,2373.23,328.0,3394.66,38.93,5.38,55.69,Alta,Saludable,ACTIVO,0.3893164082685219,0.05380674520045473,0.5568768465310233,3394.6600000000003,73,101629.46,1392.184383561644,362.5,6164.78,2150.3155489537307,26,23,13,0.05380674520045473,0.3893164082685219,0.5568768465310233
USR0671,4548.99,3226.9,398.03,924.06,70.94,8.75,20.31,Alta,En observación,ACTIVO,0.7093662549269178,0.08749854363276244,0.2031352014403197,924.0599999999997,72,93310.7,1295.9819444444445,783.615,4686.26,1574.9557960983448,27,20,11,0.08749854363276244,0.7093662549269178,0.2031352014403197
USR0672,1401.12,1017.43,364.12,19.57,72.62,25.99,1.4,Baja,En observación,ACTIVO,0.7261547904533516,0.25987781203608545,0.01396739751056298,19.569999999999936,73,29022.66,397.57068493150683,201.24,1417.09,473.1556533570015,30,19,13,0.25987781203608545,0.7261547904533516,0.01396739751056298
USR0673,2404.3,2209.17,727.3,-532.17,91.88,30.25,-22.13,Nunca,En riesgo,ACTIVO,0.9188412427733643,0.30249968805889443,-0.22134093083225884,-532.1699999999998,72,55361.71,768.9126388888889,264.795,6089.43,1056.4587431070388,28,28,12,0.30249968805889443,0.9188412427733643,-0.22134093083225884
USR0674,2818.05,2311.51,1182.22,-675.68,82.03,41.95,-23.98,Nunca,En riesgo,INACTIVO,0.8202515924131936,0.4195170419261546,-0.23976863433934809,-675.6800000000001,74,61554.64,831.8194594594595,385.53499999999997,2810.14,958.0894438482258,30,28,12,0.4195170419261546,0.8202515924131936,-0.23976863433934809
USR0675,2868.92,2655.07,91.36,122.49,92.55,3.18,4.27,Baja,En riesgo,ACTIVO,0.925459754890342,0.03184473599821536,0.04269550911144263,122.48999999999991,75,66287.8,883.8373333333334,552.12,2798.24,946.4854974336648,32,20,13,0.03184473599821536,0.925459754890342,0.04269550911144263
USR0676,2318.22,1843.8,639.93,-165.51,79.54,27.6,-7.14,Nunca,En riesgo,ACTIVO,0.7953516059735487,0.27604368869218626,-0.07139529466573492,-165.5100000000001,73,49944.28,684.1682191780822,340.05,2332.4,799.0697852856825,27,25,13,0.27604368869218626,0.7953516059735487,-0.07139529466573492
USR0677,5013.57,3931.56,2049.1,-967.09,78.42,40.87,-19.29,Nunca,En riesgo,ACTIVO,0.7841837253693477,0.4087107590000738,-0.19289448436942142,-967.0900000000001,75,107341.6,1431.2213333333334,577.77,5064.33,1700.83380040682,25,27,13,0.4087107590000738,0.7841837253693477,-0.19289448436942142
USR0678,5273.48,2080.61,684.43,2508.44,39.45,12.98,47.57,Alta,Saludable,ACTIVO,0.39454212398643784,0.12978716141902502,0.47567071459453725,2508.4399999999996,72,88249.05,1225.68125,290.61,5403.83,1883.008149247427,32,26,10,0.12978716141902502,0.39454212398643784,0.47567071459453725
USR0679,4615.79,3162.84,802.48,650.47,68.52,17.39,14.09,Media,En observación,ACTIVO,0.6852218146839436,0.1738553963676857,0.1409227889483707,650.4699999999998,75,93343.48,1244.5797333333333,409.67,4637.35,1567.9713994107794,28,31,14,0.1738553963676857,0.6852218146839436,0.1409227889483707
USR0680,5374.14,2862.03,142.51,2369.6,53.26,2.65,44.09,Alta,Saludable,ACTIVO,0.5325559066194777,0.026517731209086473,0.44092636217143577,2369.6000000000004,77,98834.06999999999,1283.5593506493506,388.49,5405.41,1806.4639701414778,24,29,14,0.026517731209086473,0.5325559066194777,0.44092636217143577
USR0681,5529.27,4035.53,2263.32,-769.58,72.98,40.93,-13.92,Nunca,En riesgo,ACTIVO,0.7298486056929757,0.40933432442257295,-0.1391829301155487,-769.5799999999999,73,114777.65,1572.2965753424658,645.81,5613.08,1934.9156180152916,22,28,13,0.40933432442257295,0.7298486056929757,-0.1391829301155487
USR0682,2729.98,2151.01,538.39,40.58,78.79,19.72,1.49,Baja,En riesgo,ACTIVO,0.7879215232346025,0.1972138990029231,0.01486457776247445,40.579999999999814,75,58571.83,780.9577333333334,313.29,2764.99,954.205155016996,29,27,15,0.1972138990029231,0.7879215232346025,0.01486457776247445
USR0683,1630.7,1380.58,144.93,105.19,84.66,8.89,6.45,Baja,En observación,ACTIVO,0.8466180168026001,0.08887594284663028,0.06450604035076961,105.19000000000011,77,36135.38,469.2906493506493,208.04,1540.6,513.0513582077172,25,28,14,0.08887594284663028,0.8466180168026001,0.06450604035076961
USR0684,5236.17,3712.72,1131.72,391.73,70.91,21.61,7.48,Baja,En observación,ACTIVO,0.7090526090634949,0.2161350758283249,0.07481231510818022,391.73000000000025,75,107386.76,1431.8234666666665,690.23,7783.88,1920.2234580061267,29,22,13,0.2161350758283249,0.7090526090634949,0.07481231510818022
USR0685,3181.21,1781.5,193.94,1205.77,56.0,6.1,37.9,Alta,Saludable,ACTIVO,0.560007041345903,0.060964224304588505,0.3790287343495085,1205.77,75,59552.47,794.0329333333334,251.92,5434.31,1199.6637230488334,25,23,12,0.060964224304588505,0.560007041345903,0.3790287343495085
USR0686,4345.04,3042.85,305.77,996.42,70.03,7.04,22.93,Alta,En observación,ACTIVO,0.7003042549665826,0.07037219450223703,0.22932355053118036,996.4200000000001,75,88654.77,1182.0636,733.43,4366.09,1417.5584427016413,35,14,14,0.07037219450223703,0.7003042549665826,0.22932355053118036
USR0687,3313.53,2766.05,549.01,-1.53,83.48,16.57,-0.05,Nunca,En riesgo,ACTIVO,0.8347743946787867,0.16568734853766223,-0.00046174321644892305,-1.5299999999999727,72,72954.93,1013.2629166666666,352.51,3787.64,1214.3870374401404,28,29,12,0.16568734853766223,0.8347743946787867,-0.00046174321644892305
USR0688,4560.11,3159.23,564.33,836.55,69.28,12.38,18.34,Media,En observación,ACTIVO,0.6927968842856862,0.12375359366331078,0.18344952205100315,836.5499999999996,72,92632.11,1286.5570833333334,397.54999999999995,4688.34,1607.956903310111,24,31,12,0.12375359366331078,0.6927968842856862,0.18344952205100315
USR0689,2859.89,1637.98,336.87,885.04,57.27,11.78,30.95,Alta,Saludable,ACTIVO,0.5727423082705978,0.11779124371916402,0.30946644801023815,885.0399999999998,74,53974.4,729.3837837837838,231.615,3126.16,1030.9987554045645,29,26,12,0.11779124371916402,0.5727423082705978,0.30946644801023815
USR0690,4985.76,3460.01,750.77,774.98,69.4,15.06,15.54,Media,En observación,ACTIVO,0.6939784506273868,0.15058285998523796,0.15543868938737523,774.98,72,101349.28,1407.628888888889,441.51,5064.89,1768.6570293229252,21,29,11,0.15058285998523796,0.6939784506273868,0.15543868938737523
USR0691,3703.76,1099.01,276.13,2328.62,29.67,7.46,62.87,Alta,Saludable,ACTIVO,0.29672818973151605,0.07455396677970494,0.6287178434887789,2328.62,73,57633.22,789.4961643835617,117.89,3779.67,1345.1908960344524,31,28,13,0.07455396677970494,0.29672818973151605,0.6287178434887789
USR0692,6368.28,4596.48,1255.46,516.34,72.18,19.71,8.11,Baja,En observación,INACTIVO,0.7217773087866739,0.19714271357415192,0.08107997763917417,516.3400000000001,77,131577.12,1708.793766233766,584.65,6409.77,2133.6486306911224,29,32,12,0.19714271357415192,0.7217773087866739,0.08107997763917417
USR0693,3448.69,1349.28,279.21,1820.2,39.12,8.1,52.78,Alta,Saludable,ACTIVO,0.3912442115701904,0.08096117656269482,0.5277946118671147,1820.1999999999998,72,57575.56,799.6605555555556,256.605,3522.73,1214.0047608984876,31,23,10,0.08096117656269482,0.3912442115701904,0.5277946118671147
USR0694,4271.41,2771.12,565.84,934.44,64.88,13.25,21.88,Alta,En observación,ACTIVO,0.6487600113311529,0.1324714789729855,0.21876616854855893,934.4499999999999,76,84510.33,1111.9780263157895,332.73,4243.36,1433.6741465916814,27,33,14,0.1324714789729855,0.6487600113311529,0.21876616854855893
USR0695,6520.98,3827.06,969.1,1724.82,58.69,14.86,26.45,Alta,Saludable,ACTIVO,0.586884179985217,0.14861263184367995,0.26450318817110313,1724.8199999999997,74,124176.56,1678.0616216216215,1041.49,6668.21,2232.187476100596,29,17,11,0.14861263184367995,0.586884179985217,0.26450318817110313
USR0696,1352.83,1120.61,620.66,-388.44,82.83,45.88,-28.71,Nunca,En riesgo,ACTIVO,0.828345024873783,0.45878639592557824,-0.2871314207993613,-388.43999999999994,76,29681.260000000002,390.54289473684213,190.33499999999998,1868.07,469.17715406675063,27,24,13,0.45878639592557824,0.828345024873783,-0.2871314207993613
USR0697,2997.52,1551.29,256.49,1189.74,51.75,8.56,39.69,Alta,Saludable,ACTIVO,0.5175244869091783,0.08556740238597241,0.3969081107048493,1189.74,77,54585.68,708.9049350649351,247.63,2931.63,940.3138666880601,32,29,15,0.08556740238597241,0.5175244869091783,0.3969081107048493
USR0698,3682.92,3291.92,420.43,-29.43,89.38,11.42,-0.8,Nunca,En riesgo,ACTIVO,0.8938342402224322,0.11415670174752642,-0.00799094196995862,-29.430000000000007,75,83698.07,1115.9742666666668,414.74,3705.2,1273.3462511485172,32,30,13,0.11415670174752642,0.8938342402224322,-0.00799094196995862
USR0699,2785.78,2066.05,341.69,378.04,74.16,12.27,13.57,Media,En observación,ACTIVO,0.7416414792266439,0.12265505531664381,0.1357034654567123,378.04,74,58222.04,786.7843243243243,299.65999999999997,2821.62,973.3010151802509,26,28,13,0.12265505531664381,0.7416414792266439,0.1357034654567123
USR0700,4197.69,2382.6,585.94,1229.15,56.76,13.96,29.28,Alta,Saludable,ACTIVO,0.5675978931269341,0.1395862962724737,0.2928158106005923,1229.1499999999996,75,78963.49,1052.8465333333334,280.38,4254.82,1426.1182061868326,25,32,12,0.1395862962724737,0.5675978931269341,0.2928158106005923
USR0701,2388.61,1817.24,507.78,63.59,76.08,21.26,2.66,Baja,En riesgo,ACTIVO,0.7607939345477076,0.21258388770037803,0.02662217775191429,63.590000000000146,72,50470.12,700.973888888889,256.12,2431.86,864.9605075468183,28,28,10,0.21258388770037803,0.7607939345477076,0.02662217775191429
USR0702,1365.8,869.09,297.59,199.12,63.63,21.79,14.58,Media,En observación,ACTIVO,0.6363230341191976,0.21788695270171327,0.14579001317908918,199.11999999999995,80,26818.62,335.23275,87.12,4147.76,601.4875690666507,30,29,13,0.21788695270171327,0.6363230341191976,0.14579001317908918
USR0703,4112.85,3413.19,1538.63,-838.97,82.99,37.41,-20.4,Nunca,En riesgo,ACTIVO,0.8298843867391225,0.37410311584424427,-0.20398750258336676,-838.9699999999998,73,90312.51,1237.1576712328767,475.76,4188.21,1430.2241743201585,26,29,11,0.37410311584424427,0.8298843867391225,-0.20398750258336676
USR0704,3740.09,1488.39,366.21,1885.49,39.8,9.79,50.41,Alta,Saludable,ACTIVO,0.3979556641685093,0.0979147560620199,0.5041295797694708,1885.4899999999998,75,62741.7,836.5559999999999,228.0,3750.35,1287.3776063356836,29,27,12,0.0979147560620199,0.3979556641685093,0.5041295797694708
USR0705,4483.08,3293.11,670.48,519.5,73.46,14.96,11.59,Media,En observación,ACTIVO,0.7345641835523792,0.14955789323411584,0.11588015382281824,519.4899999999998,74,93314.28,1261.0037837837838,490.07500000000005,4815.37,1592.3361580727972,25,25,13,0.14955789323411584,0.7345641835523792,0.11588015382281824
USR0706,5002.23,3345.34,950.46,706.43,66.88,19.0,14.12,Media,En observación,ACTIVO,0.6687697287009995,0.1900072567634835,0.14122301453551717,706.4299999999994,77,100170.9,1300.9207792207792,434.8,5078.5,1685.1446683544993,26,34,13,0.1900072567634835,0.6687697287009995,0.14122301453551717
USR0707,4450.75,2515.42,1747.32,188.01,56.52,39.26,4.22,Baja,En observación,ACTIVO,0.5651676683704994,0.3925900129191709,0.04224231871032972,188.01,72,83594.07,1161.0287500000002,437.445,4547.92,1552.63884182766,31,27,11,0.3925900129191709,0.5651676683704994,0.04224231871032972
USR0708,3590.21,2892.2,301.67,396.34,80.56,8.4,11.04,Media,En observación,INACTIVO,0.8055796179053593,0.08402572551466349,0.11039465657997721,396.3400000000002,76,77788.95999999999,1023.538947368421,313.14,3855.42,1225.5053878544193,28,30,14,0.08402572551466349,0.8055796179053593,0.11039465657997721
USR0709,1815.93,1508.03,899.16,-591.26,83.04,49.52,-32.56,Nunca,En riesgo,ACTIVO,0.8304450061401045,0.49515124481670547,-0.32559625095681,-591.2599999999999,75,39887.51,531.8334666666667,275.71,1838.03,614.9770843599132,27,25,14,0.49515124481670547,0.8304450061401045,-0.32559625095681
USR0710,1308.21,1140.18,568.49,-400.46,87.16,43.46,-30.61,Nunca,En riesgo,ACTIVO,0.8715573187790951,0.43455561415980615,-0.30611293293890124,-400.46000000000004,72,29380.7,408.0652777777778,188.675,1538.97,484.6762355791059,23,23,11,0.43455561415980615,0.8715573187790951,-0.30611293293890124
USR0711,6468.36,2658.23,454.05,3356.08,41.1,7.02,51.88,Alta,Saludable,ACTIVO,0.410958882931686,0.07019553642654398,0.5188455806417701,3356.0799999999995,76,109519.08,1441.0405263157895,318.79,6549.99,2237.7196951378246,27,29,15,0.07019553642654398,0.410958882931686,0.5188455806417701
USR0712,5101.29,2891.61,585.14,1624.55,56.68,11.47,31.85,Alta,Saludable,ACTIVO,0.5668389760237117,0.11470431988771468,0.3184586643770497,1624.54,76,95914.78,1262.0365789473683,497.515,5133.66,1718.8543877187913,22,22,14,0.11470431988771468,0.5668389760237117,0.3184586643770497
USR0713,2169.5,1612.05,212.42,345.03,74.31,9.79,15.9,Media,En observación,ACTIVO,0.7430513943304908,0.09791196128140124,0.15903664438810786,345.0300000000001,76,45378.61,597.0869736842105,278.175,2433.39,741.7654462501737,27,23,15,0.09791196128140124,0.7430513943304908,0.15903664438810786
USR0714,5137.81,3596.46,205.94,1335.4,70.0,4.01,25.99,Alta,En observación,ACTIVO,0.6999986375517974,0.04008322612163548,0.25991618997199195,1335.4100000000003,75,104811.21,1397.4828,616.33,5199.14,1847.879876100936,27,23,13,0.04008322612163548,0.6999986375517974,0.25991618997199195
USR0715,6705.22,5297.26,1663.72,-255.76,79.0,24.81,-3.81,Nunca,En riesgo,ACTIVO,0.7900203125326238,0.248123104089053,-0.03814341662167684,-255.76,75,144029.74,1920.3965333333333,894.85,11722.63,2589.8045500429084,35,21,12,0.248123104089053,0.7900203125326238,-0.03814341662167684
USR0716,5115.44,3036.06,858.48,1220.9,59.35,16.78,23.87,Alta,Saludable,ACTIVO,0.5935090627590198,0.1678213408817228,0.2386695963592575,1220.8999999999996,76,97817.96,1287.0784210526317,457.115,5202.19,1714.3474737357476,35,26,12,0.1678213408817228,0.5935090627590198,0.2386695963592575
USR0717,5859.29,3725.79,1145.18,988.32,63.59,19.54,16.87,Media,En observación,ACTIVO,0.6358773844612573,0.19544688861619755,0.16867572692254523,988.3199999999999,73,115021.04,1575.6306849315067,536.46,5962.29,2022.5356591818158,27,30,12,0.19544688861619755,0.6358773844612573,0.16867572692254523
USR0718,3321.75,1879.1,1226.75,215.9,56.57,36.93,6.5,Baja,En observación,ACTIVO,0.5656957928802588,0.36930834650410177,0.06499586061563935,215.9000000000001,77,62410.22,810.5223376623377,277.48,3321.39,1105.8692652720804,40,29,13,0.36930834650410177,0.5656957928802588,0.06499586061563935
USR0719,4925.55,2858.17,440.72,1626.66,58.03,8.95,33.02,Alta,Saludable,ACTIVO,0.5802742840901016,0.08947630213884744,0.33024941377105094,1626.66,75,93404.59999999999,1245.3946666666666,375.25,4965.26,1683.3539082802888,26,27,12,0.08947630213884744,0.5802742840901016,0.33024941377105094
USR0720,1970.79,1428.87,427.17,114.75,72.5,21.68,5.82,Baja,En observación,ACTIVO,0.7250239751571704,0.21675064314310505,0.05822538169972448,114.75000000000006,77,40795.89,529.8167532467533,280.83,1963.34,653.2084452600537,27,21,14,0.21675064314310505,0.7250239751571704,0.05822538169972448
USR0721,4492.55,2383.01,626.01,1483.53,53.04,13.93,33.02,Alta,Saludable,ACTIVO,0.5304359439516533,0.13934402510823474,0.33022003094011193,1483.53,74,82506.73,1114.9558108108108,348.69000000000005,5082.33,1590.8047230641812,24,26,13,0.13934402510823474,0.5304359439516533,0.33022003094011193
USR0722,6027.72,3710.34,290.92,2026.47,61.55,4.83,33.62,Alta,En observación,ACTIVO,0.6155461766638132,0.04826368842613791,0.33619179391212595,2026.46,74,116856.7,1579.1445945945945,620.59,6072.47,2046.5069430290905,25,26,13,0.04826368842613791,0.6155461766638132,0.33619179391212595
USR0723,4420.95,4419.64,305.11,-303.8,99.97,6.9,-6.87,Nunca,En riesgo,ACTIVO,0.999703683597417,0.06901457831461565,-0.0687182619120325,-303.8000000000005,74,106087.06999999999,1433.609054054054,1030.4050000000002,4558.46,1537.037834740941,27,18,13,0.06901457831461565,0.999703683597417,-0.0687182619120325
USR0724,3207.46,2151.61,430.79,625.05,67.08,13.43,19.49,Media,En observación,ACTIVO,0.6708142891883297,0.13430876768533356,0.19487382539454895,625.06,77,64308.8,835.1792207792208,325.4,3183.07,1042.9736917630814,29,27,14,0.13430876768533356,0.6708142891883297,0.19487382539454895
USR0725,3092.66,1249.94,41.87,1800.85,40.42,1.35,58.23,Alta,Saludable,ACTIVO,0.40416340625868996,0.013538507304391689,0.5822980864369184,1800.85,81,52111.22,643.3483950617284,164.3,5148.61,977.6472535690682,25,33,16,0.013538507304391689,0.40416340625868996,0.5822980864369184
USR0726,1900.84,1454.3,371.57,74.97,76.51,19.55,3.94,Baja,En riesgo,ACTIVO,0.7650828054965173,0.19547673660066076,0.03944045790282191,74.96999999999997,74,40261.62,544.0759459459459,189.38,1900.54,656.5024640772523,29,29,12,0.19547673660066076,0.7650828054965173,0.03944045790282191
USR0727,1324.36,765.11,177.66,381.58,57.77,13.41,28.81,Alta,Saludable,ACTIVO,0.5777205593645233,0.13414781479356067,0.2881240750249177,381.5899999999999,72,25073.66,348.2452777777778,106.05,1351.13,475.57865464594954,31,26,12,0.13414781479356067,0.5777205593645233,0.2881240750249177
USR0728,4943.88,2645.3,834.34,1464.24,53.51,16.88,29.62,Alta,Saludable,ACTIVO,0.5350655760253081,0.1687621867844689,0.29617223719022306,1464.2399999999998,74,91070.24,1230.678918918919,346.21000000000004,4998.45,1680.1192835699114,24,34,14,0.1687621867844689,0.5350655760253081,0.29617223719022306
USR0729,4554.12,3164.32,1043.44,346.36,69.48,22.91,7.61,Baja,En observación,ACTIVO,0.6948257841251438,0.2291200056212836,0.07605421025357259,346.3599999999997,76,92621.25,1218.7006578947369,631.855,4510.61,1477.6539555122151,28,23,14,0.2291200056212836,0.6948257841251438,0.07605421025357259
USR0730,5181.88,3001.03,536.13,1644.73,57.91,10.35,31.74,Alta,Saludable,ACTIVO,0.579139231321451,0.10346244992165006,0.31740024855843824,1644.7199999999998,72,98194.91,1363.8181944444445,629.8199999999999,5298.68,1798.0483524294225,28,18,12,0.10346244992165006,0.579139231321451,0.31740024855843824
USR0731,1582.24,1219.56,632.68,-270.01,77.08,39.99,-17.06,Nunca,En riesgo,ACTIVO,0.7707806653857822,0.39986348467994737,-0.17065047021943572,-269.9999999999999,72,33621.6,466.96666666666664,130.655,2832.51,654.782201505547,29,27,11,0.39986348467994737,0.7707806653857822,-0.17065047021943572
USR0732,5469.63,2350.45,271.26,2847.92,42.97,4.96,52.07,Alta,Saludable,ACTIVO,0.4297274221473847,0.04959384821276759,0.5206787296398476,2847.92,75,93840.88,1251.2117333333333,302.62,5490.64,1856.7575978486193,28,31,14,0.04959384821276759,0.4297274221473847,0.5206787296398476
USR0733,1808.09,1295.81,517.2,-4.92,71.67,28.6,-0.27,Nunca,En observación,ACTIVO,0.716673395682737,0.2860477078021559,-0.0027211034848928983,-4.920000000000073,74,37246.84,503.33567567567565,196.57999999999998,1952.22,631.8181377473454,25,27,13,0.2860477078021559,0.716673395682737,-0.0027211034848928983
USR0734,6871.15,6995.34,687.04,-811.23,101.81,10.0,-11.81,Nunca,En riesgo,ACTIVO,1.0180741215080447,0.09998908479657699,-0.11806320630462151,-811.2300000000005,76,166397.85,2189.445394736842,1481.075,6903.33,2278.454392776203,29,21,15,0.09998908479657699,1.0180741215080447,-0.11806320630462151
USR0735,3679.66,2924.6,1456.79,-701.74,79.48,39.59,-19.07,Nunca,En riesgo,ACTIVO,0.794801693634738,0.39590342585999794,-0.1907078371371268,-701.73,75,79251.11,1056.6814666666667,444.53,3627.9,1217.4538347900989,35,29,13,0.39590342585999794,0.794801693634738,-0.1907078371371268
USR0736,6536.59,5006.35,1331.49,198.75,76.59,20.37,3.04,Baja,En riesgo,ACTIVO,0.7658962853720366,0.20369795260219778,0.030405762025765726,198.74999999999977,73,138515.32,1897.4701369863014,899.96,6617.12,2254.7000949778303,26,25,12,0.20369795260219778,0.7658962853720366,0.030405762025765726
USR0737,4130.2,3326.42,2088.34,-1284.56,80.54,50.56,-31.1,Nunca,En riesgo,ACTIVO,0.8053895695123723,0.5056268461575711,-0.31101641566994337,-1284.5600000000004,78,89479.5,1147.173076923077,582.965,4110.08,1368.126717283036,34,23,15,0.5056268461575711,0.8053895695123723,-0.31101641566994337
USR0738,3577.14,2370.9,1277.21,-70.98,66.28,35.7,-1.98,Nunca,En observación,ACTIVO,0.6627920629329577,0.35704780914361756,-0.019842667605964544,-70.97000000000025,73,71376.45,977.7595890410959,336.29,5548.3,1333.79457843594,37,27,12,0.35704780914361756,0.6627920629329577,-0.019842667605964544
USR0739,3687.02,2373.45,2122.16,-808.6,64.37,57.56,-21.93,Nunca,En riesgo,ACTIVO,0.643731251796844,0.5755759393765154,-0.21930990339081427,-808.5899999999997,72,72725.64,1010.0783333333334,154.53,6740.35,1577.6580326306284,27,31,12,0.5755759393765154,0.643731251796844,-0.21930990339081427
USR0740,3995.22,2220.94,516.56,1257.73,55.59,12.93,31.48,Alta,Saludable,ACTIVO,0.5558992996630975,0.12929450693578826,0.31480869639218867,1257.7199999999998,76,74593.91,981.4988157894737,385.975,3946.45,1358.8349570108137,31,24,14,0.12929450693578826,0.5558992996630975,0.31480869639218867
USR0741,3624.77,2317.29,1730.73,-423.25,63.93,47.75,-11.68,Nunca,En riesgo,ACTIVO,0.6392929758301906,0.47747305346270247,-0.11676602929289306,-423.25,73,71304.79,976.7779452054793,369.25,3704.47,1255.6071641695005,34,24,13,0.47747305346270247,0.6392929758301906,-0.11676602929289306
USR0742,5746.42,5182.38,650.26,-86.22,90.18,11.32,-1.5,Nunca,En riesgo,ACTIVO,0.9018449747843005,0.11315914952265932,-0.01500412430695981,-86.22000000000003,79,131145.63,1660.0712658227849,868.85,5624.17,1855.7252362519835,26,27,15,0.11315914952265932,0.9018449747843005,-0.01500412430695981
USR0743,3884.45,3147.5,543.07,193.88,81.03,13.98,4.99,Baja,En riesgo,ACTIVO,0.8102820219078635,0.13980615016282874,0.04991182792930788,193.87999999999977,73,84383.43,1155.9373972602739,533.91,3970.3,1326.6128471349166,26,27,13,0.13980615016282874,0.8102820219078635,0.04991182792930788
USR0744,3162.55,2860.8,220.93,80.82,90.46,6.99,2.56,Baja,En riesgo,ACTIVO,0.904586488751166,0.06985818406033106,0.025555327188502945,80.82,77,72280.11,938.7027272727273,450.45,3161.28,1056.5678369404102,32,25,14,0.06985818406033106,0.904586488751166,0.025555327188502945
USR0745,5998.79,4919.81,1083.85,-4.87,82.01,18.07,-0.08,Nunca,En riesgo,ACTIVO,0.820133726968272,0.18067810341752252,-0.0008118303857944686,-4.870000000000346,76,131023.24,1723.99,694.94,5974.49,2002.1275773130278,28,33,14,0.18067810341752252,0.820133726968272,-0.0008118303857944686
USR0746,1940.3,1428.71,620.23,-108.65,73.63,31.97,-5.6,Nunca,En observación,ACTIVO,0.7363345874349327,0.3196567541101892,-0.055996495387311246,-108.6400000000001,74,40428.13,546.326081081081,276.275,1940.79,645.2853367666708,36,24,11,0.3196567541101892,0.7363345874349327,-0.055996495387311246
USR0747,4777.09,1912.03,577.1,2287.95,40.03,12.08,47.89,Alta,Saludable,ACTIVO,0.4002499429569047,0.12080576250395116,0.4789422012145469,2287.9600000000005,75,80269.48,1070.2597333333333,242.31,4838.72,1647.7225008936668,28,31,12,0.12080576250395116,0.4002499429569047,0.4789422012145469
USR0748,1619.15,1231.51,237.99,149.65,76.06,14.7,9.24,Baja,En observación,ACTIVO,0.7605904332520149,0.1469845289194948,0.09242503782849025,149.6500000000001,74,34207.93,462.2693243243243,201.01999999999998,1608.52,562.5833375691961,32,22,13,0.1469845289194948,0.7605904332520149,0.09242503782849025
USR0749,5720.13,2683.95,659.1,2377.08,46.92,11.52,41.56,Alta,Saludable,ACTIVO,0.46921136407738984,0.1152246539851367,0.4155639819374734,2377.0800000000004,72,100848.84999999999,1400.6784722222221,643.9300000000001,5843.59,1996.8753958225072,29,19,11,0.1152246539851367,0.46921136407738984,0.4155639819374734
USR0750,4522.96,4023.96,331.1,167.9,88.97,7.32,3.71,Baja,En riesgo,ACTIVO,0.8896740187841591,0.07320427330774537,0.03712170790809558,167.89999999999998,75,102563.0,1367.5066666666667,1024.87,4536.65,1476.9727392023349,26,13,13,0.07320427330774537,0.8896740187841591,0.03712170790809558
USR0751,2191.1,1363.62,233.23,594.25,62.23,10.64,27.12,Alta,En observación,ACTIVO,0.6223449408972662,0.1064442517456985,0.2712108073570353,594.25,73,42656.71,584.3384931506849,232.19,2209.63,736.5883251153992,31,28,13,0.1064442517456985,0.6223449408972662,0.2712108073570353
USR0752,4415.76,1679.86,200.23,2535.66,38.04,4.53,57.42,Alta,Saludable,ACTIVO,0.3804237549142163,0.04534440277551316,0.5742295776944398,2535.6700000000005,73,73147.44,1002.0197260273973,193.67,6902.92,1722.2898900655912,25,25,12,0.04534440277551316,0.3804237549142163,0.5742295776944398
USR0753,2319.83,1581.57,332.49,405.77,68.18,14.33,17.49,Media,En observación,ACTIVO,0.6817611635335348,0.1433251574468819,0.17491367901958332,405.77,77,46816.82,608.0106493506494,251.82,2270.53,753.1792549155207,30,28,14,0.1433251574468819,0.6817611635335348,0.17491367901958332
USR0754,5484.85,5040.27,550.3,-105.73,91.89,10.03,-1.93,Nunca,En riesgo,INACTIVO,0.9189440002917126,0.10033091151079791,-0.019276735006426793,-105.72000000000003,76,126301.4,1661.8605263157895,1117.675,5615.95,1902.6316447642682,23,19,14,0.10033091151079791,0.9189440002917126,-0.019276735006426793
USR0755,4361.43,2873.87,275.94,1211.62,65.89,6.33,27.78,Alta,En observación,ACTIVO,0.6589283789949626,0.06326824000385194,0.27780338100118535,1211.6200000000003,72,86823.65,1205.8840277777776,364.675,4563.61,1590.7166009948885,28,28,10,0.06326824000385194,0.6589283789949626,0.27780338100118535
USR0756,6691.22,2384.51,370.13,3936.59,35.64,5.53,58.83,Alta,Saludable,ACTIVO,0.35636401134621193,0.055315772011680975,0.5883217111378792,3936.58,72,108908.72,1512.621111111111,385.125,6821.87,2382.1029593916405,33,24,9,0.055315772011680975,0.35636401134621193,0.5883217111378792
USR0757,5061.08,2453.02,403.47,2204.59,48.47,7.97,43.56,Alta,Saludable,ACTIVO,0.48468311111462375,0.07972013878460725,0.43559675010076904,2204.59,72,90169.12,1252.3488888888887,373.885,5209.53,1806.2107488670008,27,25,9,0.07972013878460725,0.48468311111462375,0.43559675010076904
USR0758,5076.08,3641.4,580.72,853.96,71.74,11.44,16.82,Media,En observación,ACTIVO,0.7173645805424659,0.11440324029566122,0.16823217916187294,853.9599999999998,75,104609.71,1394.7961333333335,613.95,5106.73,1692.827852816104,30,27,12,0.11440324029566122,0.7173645805424659,0.16823217916187294
USR0759,3451.7,2369.95,608.51,473.24,68.66,17.63,13.71,Media,En observación,ACTIVO,0.6866037025233942,0.1762928412086798,0.13710345626792597,473.24,76,69859.83,919.2082894736842,383.405,3403.76,1183.3027686633582,35,24,14,0.1762928412086798,0.6866037025233942,0.13710345626792597
USR0760,3458.06,2816.5,999.01,-357.45,81.45,28.89,-10.34,Nunca,En riesgo,ACTIVO,0.8144740114399404,0.2888931944500674,-0.1033672058900077,-357.45000000000005,75,75294.67,1003.9289333333334,673.39,3419.24,1139.7768113213542,30,19,13,0.2888931944500674,0.8144740114399404,-0.1033672058900077
USR0761,5783.64,4974.63,543.39,265.62,86.01,9.4,4.59,Baja,En riesgo,ACTIVO,0.8601209618855945,0.09395294312924041,0.04592609498516505,265.62000000000023,76,129099.27,1698.674605263158,663.81,5899.57,1975.463276232989,29,34,14,0.09395294312924041,0.8601209618855945,0.04592609498516505
USR0762,5757.58,3042.51,107.57,2607.5,52.84,1.87,45.29,Alta,Saludable,ACTIVO,0.5284355579948521,0.018683196759749755,0.45288124524539825,2607.4999999999995,75,105601.15,1408.0153333333333,646.78,5803.05,1942.3571397857238,26,21,12,0.018683196759749755,0.5284355579948521,0.45288124524539825
USR0763,3529.84,2118.91,446.52,964.41,60.03,12.65,27.32,Alta,En observación,ACTIVO,0.6002849987534845,0.1264986514969517,0.2732163497495637,964.4100000000003,73,67784.99,928.5615068493152,307.87,3585.52,1213.7214927441498,37,28,12,0.1264986514969517,0.6002849987534845,0.2732163497495637
USR0764,4369.33,3669.17,468.21,231.96,83.98,10.72,5.31,Baja,En observación,ACTIVO,0.8397557520260543,0.10715830573566199,0.05308823091869921,231.94999999999987,74,96461.99,1303.5404054054054,490.53999999999996,4407.88,1475.3273985959115,30,32,13,0.10715830573566199,0.8397557520260543,0.05308823091869921
USR0765,2010.63,1514.31,432.62,63.7,75.32,21.52,3.17,Baja,En riesgo,ACTIVO,0.7531519971352262,0.21516639063378143,0.03168161223099228,63.70000000000016,73,42299.22,579.4413698630137,249.89,2013.29,703.3459036817341,31,21,11,0.21516639063378143,0.7531519971352262,0.03168161223099228
USR0766,1984.63,1479.48,390.19,114.96,74.55,19.66,5.79,Baja,En observación,ACTIVO,0.7454689287171916,0.196605916468057,0.057925154814751356,114.9600000000001,77,41569.39,539.8622077922078,245.48,1966.81,648.0344197539597,25,21,13,0.196605916468057,0.7454689287171916,0.057925154814751356
USR0767,3635.69,2458.23,702.64,474.82,67.61,19.33,13.06,Media,En observación,ACTIVO,0.6761385046579879,0.19326180174877394,0.13059969359323814,474.82000000000005,75,73126.95999999999,975.0261333333332,457.94,3590.91,1225.3887803291116,25,23,13,0.19326180174877394,0.6761385046579879,0.13059969359323814
USR0768,4219.19,2260.73,118.95,1839.51,53.58,2.82,43.6,Alta,Saludable,ACTIVO,0.5358208566099181,0.0281926151702104,0.4359865282198716,1839.5099999999995,77,77759.05,1009.8577922077923,255.99,4249.4,1445.112937228003,32,30,14,0.0281926151702104,0.5358208566099181,0.4359865282198716
USR0769,3396.82,2711.99,911.07,-226.24,79.84,26.82,-6.66,Nunca,En riesgo,ACTIVO,0.7983908479106928,0.26821262239388605,-0.06660347030457898,-226.23999999999967,73,73305.68,1004.1873972602739,374.75,3440.22,1175.3087325146003,24,31,13,0.26821262239388605,0.7983908479106928,-0.06660347030457898
USR0770,3151.01,1349.48,233.61,1567.92,42.83,7.41,49.76,Alta,Saludable,ACTIVO,0.42826903119952014,0.07413813348735802,0.4975928353131218,1567.92,75,54005.82,720.0776,172.7,3117.17,1076.411544581196,31,26,12,0.07413813348735802,0.42826903119952014,0.4975928353131218
USR0771,6997.73,5570.31,1471.36,-43.93,79.6,21.03,-0.63,Nunca,En riesgo,ACTIVO,0.7960167082753979,0.21026247082982624,-0.006277750070379966,-43.94000000000074,77,150816.47,1958.6554545454546,746.88,7087.12,2429.2706596785624,31,26,14,0.21026247082982624,0.7960167082753979,-0.006277750070379966
USR0772,3784.5,2851.7,776.0,156.8,75.35,20.5,4.14,Baja,En riesgo,ACTIVO,0.7535209406790857,0.2050469018364381,0.04143215748447616,156.80000000000018,72,79634.45999999999,1106.0341666666666,534.12,3892.69,1310.6672124411712,36,26,11,0.2050469018364381,0.7535209406790857,0.04143215748447616
USR0773,4421.96,2468.51,347.62,1605.82,55.82,7.86,36.31,Alta,Saludable,ACTIVO,0.5582388804964314,0.07861219911532442,0.363146658947616,1605.83,78,82685.68,1060.0728205128205,475.365,4313.29,1437.3030485762167,30,22,15,0.07861219911532442,0.5582388804964314,0.363146658947616
USR0774,5599.82,3204.36,726.27,1669.18,57.22,12.97,29.81,Alta,Saludable,ACTIVO,0.5722255358207943,0.1296952402041494,0.29807743820337085,1669.1899999999996,75,105650.15,1408.6686666666667,671.31,5695.08,1925.5828085580774,29,23,12,0.1296952402041494,0.5722255358207943,0.29807743820337085
USR0775,5380.17,3672.76,587.36,1120.06,68.26,10.92,20.82,Alta,En observación,ACTIVO,0.682647574333153,0.10917127153974689,0.2081830128044281,1120.0499999999997,74,108635.14,1468.0424324324324,503.81,5448.24,1823.1275886000271,31,32,13,0.10917127153974689,0.682647574333153,0.2081830128044281
USR0776,6012.65,5491.56,1529.46,-1008.36,91.33,25.44,-16.77,Nunca,En riesgo,ACTIVO,0.9133343866681082,0.25437369545874117,-0.1677064189666786,-1008.3700000000008,75,138050.48,1840.6730666666667,1384.54,6176.87,1999.5637249997965,22,17,12,0.25437369545874117,0.9133343866681082,-0.1677064189666786
USR0777,4338.82,2953.07,625.21,760.54,68.06,14.41,17.53,Media,En observación,ACTIVO,0.6806159278329131,0.14409678207438892,0.17528729009269803,760.5399999999995,76,87502.72,1151.3515789473684,387.66999999999996,4328.98,1457.6412754429011,28,32,13,0.14409678207438892,0.6806159278329131,0.17528729009269803
USR0778,2134.02,1649.77,204.77,279.47,77.31,9.6,13.1,Media,En observación,INACTIVO,0.7730808521007301,0.09595505196764792,0.1309594099399256,279.48,78,45405.46,582.121282051282,289.82,2071.81,673.7534380171231,29,24,15,0.09595505196764792,0.7730808521007301,0.1309594099399256
USR0779,2992.98,2091.04,354.21,547.73,69.86,11.83,18.3,Media,En observación,ACTIVO,0.6986481700512532,0.11834693182045987,0.18300489812828685,547.73,74,61008.27,824.436081081081,282.445,3029.22,1042.8757492715408,31,28,14,0.11834693182045987,0.6986481700512532,0.18300489812828685
USR0780,3212.41,2455.03,498.83,258.55,76.42,15.53,8.05,Baja,En observación,ACTIVO,0.7642330835727694,0.15528217132931352,0.08048474509791714,258.54999999999967,73,68009.25,931.6335616438356,437.29,4312.69,1172.4810181694602,32,23,12,0.15528217132931352,0.7642330835727694,0.08048474509791714
USR0781,2737.78,1013.44,376.79,1347.56,37.02,13.76,49.22,Alta,Saludable,ACTIVO,0.37016853070736144,0.13762610582296605,0.49220901606411027,1347.5500000000002,76,45014.65,592.2980263157895,139.275,2601.52,892.5680182260916,35,28,13,0.13762610582296605,0.37016853070736144,0.49220901606411027
USR0782,3590.54,2350.58,364.11,875.85,65.47,10.14,24.39,Alta,En observación,ACTIVO,0.6546591877544882,0.10140814473588931,0.24393266750962253,875.85,73,71293.46,976.6227397260275,494.95,3664.92,1233.5879440874678,31,21,13,0.10140814473588931,0.6546591877544882,0.24393266750962253
USR0783,4416.24,3500.78,1585.49,-670.03,79.27,35.9,-15.17,Nunca,En riesgo,ACTIVO,0.7927060123544011,0.3590135499882253,-0.15171956234262632,-670.0300000000004,76,95004.27,1250.0561842105265,766.3,4413.14,1450.0536329823271,30,21,14,0.3590135499882253,0.7927060123544011,-0.15171956234262632
USR0784,3867.32,2603.82,752.43,511.07,67.33,19.46,13.22,Media,En observación,ACTIVO,0.6732879616892319,0.19456109140179761,0.13215094690897056,511.07000000000005,72,77653.61,1078.5223611111112,343.56,3978.85,1354.9008289528663,24,30,11,0.19456109140179761,0.6732879616892319,0.13215094690897056
USR0785,4375.54,2541.44,2179.86,-345.76,58.08,49.82,-7.9,Nunca,En riesgo,ACTIVO,0.5808288805496008,0.4981922231313164,-0.0790211036809171,-345.7600000000002,74,83003.75,1121.6722972972973,378.055,4432.15,1500.1370796994422,24,30,12,0.4981922231313164,0.5808288805496008,-0.0790211036809171
USR0786,6997.49,6373.06,1659.4,-1034.97,91.08,23.71,-14.79,Nunca,En riesgo,ACTIVO,0.9107637167041326,0.23714217526570244,-0.14790589196983492,-1034.9700000000007,74,160446.68,2168.1983783783785,1053.665,7152.03,2406.3487534215037,23,31,12,0.23714217526570244,0.9107637167041326,-0.14790589196983492
USR0787,4729.97,3548.66,1117.98,63.34,75.02,23.64,1.34,Baja,En riesgo,ACTIVO,0.7502500015856337,0.23636090715163097,0.01339120544104931,63.33000000000038,74,99343.53,1342.480135135135,395.925,5295.56,1685.3052643099825,31,32,13,0.23636090715163097,0.7502500015856337,0.01339120544104931
USR0788,4765.01,3182.75,836.44,745.82,66.79,17.55,15.65,Media,En observación,ACTIVO,0.6679419350641447,0.17553793171472884,0.1565201332211265,745.8200000000002,76,95373.21,1254.910657894737,667.9649999999999,4799.51,1579.8227939996607,28,21,14,0.17553793171472884,0.6679419350641447,0.1565201332211265
USR0789,5512.21,3821.63,957.18,733.4,69.33,17.36,13.31,Media,En observación,ACTIVO,0.6933026862184133,0.1736472304211922,0.13305008336039448,733.4,75,112005.98,1493.4130666666665,637.8,5499.75,1870.827802771878,27,27,13,0.1736472304211922,0.6933026862184133,0.13305008336039448
USR0790,5144.25,4108.6,651.66,383.99,79.87,12.67,7.46,Baja,En observación,ACTIVO,0.79867813578267,0.1266773582154833,0.07464450600184673,383.98999999999967,76,111034.15,1460.9756578947367,776.995,8007.08,1819.0452995549324,34,18,14,0.1266773582154833,0.79867813578267,0.07464450600184673
USR0791,3942.01,2982.85,510.52,448.64,75.67,12.95,11.38,Media,En observación,ACTIVO,0.7566825046105919,0.1295075354958511,0.11380995989355683,448.6400000000003,73,83098.4,1138.3342465753424,426.4,3981.4,1349.823402497648,32,30,13,0.1295075354958511,0.7566825046105919,0.11380995989355683
USR0792,1871.25,1355.48,234.49,281.28,72.44,12.53,15.03,Media,En observación,ACTIVO,0.7243714094856379,0.125311957247829,0.15031663326653305,281.28,76,38720.72,509.48315789473685,251.46499999999997,1780.63,595.3564409600028,35,25,13,0.125311957247829,0.7243714094856379,0.15031663326653305
USR0793,3129.04,2300.29,637.63,191.12,73.51,20.38,6.11,Baja,En observación,ACTIVO,0.7351424078950732,0.20377815560043974,0.061079436504487,191.12,75,65151.95,868.6926666666666,403.96,3238.12,1007.5557676220551,29,27,14,0.20377815560043974,0.7351424078950732,0.061079436504487
USR0794,4667.16,3653.28,1796.5,-782.62,78.28,38.49,-16.77,Nunca,En riesgo,ACTIVO,0.7827629650579796,0.3849235937915135,-0.16768655884949307,-782.6200000000003,75,99845.27,1331.2702666666667,403.14,4723.11,1593.5008687562602,28,31,12,0.3849235937915135,0.7827629650579796,-0.16768655884949307
USR0795,3718.08,2752.42,1237.41,-271.75,74.03,33.28,-7.31,Nunca,En observación,ACTIVO,0.7402799294259403,0.3328088690937258,-0.07308879851966607,-271.7500000000002,75,77646.03,1035.2803999999999,388.3,3786.31,1293.829465784003,27,29,12,0.3328088690937258,0.7402799294259403,-0.07308879851966607
USR0796,4328.28,3322.87,756.24,249.16,76.77,17.47,5.76,Baja,En observación,ACTIVO,0.7677114234753759,0.17472067426321775,0.0575655918748325,249.16999999999985,76,91813.76,1208.0757894736842,419.3,4423.28,1510.8689508396708,32,30,14,0.17472067426321775,0.7677114234753759,0.0575655918748325
USR0797,2824.81,2234.13,547.97,42.72,79.09,19.4,1.51,Baja,En riesgo,ACTIVO,0.790895670859279,0.19398472817640833,0.0151231410254141,42.70999999999981,75,60707.25,809.43,369.05,2853.13,934.006514943422,29,22,13,0.19398472817640833,0.790895670859279,0.0151231410254141
USR0798,3347.14,2426.84,485.03,435.28,72.5,14.49,13.0,Media,En observación,ACTIVO,0.7250488476729388,0.14490878780092856,0.13004535215138893,435.26999999999975,73,69287.75,949.1472602739726,501.56,3415.1,1158.6464129969604,33,22,13,0.14490878780092856,0.7250488476729388,0.13004535215138893
USR0799,4779.32,3487.0,1674.47,-382.15,72.96,35.04,-8.0,Nunca,En observación,ACTIVO,0.729601700660345,0.3503573730154081,-0.07995907367575304,-382.1500000000003,75,99195.83,1322.6110666666666,409.08,5228.08,1689.9365658081974,35,32,14,0.3503573730154081,0.729601700660345,-0.07995907367575304
USR0800,6757.29,2664.4,681.7,3411.19,39.43,10.09,50.48,Alta,Saludable,ACTIVO,0.3943000818375414,0.10088363826326827,0.5048162798991903,3411.1899999999996,73,113060.22,1548.7701369863014,530.47,6876.94,2363.607079213236,28,23,13,0.10088363826326827,0.3943000818375414,0.5048162798991903
USR0801,3900.66,3212.42,1084.04,-395.81,82.36,27.79,-10.15,Nunca,En riesgo,ACTIVO,0.8235580645326689,0.2779119431070639,-0.10147257130844524,-395.8000000000002,75,85356.96,1138.0928000000001,565.49,3896.62,1289.0763368559885,28,24,13,0.2779119431070639,0.8235580645326689,-0.10147257130844524
USR0802,5356.94,2793.39,872.41,1691.14,52.15,16.29,31.57,Alta,Saludable,ACTIVO,0.5214525456697294,0.1628560334818012,0.3156914208484695,1691.1399999999999,75,97803.91,1304.0521333333334,315.39,5089.05,1795.5233486340364,27,32,12,0.1628560334818012,0.5214525456697294,0.3156914208484695
USR0803,5171.73,4640.63,1554.73,-1023.63,89.73,30.06,-19.79,Nunca,En riesgo,ACTIVO,0.8973070906640526,0.300620875413063,-0.1979279660771154,-1023.6300000000006,75,117748.37,1569.9782666666665,1156.21,5284.44,1740.4993262818275,31,16,14,0.300620875413063,0.8973070906640526,-0.1979279660771154
USR0804,3434.32,1638.9,336.93,1458.49,47.72,9.81,42.47,Alta,Saludable,ACTIVO,0.47721237391972793,0.09810675766964057,0.4246808684106315,1458.49,78,60878.71,780.496282051282,125.72999999999999,6728.18,1351.2478174694188,30,28,15,0.09810675766964057,0.47721237391972793,0.4246808684106315
USR0805,6337.93,4334.5,1053.23,950.2,68.39,16.62,14.99,Media,En observación,ACTIVO,0.6838983706036513,0.1661788628148307,0.14992276658151793,950.2000000000003,75,128069.16,1707.5888,642.38,6437.13,2153.8968352794705,37,32,14,0.1661788628148307,0.6838983706036513,0.14992276658151793
USR0806,4370.82,2908.44,337.98,1124.4,66.54,7.73,25.73,Alta,En observación,ACTIVO,0.6654220489519129,0.07732645132949882,0.2572514997185883,1124.3999999999996,76,87351.14,1149.3571052631578,474.525,4372.18,1454.5099016853894,30,28,14,0.07732645132949882,0.6654220489519129,0.2572514997185883
USR0807,2045.79,1233.98,143.66,668.15,60.32,7.02,32.66,Alta,En observación,ACTIVO,0.6031801895600233,0.07022226132692017,0.32659754911305655,668.15,75,39357.3,524.764,177.1,2069.09,701.4052533249891,36,25,12,0.07022226132692017,0.6031801895600233,0.32659754911305655
USR0808,2694.74,1943.97,1002.67,-251.9,72.14,37.21,-9.35,Nunca,En observación,ACTIVO,0.7213942718035878,0.3720841342764052,-0.09347840607999289,-251.9000000000002,76,55664.44,732.4268421052632,414.95000000000005,2571.01,858.3340373230154,26,24,13,0.3720841342764052,0.7213942718035878,-0.09347840607999289
USR0809,3644.23,1919.21,460.52,1264.5,52.66,12.64,34.7,Alta,Saludable,ACTIVO,0.5266434884735596,0.1263696308959643,0.3469868806304761,1264.5,72,66761.26,927.2397222222221,309.01,3729.33,1269.5763404435381,27,26,12,0.1263696308959643,0.5266434884735596,0.3469868806304761
USR0810,2539.91,1461.1,959.57,119.24,57.53,37.78,4.69,Baja,En observación,ACTIVO,0.5752566035804418,0.37779685106952615,0.046946545350032086,119.2399999999999,76,48012.12,631.7384210526316,162.7,2573.38,835.1790789749665,30,31,13,0.37779685106952615,0.5752566035804418,0.046946545350032086
USR0811,5002.05,4702.84,735.51,-436.3,94.02,14.7,-8.72,Nunca,En riesgo,ACTIVO,0.9401825251646825,0.14704171289771192,-0.08722423806239442,-436.29999999999995,73,116458.75,1595.3253424657535,617.82,7935.53,1875.575891054,28,27,12,0.14704171289771192,0.9401825251646825,-0.08722423806239442
USR0812,3995.3,2294.11,1599.66,101.53,57.42,40.04,2.54,Baja,En riesgo,ACTIVO,0.5742021875703952,0.40038545290716593,0.025412359522438865,101.52999999999997,72,75472.87,1048.2343055555555,327.005,4104.92,1402.722040241684,35,27,12,0.40038545290716593,0.5742021875703952,0.025412359522438865
USR0813,3149.53,1831.22,481.35,836.96,58.14,15.28,26.57,Alta,Saludable,INACTIVO,0.5814264350553892,0.15283232736313038,0.2657412375814804,836.9600000000002,76,59769.05,786.4348684210527,331.03,3091.46,1035.9297578870794,30,23,14,0.15283232736313038,0.5814264350553892,0.2657412375814804
USR0814,6475.99,3857.57,659.01,1959.41,59.57,10.18,30.26,Alta,Saludable,ACTIVO,0.595672630748349,0.10176204719278442,0.3025653220588667,1959.4099999999996,75,124002.77,1653.3702666666668,615.22,6637.73,2224.1673754676203,28,28,13,0.10176204719278442,0.595672630748349,0.3025653220588667
USR0815,6656.88,4184.88,433.08,2038.92,62.87,6.51,30.63,Alta,En observación,ACTIVO,0.6286548653423225,0.06505750441648339,0.3062876302411941,2038.92,78,130101.06,1667.9623076923076,808.755,6632.63,2171.725666584318,28,23,14,0.06505750441648339,0.6286548653423225,0.3062876302411941
USR0816,4446.73,2783.0,265.85,1397.88,62.59,5.98,31.44,Alta,En observación,ACTIVO,0.6258531550150336,0.05978550530389748,0.31436133968106905,1397.8799999999997,75,86756.68000000001,1156.7557333333334,554.06,4491.28,1485.7498730936397,34,22,14,0.05978550530389748,0.6258531550150336,0.31436133968106905
USR0817,6105.45,3727.62,753.58,1624.25,61.05,12.34,26.6,Alta,En observación,ACTIVO,0.6105397636537847,0.1234274295915944,0.2660328067546209,1624.25,75,117996.93,1573.2923999999998,590.19,6225.74,2074.4682249739553,28,28,13,0.1234274295915944,0.6105397636537847,0.2660328067546209
USR0818,6426.35,6051.31,656.62,-281.58,94.16,10.22,-4.38,Nunca,En riesgo,ACTIVO,0.9416402779182584,0.10217619644121469,-0.043816474359473105,-281.58000000000004,74,149731.94,2023.4045945945945,924.0150000000001,6553.14,2211.535790147794,30,25,12,0.10217619644121469,0.9416402779182584,-0.043816474359473105
USR0819,1621.97,1192.5,370.61,58.86,73.52,22.85,3.63,Baja,En observación,ACTIVO,0.735217050870238,0.22849374526039323,0.03628920386936873,58.860000000000014,76,33773.61,444.3896052631579,148.79500000000002,1610.95,543.44472199833,28,31,13,0.22849374526039323,0.735217050870238,0.03628920386936873
USR0820,2186.92,1844.17,651.88,-309.13,84.33,29.81,-14.14,Nunca,En riesgo,ACTIVO,0.8432727305982843,0.29808131984709085,-0.14135405044537522,-309.13,72,48373.1,671.848611111111,395.395,2250.62,745.3078065523688,30,20,12,0.29808131984709085,0.8432727305982843,-0.14135405044537522
USR0821,2459.99,1254.64,935.13,270.22,51.0,38.01,10.98,Media,En observación,ACTIVO,0.5100183334078595,0.3801356916085025,0.10984597498363817,270.2199999999997,76,44575.52,586.52,114.88,3029.24,900.8149231579146,28,30,11,0.3801356916085025,0.5100183334078595,0.10984597498363817
USR0822,4089.8,3128.21,2201.08,-1239.49,76.49,53.82,-30.31,Nunca,En riesgo,ACTIVO,0.7648809232725317,0.5381876864394346,-0.30306860971196636,-1239.4899999999998,75,86616.20999999999,1154.8827999999999,640.78,4156.23,1378.5934933225396,31,21,13,0.5381876864394346,0.7648809232725317,-0.30306860971196636
USR0823,3130.18,1987.65,1586.82,-444.29,63.5,50.69,-14.19,Nunca,En riesgo,ACTIVO,0.6349954315726253,0.5069420927869963,-0.1419375243596215,-444.2900000000002,76,61413.98,808.0786842105264,326.63,3208.06,1087.7556997198003,29,23,15,0.5069420927869963,0.6349954315726253,-0.1419375243596215
USR0824,3126.06,1786.99,1510.58,-171.51,57.16,48.32,-5.49,Nunca,En riesgo,ACTIVO,0.5716428987287512,0.48322169120234415,-0.05486458993109537,-171.51,77,58956.61,765.6702597402598,250.89,2932.93,1011.7177070951815,33,26,14,0.48322169120234415,0.5716428987287512,-0.05486458993109537
USR0825,1680.16,1432.78,497.97,-250.59,85.28,29.64,-14.91,Nunca,En riesgo,ACTIVO,0.85276402247405,0.29638248738215406,-0.14914650985620417,-250.58999999999992,74,37355.33,504.8017567567568,132.33,2860.06,692.3072256292833,23,27,13,0.29638248738215406,0.85276402247405,-0.14914650985620417
USR0826,3782.84,2185.29,351.0,1246.55,57.77,9.28,32.95,Alta,Saludable,ACTIVO,0.5776850197206331,0.09278742955028496,0.32952755072908185,1246.5500000000002,76,71617.59,942.3367105263158,290.815,5612.71,1399.128615726601,29,26,15,0.09278742955028496,0.5776850197206331,0.32952755072908185
USR0827,4489.58,3919.93,2058.74,-1489.09,87.31,45.86,-33.17,Nunca,En riesgo,ACTIVO,0.8731173071868638,0.4585595980024857,-0.33167690518934956,-1489.0899999999997,74,100914.09,1363.7039189189188,790.585,4546.42,1500.829289493725,34,25,13,0.4585595980024857,0.8731173071868638,-0.33167690518934956
USR0828,4219.9,3643.59,187.23,389.07,86.34,4.44,9.22,Baja,En observación,ACTIVO,0.8634304130429632,0.04436834996089955,0.0921988672717363,389.0799999999995,75,94361.86,1258.1581333333334,665.38,4252.8,1441.198547805426,25,27,13,0.04436834996089955,0.8634304130429632,0.0921988672717363
USR0829,6197.37,2749.25,462.79,2985.33,44.36,7.47,48.17,Alta,Saludable,ACTIVO,0.4436155982295716,0.07467522513582375,0.48170917663460466,2985.33,73,107359.39,1470.6765753424656,314.73,6416.58,2250.532505936847,26,26,13,0.07467522513582375,0.4436155982295716,0.48170917663460466
USR0830,2796.55,2210.83,737.2,-151.47,79.06,26.36,-5.42,Nunca,En riesgo,ACTIVO,0.7905562210580893,0.26361052010512953,-0.05416316532870858,-151.4799999999998,75,60088.55,801.1806666666668,443.97,2807.82,934.1239586159649,31,24,14,0.26361052010512953,0.7905562210580893,-0.05416316532870858
USR0831,4603.62,3232.26,1929.7,-558.34,70.21,41.92,-12.13,Nunca,En riesgo,ACTIVO,0.7021126852346632,0.4191701313314305,-0.12128281656609365,-558.3400000000004,75,94030.53,1253.7404,403.1,4608.18,1590.1227762987019,31,32,12,0.4191701313314305,0.7021126852346632,-0.12128281656609365
USR0832,4259.65,2763.66,2416.94,-920.95,64.88,56.74,-21.62,Nunca,En riesgo,ACTIVO,0.6487997840198139,0.5674034251640394,-0.21620320918385316,-920.9500000000003,74,84279.78,1138.9159459459459,536.4399999999999,4366.32,1459.5861123478403,30,25,11,0.5674034251640394,0.6487997840198139,-0.21620320918385316
USR0833,2299.51,1465.43,964.14,-130.06,63.73,41.93,-5.66,Nunca,En riesgo,ACTIVO,0.6372792464481564,0.4192806293514705,-0.056559875799626874,-130.05999999999983,77,45179.21,586.742987012987,208.64,2190.57,730.8048465346901,34,29,14,0.4192806293514705,0.6372792464481564,-0.056559875799626874
USR0834,4358.9,2237.64,462.1,1659.16,51.33,10.6,38.06,Alta,Saludable,ACTIVO,0.5133496983183831,0.10601298492738995,0.380637316754227,1659.1599999999999,79,79158.43,1002.0054430379746,303.18,4254.27,1440.3087685256203,31,28,15,0.10601298492738995,0.5133496983183831,0.380637316754227
USR0835,3145.29,2255.63,697.58,192.08,71.71,22.18,6.11,Baja,En observación,ACTIVO,0.7171453188736174,0.2217855905178855,0.061069090608497155,192.0799999999998,72,64811.06,900.1536111111111,355.58500000000004,3213.55,1114.6208601580415,27,26,12,0.2217855905178855,0.7171453188736174,0.061069090608497155
USR0836,6771.23,2179.24,122.69,4469.3,32.18,1.81,66.0,Alta,Saludable,ACTIVO,0.3218381298523311,0.018119307718095532,0.6600425624295734,4469.3,74,107405.55,1451.4263513513513,504.115,6838.36,2334.2369231786097,29,18,13,0.018119307718095532,0.3218381298523311,0.6600425624295734
USR0837,4769.1,2893.58,922.97,952.55,60.67,19.35,19.97,Media,En observación,ACTIVO,0.6067350233796732,0.19353127424461639,0.19973370237571028,952.5500000000004,72,91952.26,1277.114722222222,523.77,4877.62,1662.5746179082003,27,23,11,0.19353127424461639,0.6067350233796732,0.19973370237571028
USR0838,2067.04,891.55,131.24,1044.26,43.13,6.35,50.52,Alta,Saludable,ACTIVO,0.4313172459168666,0.06349175632788916,0.50519583559099,1044.25,75,35503.090000000004,473.3745333333334,89.58,2045.48,728.6318352529183,29,26,13,0.06349175632788916,0.4313172459168666,0.50519583559099
USR0839,4345.78,3249.07,918.51,178.2,74.76,21.14,4.1,Baja,En observación,ACTIVO,0.7476379384138176,0.2113567644933706,0.04100529709281188,178.1999999999996,73,91138.27,1248.4694520547946,781.15,4455.39,1490.004418059157,29,19,11,0.2113567644933706,0.7476379384138176,0.04100529709281188
USR0840,4858.77,3307.74,352.84,1198.19,68.08,7.26,24.66,Alta,En observación,ACTIVO,0.6807772337443426,0.0726192019791017,0.24660356427655558,1198.1900000000007,75,97998.15,1306.6419999999998,343.22,5972.05,1760.5778781941135,34,32,13,0.0726192019791017,0.6807772337443426,0.24660356427655558
USR0841,3201.26,2216.3,291.42,693.54,69.23,9.1,21.66,Alta,En observación,ACTIVO,0.6923211485477593,0.09103290579334387,0.21664594565889678,693.54,74,65010.69,878.5228378378379,457.435,3229.9,1069.381958767966,25,22,12,0.09103290579334387,0.6923211485477593,0.21664594565889678
USR0842,2964.5,2373.65,1208.32,-617.46,80.07,40.76,-20.83,Nunca,En riesgo,ACTIVO,0.8006915162759319,0.40759655928487093,-0.20828470231067636,-617.47,73,64057.8,877.5041095890411,365.64,2993.2,1012.6725931618818,24,27,13,0.40759655928487093,0.8006915162759319,-0.20828470231067636
USR0843,4644.38,4136.66,315.19,192.54,89.07,6.79,4.15,Baja,En riesgo,INACTIVO,0.8906807797811548,0.06786481726301465,0.04145655609575444,192.53000000000026,73,105372.45,1443.4582191780821,610.15,4717.25,1617.999099121043,26,29,13,0.06786481726301465,0.8906807797811548,0.04145655609575444
USR0844,4658.51,2669.67,267.18,1721.66,57.31,5.74,36.96,Alta,Saludable,ACTIVO,0.5730737939813374,0.05735310217215376,0.3695731038465089,1721.66,76,87938.09,1157.0801315789474,419.095,4650.85,1554.6502149525409,27,24,14,0.05735310217215376,0.5730737939813374,0.3695731038465089
USR0845,3363.85,2923.52,603.66,-163.33,86.91,17.95,-4.86,Nunca,En riesgo,ACTIVO,0.8690993950384233,0.1794550886632876,-0.048554483701710845,-163.33000000000004,72,75448.43,1047.894861111111,437.255,3450.37,1156.5454791858954,28,27,12,0.1794550886632876,0.8690993950384233,-0.048554483701710845
USR0846,3666.68,3018.72,1390.44,-742.48,82.33,37.92,-20.25,Nunca,En riesgo,ACTIVO,0.8232842789662583,0.37920953014716313,-0.2024938091134214,-742.48,73,80224.79,1098.9697260273972,414.58,3719.96,1258.82634083297,31,29,13,0.37920953014716313,0.8232842789662583,-0.2024938091134214
USR0847,2791.79,2104.75,726.6,-39.56,75.39,26.03,-1.42,Nunca,En riesgo,ACTIVO,0.7539069915717157,0.2602631286737183,-0.014170120245433935,-39.56000000000006,77,58758.57,763.0983116883117,292.8,2731.99,911.9092201521091,27,30,15,0.2602631286737183,0.7539069915717157,-0.014170120245433935
USR0848,3821.99,2467.44,1675.4,-320.85,64.56,43.84,-8.39,Nunca,En riesgo,ACTIVO,0.6455903861600895,0.4383580281476404,-0.08394841430772976,-320.85000000000036,72,75473.24,1048.2394444444444,401.875,3949.39,1335.7858237196529,35,29,11,0.4383580281476404,0.6455903861600895,-0.08394841430772976
USR0849,3820.39,2904.61,554.61,361.17,76.03,14.52,9.45,Baja,En observación,ACTIVO,0.7602914885653036,0.1451710427469447,0.09453746868775179,361.16999999999973,77,80699.94,1048.0511688311688,408.18,3760.49,1274.3075894754252,26,26,13,0.1451710427469447,0.7602914885653036,0.09453746868775179
USR0850,1553.45,1196.48,205.57,151.4,77.02,13.23,9.75,Baja,En observación,ACTIVO,0.770208246161769,0.13233126267340434,0.09746049116482668,151.40000000000003,75,32999.22,439.9896,95.35,4049.88,738.995030792714,31,23,13,0.13233126267340434,0.770208246161769,0.09746049116482668
USR0851,3166.72,1740.58,160.59,1265.55,54.96,5.07,39.96,Alta,Saludable,ACTIVO,0.549647584882781,0.05071177748585287,0.3996406376313662,1265.55,76,58887.57,774.8364473684211,290.68499999999995,3098.84,1052.578941682702,30,22,14,0.05071177748585287,0.549647584882781,0.3996406376313662
USR0852,4882.62,2584.26,1974.69,323.67,52.93,40.44,6.63,Baja,En riesgo,ACTIVO,0.5292773142288362,0.40443245634515895,0.06629022942600489,323.6699999999996,77,89602.48,1163.6685714285713,314.87,4893.58,1646.7602337442306,32,31,14,0.40443245634515895,0.5292773142288362,0.06629022942600489
USR0853,1876.51,1367.73,474.47,34.31,72.89,25.28,1.83,Baja,En observación,ACTIVO,0.7288690174845858,0.25284704051670387,0.018283941998710373,34.309999999999945,79,38930.89,492.7960759493671,186.77,1779.52,605.8709456671735,28,28,15,0.25284704051670387,0.7288690174845858,0.018283941998710373
USR0854,5467.99,3690.89,2182.18,-405.08,67.5,39.91,-7.41,Nunca,En observación,ACTIVO,0.6749994056316855,0.39908266108752943,-0.07408206671921493,-405.0799999999999,76,109906.55,1446.1388157894737,507.65,5371.94,1793.649685953172,34,31,13,0.39908266108752943,0.6749994056316855,-0.07408206671921493
USR0855,4122.98,3009.5,928.5,184.97,72.99,22.52,4.49,Baja,En observación,ACTIVO,0.7299332036536681,0.2252011894309456,0.04486318148523641,184.97999999999956,72,85589.76,1188.7466666666667,656.53,4223.48,1417.6045804479622,28,20,11,0.2252011894309456,0.7299332036536681,0.04486318148523641
USR0856,1909.27,1520.71,288.85,99.71,79.65,15.13,5.22,Baja,En observación,ACTIVO,0.7964876628240113,0.15128818867944294,0.052224148496545796,99.70999999999992,72,41159.8,571.6638888888889,248.56,1943.63,659.159360456651,26,23,11,0.15128818867944294,0.7964876628240113,0.052224148496545796
USR0857,4627.24,2747.92,404.52,1474.81,59.39,8.74,31.87,Alta,Saludable,ACTIVO,0.5938572453557629,0.08742144345225232,0.3187234723074662,1474.7999999999997,73,88501.95,1212.3554794520549,471.98,4730.34,1584.7927572513147,27,27,12,0.08742144345225232,0.5938572453557629,0.3187234723074662
USR0858,2525.42,1199.48,70.16,1255.78,47.5,2.78,49.73,Alta,Saludable,ACTIVO,0.47496258048166246,0.027781517529757424,0.4972559019885801,1255.78,74,44698.71,604.0366216216216,120.09,3024.19,926.9899748320446,30,30,11,0.027781517529757424,0.47496258048166246,0.4972559019885801
USR0859,1652.06,1329.77,257.52,64.77,80.49,15.59,3.92,Baja,En riesgo,ACTIVO,0.8049162863334262,0.15587811580693195,0.0392055978596419,64.76999999999998,73,35781.9,490.16301369863015,182.01,1652.39,564.22182005072,32,26,13,0.15587811580693195,0.8049162863334262,0.0392055978596419
USR0860,3659.68,2619.09,325.58,715.01,71.57,8.9,19.54,Media,En observación,ACTIVO,0.7156609321033534,0.08896406243168802,0.1953750054649587,715.0099999999998,72,75345.27,1046.4620833333333,295.425,3746.86,1334.9002921450117,23,30,11,0.08896406243168802,0.7156609321033534,0.1953750054649587
USR0861,1848.0,1479.94,317.02,51.03,80.08,17.15,2.76,Baja,En riesgo,ACTIVO,0.8008333333333334,0.17154761904761903,0.027613636363636365,51.039999999999964,76,39935.32,525.4647368421053,300.23,1806.0,592.2878633873311,28,20,14,0.17154761904761903,0.8008333333333334,0.027613636363636365
USR0862,3457.06,1122.25,360.77,1974.04,32.46,10.44,57.1,Alta,Saludable,ACTIVO,0.3246255488767913,0.10435745980688793,0.5710169913163208,1974.04,77,54951.78,713.6594805194806,183.03,3366.22,1178.9570147691609,30,22,14,0.10435745980688793,0.3246255488767913,0.5710169913163208
USR0863,4578.02,2721.43,228.23,1628.36,59.45,4.99,35.57,Alta,Saludable,INACTIVO,0.5944556817139286,0.04985343008549547,0.35569088820057576,1628.3600000000006,75,87593.43,1167.9124,337.49,4864.54,1599.6009435293881,27,28,13,0.04985343008549547,0.5944556817139286,0.35569088820057576
USR0864,5409.66,3443.57,2335.61,-369.52,63.66,43.17,-6.83,Nunca,En riesgo,ACTIVO,0.6365594140851736,0.4317480211325666,-0.06830743521774012,-369.52000000000044,77,106238.65,1379.7227272727273,398.67,5505.78,1831.0060400972816,32,33,13,0.4317480211325666,0.6365594140851736,-0.06830743521774012
USR0865,3471.54,1720.55,1562.2,188.79,49.56,45.0,5.44,Baja,En riesgo,ACTIVO,0.495615778588177,0.45000201639618154,0.05438220501564147,188.78999999999996,74,62305.09,841.9606756756756,217.45999999999998,4592.32,1246.5578433983292,32,26,13,0.45000201639618154,0.495615778588177,0.05438220501564147
USR0866,5994.4,2579.14,446.81,2968.45,43.03,7.45,49.52,Alta,Saludable,ACTIVO,0.43025824102495663,0.07453790204190579,0.4952038569331376,2968.45,75,102882.56,1371.7674666666667,309.52,6083.72,2075.3341958794826,26,27,14,0.07453790204190579,0.43025824102495663,0.4952038569331376
USR0867,4788.46,3895.33,2381.66,-1488.53,81.35,49.74,-31.09,Nunca,En riesgo,ACTIVO,0.8134828316410704,0.497374938915643,-0.31085777055671343,-1488.5299999999997,77,104205.51,1353.3183116883117,721.36,5998.7,1632.2358777604504,25,20,15,0.497374938915643,0.8134828316410704,-0.31085777055671343
USR0868,2848.88,1805.13,171.91,871.83,63.36,6.03,30.6,Alta,En observación,ACTIVO,0.6336279520372918,0.060343011990677035,0.3060255258206734,871.84,75,55848.11,744.6414666666667,285.02,2867.84,967.422940933859,26,24,13,0.060343011990677035,0.6336279520372918,0.3060255258206734
USR0869,3776.38,2493.55,1612.61,-329.78,66.03,42.7,-8.73,Nunca,En riesgo,ACTIVO,0.6603016645570626,0.4270253523215354,-0.08732701687859801,-329.78,75,75239.21,1003.1894666666667,242.69,4994.53,1422.8012800969987,23,31,11,0.4270253523215354,0.6603016645570626,-0.08732701687859801
USR0870,4998.01,4353.54,879.27,-234.79,87.11,17.59,-4.7,Nunca,En riesgo,ACTIVO,0.8710546797625455,0.1759240177590681,-0.04697669672529666,-234.79999999999973,73,112218.61,1537.2412328767123,971.58,5058.77,1684.645399167421,27,22,13,0.1759240177590681,0.8710546797625455,-0.04697669672529666
USR0871,5010.98,2838.3,1752.14,420.54,56.64,34.97,8.39,Baja,En observación,ACTIVO,0.5664161501343051,0.3496601463186842,0.08392370354701077,420.5399999999993,78,94191.45,1207.5826923076922,401.64,5604.51,1724.2030835057044,27,27,15,0.3496601463186842,0.5664161501343051,0.08392370354701077
USR0872,3155.96,2256.82,1086.32,-187.18,71.51,34.42,-5.93,Nunca,En observación,ACTIVO,0.7150977832418662,0.3442122206872077,-0.05931000392907388,-187.18000000000006,76,64953.34,854.6492105263158,437.175,3052.73,1017.1797293979246,24,25,13,0.3442122206872077,0.7150977832418662,-0.05931000392907388
USR0873,5225.69,3041.04,388.92,1795.73,58.19,7.44,34.36,Alta,Saludable,ACTIVO,0.5819403753379937,0.0744246214375518,0.3436350032244546,1795.7299999999996,77,99200.72,1288.321038961039,414.06,5259.67,1766.2594913087878,28,30,14,0.0744246214375518,0.5819403753379937,0.3436350032244546
USR0874,2452.33,1819.46,447.15,185.71,74.19,18.23,7.57,Baja,En observación,ACTIVO,0.741931143035399,0.1823367980655132,0.07572798114446262,185.7199999999999,72,51261.51,711.9654166666667,238.77,2531.49,887.5829965428229,33,27,12,0.1823367980655132,0.741931143035399,0.07572798114446262
USR0875,4987.62,3818.84,2128.61,-959.83,76.57,42.68,-19.24,Nunca,En riesgo,ACTIVO,0.7656637835280155,0.42677870407128055,-0.19244248759929586,-959.8300000000004,74,105677.5,1428.0743243243244,631.11,5119.2,1729.35166623818,29,27,12,0.42677870407128055,0.7656637835280155,-0.19244248759929586
USR0876,1397.39,1018.76,254.0,124.62,72.9,18.18,8.92,Baja,En observación,ACTIVO,0.7290448622074008,0.1817674378663079,0.08918054372794997,124.63000000000011,76,28993.84,381.4978947368421,170.615,1350.53,452.4902853331131,30,26,13,0.1817674378663079,0.7290448622074008,0.08918054372794997
USR0877,1922.33,1761.19,210.03,-48.89,91.62,10.93,-2.54,Nunca,En riesgo,ACTIVO,0.9161746422310426,0.10925803582111293,-0.025432678052155457,-48.89000000000013,75,44202.31,589.3641333333333,260.04,1926.76,645.6958891980646,33,28,13,0.10925803582111293,0.9161746422310426,-0.025432678052155457
USR0878,3372.24,1752.15,135.15,1484.94,51.96,4.01,44.03,Alta,Saludable,ACTIVO,0.5195804569069817,0.04007721870329514,0.4403423243897232,1484.9399999999996,78,61492.65,788.3673076923077,252.255,3271.26,1079.75645599676,27,26,15,0.04007721870329514,0.5195804569069817,0.4403423243897232
USR0879,1702.73,576.34,2.39,1124.0,33.85,0.14,66.01,Alta,Saludable,ACTIVO,0.33847997040047456,0.001403628291038509,0.6601164013084869,1123.9999999999998,77,27348.85,355.1798701298701,84.83,1689.32,568.1974091543535,25,27,13,0.001403628291038509,0.33847997040047456,0.6601164013084869
USR0880,4832.5,2666.47,326.21,1839.81,55.18,6.75,38.07,Alta,Saludable,ACTIVO,0.5517785825142265,0.06750336264873254,0.3807159855147439,1839.8200000000002,77,89987.62,1168.6703896103895,442.38,4807.7,1601.2187666697428,28,26,16,0.06750336264873254,0.5517785825142265,0.3807159855147439
USR0881,2227.99,1744.79,1138.17,-654.98,78.31,51.09,-29.4,Nunca,En riesgo,ACTIVO,0.7831229045013668,0.5108505873006612,-0.2939779801525142,-654.9700000000003,74,47673.33,644.2341891891892,279.89,2270.4,786.2654122783373,28,27,13,0.5108505873006612,0.7831229045013668,-0.2939779801525142
USR0882,5983.39,3258.51,67.37,2657.5,54.46,1.13,44.41,Alta,Saludable,ACTIVO,0.544592613886108,0.011259503391889882,0.44414621142863825,2657.51,74,110902.81,1498.6866216216215,454.13,6080.47,2048.3035669670826,31,32,12,0.011259503391889882,0.544592613886108,0.44414621142863825
USR0883,4696.69,2722.76,514.2,1459.73,57.97,10.95,31.08,Alta,Saludable,ACTIVO,0.5797189084227403,0.10948135814797232,0.31079973342928746,1459.7299999999993,73,89033.48,1219.636712328767,352.82,4725.87,1604.3454016782866,30,33,13,0.10948135814797232,0.5797189084227403,0.31079973342928746
USR0884,6782.34,2800.92,126.94,3854.49,41.3,1.87,56.83,Alta,Saludable,ACTIVO,0.412972513911128,0.01871625427212437,0.5683127062341315,3854.48,76,114999.11,1513.1461842105264,435.745,6835.08,2330.905380818917,34,24,14,0.01871625427212437,0.412972513911128,0.5683127062341315
USR0885,4863.97,2267.21,397.96,2198.79,46.61,8.18,45.21,Alta,Saludable,ACTIVO,0.4661233519121212,0.08181793884419516,0.4520566533099505,2198.8,72,85574.16,1188.53,311.65999999999997,6398.28,1836.820768074824,32,26,12,0.08181793884419516,0.4661233519121212,0.4520566533099505
USR0886,3642.29,2372.56,1365.62,-95.89,65.14,37.49,-2.63,Nunca,En observación,ACTIVO,0.6513923932471055,0.3749344505791686,-0.02632684382627413,-95.88999999999987,73,72178.18000000001,988.742191780822,265.21,3732.67,1277.6286916091497,25,33,12,0.3749344505791686,0.6513923932471055,-0.02632684382627413
USR0887,3283.54,2751.28,1385.49,-853.23,83.79,42.2,-25.99,Nunca,En riesgo,ACTIVO,0.8379005585435232,0.42195009045115944,-0.2598506489946826,-853.2300000000002,74,72417.87,978.6198648648648,567.78,3355.9,1115.9008245255018,26,21,12,0.42195009045115944,0.8379005585435232,-0.2598506489946826
USR0888,4657.91,3207.3,824.68,625.93,68.86,17.7,13.44,Media,En observación,ACTIVO,0.6885706250228107,0.17704936334106927,0.13438001163612007,625.9299999999997,77,94382.45,1225.746103896104,571.11,4627.61,1503.4948838597736,28,23,14,0.17704936334106927,0.6885706250228107,0.13438001163612007
USR0889,3463.51,1623.35,1621.55,218.61,46.87,46.82,6.31,Baja,En riesgo,ACTIVO,0.46870082661808393,0.4681811226183842,0.06311805076353179,218.61000000000035,76,61042.39,803.1893421052631,205.86,4580.99,1241.010342599218,30,25,13,0.4681811226183842,0.46870082661808393,0.06311805076353179
USR0890,2462.77,1992.76,788.43,-318.42,80.92,32.01,-12.93,Nunca,En riesgo,ACTIVO,0.8091539201793103,0.32013951769755195,-0.12929343787686223,-318.41999999999996,77,53466.36,694.3683116883117,264.77,5050.29,941.9672315096219,29,28,14,0.32013951769755195,0.8091539201793103,-0.12929343787686223
USR0891,4625.9,3948.14,977.26,-299.5,85.35,21.13,-6.47,Nunca,En riesgo,ACTIVO,0.8534858081670594,0.2112583497265397,-0.0647441578935991,-299.5000000000002,74,102888.51,1390.3852702702702,590.2650000000001,4747.08,1605.7164656273885,32,31,12,0.2112583497265397,0.8534858081670594,-0.0647441578935991
USR0892,6907.63,3164.41,334.71,3408.51,45.81,4.85,49.34,Alta,Saludable,ACTIVO,0.4581035753217818,0.048455114127421414,0.49344131055079676,3408.51,76,120864.45,1590.3217105263157,580.7049999999999,6965.58,2342.1541280108722,26,23,14,0.048455114127421414,0.4581035753217818,0.49344131055079676
USR0893,3468.29,1962.22,202.33,1303.74,56.58,5.83,37.59,Alta,Saludable,ACTIVO,0.5657600719663004,0.05833710560535596,0.37590282242834366,1303.74,75,65166.090000000004,868.8812,271.52,3503.39,1223.613005318134,26,26,12,0.05833710560535596,0.5657600719663004,0.37590282242834366
USR0894,5724.48,5069.68,263.24,391.56,88.56,4.6,6.84,Baja,En observación,ACTIVO,0.8856140645089162,0.04598496282631785,0.06840097266476607,391.55999999999926,75,129529.96,1727.0661333333335,590.54,5826.77,1995.6801314162144,36,31,13,0.04598496282631785,0.8856140645089162,0.06840097266476607
USR0895,2317.57,1406.68,420.69,490.2,60.7,18.15,21.15,Alta,En observación,ACTIVO,0.6069633279685187,0.18152202522469654,0.21151464680678467,490.2000000000001,77,44691.01,580.4027272727272,234.88,2298.58,769.8117344018128,28,24,14,0.18152202522469654,0.6069633279685187,0.21151464680678467
USR0896,2874.63,1584.33,295.52,994.78,55.11,10.28,34.61,Alta,Saludable,ACTIVO,0.5511422339570657,0.1028027954902022,0.346054970552732,994.7800000000002,74,53507.59,723.0755405405405,331.095,2790.15,937.9684365781329,34,22,14,0.1028027954902022,0.5511422339570657,0.346054970552732
USR0897,2616.7,1340.12,323.66,952.92,51.21,12.37,36.42,Alta,Saludable,ACTIVO,0.5121412466083235,0.12369014407459779,0.3641686093170788,952.9199999999998,79,47481.74,601.0346835443038,180.15,2470.82,841.9670349503999,31,32,15,0.12369014407459779,0.5121412466083235,0.3641686093170788
USR0898,6538.67,4211.01,906.34,1421.32,64.4,13.86,21.74,Alta,En observación,ACTIVO,0.6440162907747294,0.1386122865965097,0.21737142262876089,1421.3199999999997,76,128996.13,1697.3175,659.885,6552.16,2161.969032910586,22,25,14,0.1386122865965097,0.6440162907747294,0.21737142262876089
USR0899,3186.18,2769.4,535.69,-118.91,86.92,16.81,-3.73,Nunca,En riesgo,ACTIVO,0.8691913200133076,0.16812923312556105,-0.03732055313886849,-118.91000000000031,76,71466.9,940.353947368421,381.48,3128.71,1037.80917492325,30,31,14,0.16812923312556105,0.8691913200133076,-0.03732055313886849
USR0900,3595.81,2812.56,1014.01,-230.76,78.22,28.2,-6.42,Nunca,En riesgo,ACTIVO,0.7821770338254802,0.28199765838573226,-0.0641746922112125,-230.76,72,76900.47,1068.0620833333332,443.42,3681.04,1258.0529205409105,30,29,11,0.28199765838573226,0.7821770338254802,-0.0641746922112125
USR0901,4014.93,2112.5,434.72,1467.71,52.62,10.83,36.56,Alta,Saludable,ACTIVO,0.5261611036805125,0.10827586035123901,0.3655630359682485,1467.7099999999998,75,73529.24,980.3898666666668,471.97,3912.36,1313.91818246912,28,23,12,0.10827586035123901,0.5261611036805125,0.3655630359682485
USR0902,5501.98,3004.36,633.64,1863.98,54.61,11.52,33.88,Alta,Saludable,ACTIVO,0.546050694477261,0.11516581303458029,0.33878349248815887,1863.9799999999996,76,102075.98,1343.105,427.955,5526.38,1870.4906289652101,27,27,14,0.11516581303458029,0.546050694477261,0.33878349248815887
USR0903,2523.53,1648.8,126.71,748.02,65.34,5.02,29.64,Alta,En observación,ACTIVO,0.6533704770698188,0.050211410207130484,0.29641811272305063,748.0200000000002,77,50067.91,650.2325974025974,223.99,2429.88,827.76176061588,28,31,14,0.050211410207130484,0.6533704770698188,0.29641811272305063
USR0904,5466.24,4262.67,1046.17,157.4,77.98,19.14,2.88,Baja,En riesgo,ACTIVO,0.7798175711275027,0.19138749853647116,0.028794930336026228,157.39999999999964,75,116746.97,1556.6262666666667,450.17,5569.01,1885.917256408936,34,33,13,0.19138749853647116,0.7798175711275027,0.028794930336026228
USR0905,3716.98,2995.45,1961.15,-1239.62,80.59,52.76,-33.35,Nunca,En riesgo,ACTIVO,0.8058827327561622,0.5276191962291968,-0.3335019289853591,-1239.62,73,80549.09,1103.4121917808218,654.43,3806.46,1277.2173893819227,23,20,13,0.5276191962291968,0.8058827327561622,-0.3335019289853591
USR0906,3505.67,2732.42,543.52,229.73,77.94,15.5,6.55,Baja,En observación,ACTIVO,0.7794287539899648,0.15504026334480997,0.06553098266522518,229.73000000000002,73,74857.07,1025.4393150684932,446.11,3546.18,1201.906232414817,27,25,12,0.15504026334480997,0.7794287539899648,0.06553098266522518
USR0907,2591.68,1920.96,414.35,256.37,74.12,15.99,9.89,Baja,En observación,ACTIVO,0.741202617607112,0.15987699098654157,0.09892039140634647,256.3699999999998,74,54151.61,731.7785135135135,293.995,4008.99,952.7282627041639,27,24,13,0.15987699098654157,0.741202617607112,0.09892039140634647
USR0908,6509.2,3818.3,430.55,2260.34,58.66,6.61,34.73,Alta,Saludable,ACTIVO,0.5866005039021693,0.06614484114791372,0.3472531186628157,2260.3499999999995,73,123929.98,1697.6709589041095,475.87,6613.4,2245.3358874169985,34,29,12,0.06614484114791372,0.5866005039021693,0.3472531186628157
USR0909,3951.37,3435.48,1851.21,-1335.32,86.94,46.85,-33.79,Nunca,En riesgo,ACTIVO,0.8694402194681845,0.4684982676894343,-0.33793848715761876,-1335.3200000000002,73,88642.22,1214.2769863013698,434.06,5983.63,1459.5690028040287,31,31,13,0.4684982676894343,0.8694402194681845,-0.33793848715761876
USR0910,6223.67,3542.19,429.85,2251.63,56.91,6.91,36.18,Alta,Saludable,ACTIVO,0.5691481071457838,0.06906696531146414,0.3617849275427521,2251.63,73,117190.33,1605.34698630137,571.1,7255.53,2245.2569068283115,27,24,13,0.06906696531146414,0.5691481071457838,0.3617849275427521
USR0911,5271.38,4528.72,460.13,282.52,85.91,8.73,5.36,Baja,En observación,ACTIVO,0.8591146910296735,0.08728833815812936,0.05359507377574752,282.52999999999986,74,117601.17,1589.205,829.675,5559.2,1872.4742921330899,25,26,14,0.08728833815812936,0.8591146910296735,0.05359507377574752
USR0912,4428.74,3630.33,560.65,237.76,81.97,12.66,5.37,Baja,En observación,ACTIVO,0.8197207332108004,0.126593568373849,0.05368569841535064,237.75999999999988,76,96708.76,1272.4836842105262,674.405,4455.98,1484.79499038742,21,22,14,0.126593568373849,0.8197207332108004,0.05368569841535064
USR0913,1929.17,1724.65,92.28,112.24,89.4,4.78,5.82,Baja,En observación,INACTIVO,0.893985496353354,0.0478340426193648,0.05818046102728116,112.23999999999998,75,43845.86,584.6114666666667,207.27,1915.4,668.4439153163829,31,32,14,0.0478340426193648,0.893985496353354,0.05818046102728116
USR0914,1748.86,889.4,369.45,490.01,50.86,21.13,28.02,Alta,En observación,ACTIVO,0.5085598618528642,0.2112519012385211,0.2801882369086148,490.00999999999993,79,31659.09,400.7479746835443,123.09,5410.23,706.5585553000122,31,30,16,0.2112519012385211,0.5085598618528642,0.2801882369086148
USR0915,4141.4,3776.65,247.11,117.64,91.19,5.97,2.84,Baja,En riesgo,ACTIVO,0.91192591877143,0.05966822813541316,0.028405853093156908,117.63999999999953,74,95016.68,1284.009189189189,887.73,4151.27,1365.100787455513,35,16,13,0.05966822813541316,0.91192591877143,0.028405853093156908
USR0916,6295.26,5256.13,2021.0,-981.87,83.49,32.1,-15.6,Nunca,En riesgo,ACTIVO,0.8349345380492624,0.3210351915568221,-0.15596972960608457,-981.8699999999999,76,138616.71,1823.9040789473684,651.56,6352.11,2172.2929308680127,28,32,13,0.3210351915568221,0.8349345380492624,-0.15596972960608457
USR0917,2827.43,2589.67,320.98,-83.23,91.59,11.35,-2.94,Nunca,En riesgo,ACTIVO,0.9159095008541326,0.11352358855922164,-0.029436626194105604,-83.22000000000025,73,65005.229999999996,890.482602739726,413.25,3201.51,1000.6257642554198,32,23,13,0.11352358855922164,0.9159095008541326,-0.029436626194105604
USR0918,3443.19,2855.38,351.45,236.36,82.93,10.21,6.86,Baja,En observación,ACTIVO,0.8292833099538509,0.10207104458365643,0.06864564546249263,236.35999999999996,73,75582.84,1035.3813698630136,602.39,3517.87,1185.2674980185734,26,22,13,0.10207104458365643,0.8292833099538509,0.06864564546249263
USR0919,1781.37,1192.85,310.43,278.09,66.96,17.43,15.61,Media,En observación,ACTIVO,0.6696250638553473,0.17426475128693086,0.15611018485772185,278.09,75,35690.659999999996,475.8754666666666,197.72,1798.72,604.9859516914718,27,25,13,0.17426475128693086,0.6696250638553473,0.15611018485772185
USR0920,1972.38,1541.89,656.65,-226.16,78.17,33.29,-11.47,Nunca,En riesgo,ACTIVO,0.781740841014409,0.3329226619616909,-0.11466350297609994,-226.15999999999997,74,42171.26,569.8818918918919,350.0,1976.85,653.2569391097212,27,21,13,0.3329226619616909,0.781740841014409,-0.11466350297609994
USR0921,1725.2,1087.95,245.87,391.37,63.06,14.25,22.69,Alta,En observación,ACTIVO,0.6306225365175052,0.1425168096452585,0.22685485740783676,391.38,77,33757.79,438.41285714285715,209.75,1597.95,528.7458827383737,28,23,15,0.1425168096452585,0.6306225365175052,0.22685485740783676
USR0922,2991.07,1336.8,382.05,1272.22,44.69,12.77,42.53,Alta,Saludable,ACTIVO,0.446930362713009,0.1277302102592049,0.42533942702778604,1272.2200000000003,77,51934.42,674.472987012987,224.59,2909.19,992.9062210329635,24,27,14,0.1277302102592049,0.446930362713009,0.42533942702778604
USR0923,1989.36,1309.0,259.04,421.31,65.8,13.02,21.18,Alta,En observación,ACTIVO,0.6580005629951341,0.1302127317328186,0.21178167852977844,421.3199999999999,78,39580.37,507.44064102564107,181.59,1917.7,639.7737353774414,24,29,14,0.1302127317328186,0.6580005629951341,0.21178167852977844
USR0924,3114.62,2217.92,501.4,395.31,71.21,16.1,12.69,Media,En observación,ACTIVO,0.7120997103980582,0.16098272020342771,0.12692078006305746,395.29999999999984,74,63990.46,864.7359459459459,247.82,3170.94,1083.285385067641,29,29,12,0.16098272020342771,0.7120997103980582,0.12692078006305746
USR0925,1817.31,1280.06,410.46,126.8,70.44,22.59,6.98,Baja,En observación,ACTIVO,0.704370745772598,0.22586130049358666,0.06977345637233054,126.79000000000002,75,37168.45,495.5793333333333,240.83,1931.32,610.3620724737198,31,23,13,0.22586130049358666,0.704370745772598,0.06977345637233054
USR0926,4398.6,2908.3,1839.91,-349.61,66.12,41.83,-7.95,Nunca,En riesgo,ACTIVO,0.6611876506161051,0.4182944573273314,-0.07948210794343655,-349.6099999999999,76,87682.69,1153.719605263158,334.315,5473.97,1574.0995780821836,25,28,14,0.4182944573273314,0.6611876506161051,-0.07948210794343655
USR0927,4729.73,3958.56,853.64,-82.47,83.7,18.05,-1.74,Nunca,En riesgo,ACTIVO,0.8369526378884208,0.18048387540092142,-0.0174365132893421,-82.47000000000037,75,104259.48,1390.1263999999999,638.99,5096.64,1622.719677216633,32,25,13,0.18048387540092142,0.8369526378884208,-0.0174365132893421
USR0928,1350.8,962.97,526.81,-138.98,71.29,39.0,-10.29,Nunca,En observación,ACTIVO,0.7128886585726977,0.3899985193959135,-0.10288717796861119,-138.98000000000002,72,27765.2,385.6277777777778,100.89,1992.04,527.7762654127413,38,26,11,0.3899985193959135,0.7128886585726977,-0.10288717796861119
USR0929,4767.29,3882.64,1243.68,-359.03,81.44,26.09,-7.53,Nunca,En riesgo,ACTIVO,0.814433357316211,0.2608777733261455,-0.07531113064235656,-359.03,73,103799.22,1421.9071232876713,529.45,4865.16,1638.9245934999906,30,31,13,0.2608777733261455,0.814433357316211,-0.07531113064235656
USR0930,2047.65,763.51,157.14,1127.0,37.29,7.67,55.04,Alta,Saludable,ACTIVO,0.3728713403169487,0.07674163064976924,0.5503870290332821,1127.0,76,33734.0,443.86842105263156,114.58000000000001,2017.15,687.0212639990172,29,22,15,0.07674163064976924,0.3728713403169487,0.5503870290332821
USR0931,1642.69,1127.4,348.32,166.97,68.63,21.2,10.16,Media,En observación,ACTIVO,0.6863133031795409,0.21204244257894062,0.10164425424151848,166.96999999999997,74,33241.17,449.205,148.815,1644.4,568.6348305389452,28,27,14,0.21204244257894062,0.6863133031795409,0.10164425424151848
USR0932,4321.21,3571.17,569.0,181.04,82.64,13.17,4.19,Baja,En riesgo,ACTIVO,0.8264282457922665,0.13167608146792217,0.0418956727398113,181.03999999999996,74,94708.5,1279.8445945945946,408.645,4382.78,1509.041154793597,27,32,13,0.13167608146792217,0.8264282457922665,0.0418956727398113
USR0933,4930.54,3682.86,924.52,323.16,74.69,18.75,6.55,Baja,En observación,ELIMINADO,0.7469486100913896,0.18750887326743115,0.06554251664117927,323.15999999999985,77,103360.77,1342.3476623376623,473.07,4919.47,1660.6191462031773,27,29,15,0.18750887326743115,0.7469486100913896,0.06554251664117927
USR0934,3004.23,2254.57,825.08,-75.42,75.05,27.46,-2.51,Nunca,En riesgo,ACTIVO,0.7504651774331527,0.27463942507730765,-0.02510460251046025,-75.42000000000019,72,63105.5,876.4652777777778,374.22,3111.09,1088.069127808552,32,24,11,0.27463942507730765,0.7504651774331527,-0.02510460251046025
USR0935,2989.91,1978.71,1241.27,-230.07,66.18,41.52,-7.69,Nunca,En riesgo,ACTIVO,0.6617958400085622,0.4151529644705025,-0.07694880447906459,-230.07000000000016,75,59623.38,794.9784,323.84,4251.53,1093.822801789038,22,23,14,0.4151529644705025,0.6617958400085622,-0.07694880447906459
USR0936,2062.16,1167.66,118.94,775.56,56.62,5.77,37.61,Alta,Saludable,ACTIVO,0.5662315242270242,0.05767738681770571,0.3760910889552702,775.5599999999997,75,38757.8,516.7706666666667,79.86,4297.68,852.0648633955828,27,29,13,0.05767738681770571,0.5662315242270242,0.3760910889552702
USR0937,2656.62,2128.58,1037.39,-509.35,80.12,39.05,-19.17,Nunca,En riesgo,ACTIVO,0.8012361572223351,0.39049243023089497,-0.19172858745323007,-509.35000000000014,78,57422.42,736.1848717948718,268.94500000000005,6097.33,1075.4975307339942,28,29,14,0.39049243023089497,0.8012361572223351,-0.19172858745323007
USR0938,6702.2,2926.28,681.79,3094.14,43.66,10.17,46.17,Alta,Saludable,ACTIVO,0.43661484288741015,0.10172629882725075,0.46166035033272657,3094.1299999999997,73,115541.77,1582.7639726027398,317.73,6818.45,2432.648577421291,21,30,13,0.10172629882725075,0.43661484288741015,0.46166035033272657
USR0939,3965.89,3259.15,682.39,24.34,82.18,17.21,0.61,Baja,En riesgo,INACTIVO,0.8217953599318186,0.1720647824321905,0.006137336133881676,24.349999999999795,75,86700.46,1156.0061333333333,409.61,5977.1,1449.2643347955961,26,30,13,0.1720647824321905,0.8217953599318186,0.006137336133881676
USR0940,2944.08,2335.22,562.06,46.8,79.32,19.09,1.59,Baja,En riesgo,ACTIVO,0.7931917610934485,0.19091193174098528,0.015896307165566153,46.80000000000018,75,63351.53,844.6870666666666,544.88,2948.98,975.238155997242,26,19,13,0.19091193174098528,0.7931917610934485,0.015896307165566153
USR0941,4161.07,1904.07,532.66,1724.34,45.76,12.8,41.44,Alta,Saludable,ACTIVO,0.45759143681793385,0.1280103434933803,0.41439821968868584,1724.3400000000001,79,72781.74,921.2878481012659,341.76,4069.13,1342.1717169034544,29,23,14,0.1280103434933803,0.45759143681793385,0.41439821968868584
USR0942,2815.17,1773.87,408.31,632.99,63.01,14.5,22.48,Alta,En observación,ACTIVO,0.6301111478170056,0.14503919834326168,0.2248496538397326,632.9900000000002,76,55068.42,724.5844736842105,285.715,2853.09,958.6828364200467,29,23,14,0.14503919834326168,0.6301111478170056,0.2248496538397326
USR0943,5056.26,4459.55,1808.22,-1211.51,88.2,35.76,-23.96,Nunca,En riesgo,ACTIVO,0.8819858947126927,0.35762005909506234,-0.23960595380775512,-1211.51,73,114189.69,1564.2423287671234,1216.79,5133.0,1728.3276619952921,31,16,12,0.35762005909506234,0.8819858947126927,-0.23960595380775512
USR0944,4803.59,3613.67,1273.66,-83.75,75.23,26.51,-1.74,Nunca,En riesgo,ACTIVO,0.7522852699751644,0.26514752508020045,-0.017434876831702955,-83.74000000000001,77,101007.08,1311.7802597402597,462.75,4759.42,1569.0785831969347,34,35,13,0.26514752508020045,0.7522852699751644,-0.017434876831702955
USR0945,1880.56,1064.97,339.77,475.82,56.63,18.07,25.3,Alta,Saludable,ACTIVO,0.5663047177436509,0.18067490534734335,0.2530203769090058,475.81999999999994,73,35346.29,484.19575342465754,149.95,1904.12,654.9469460700144,28,27,13,0.18067490534734335,0.5663047177436509,0.2530203769090058
USR0946,4565.24,3427.13,575.19,562.92,75.07,12.6,12.33,Media,En observación,ACTIVO,0.7507009489095864,0.12599337603280442,0.12330567505760924,562.9199999999996,73,95908.36,1313.8131506849315,822.25,4574.53,1518.8559992016258,33,16,11,0.12599337603280442,0.7507009489095864,0.12330567505760924
USR0947,4079.96,3653.41,1840.06,-1413.52,89.55,45.1,-34.65,Nunca,En riesgo,ACTIVO,0.8954524063961411,0.45099951960313334,-0.34645437700369613,-1413.5099999999998,73,92800.41,1271.238493150685,827.91,4138.65,1391.2048266966613,28,18,13,0.45099951960313334,0.8954524063961411,-0.34645437700369613
USR0948,2517.52,1930.71,499.74,87.07,76.69,19.85,3.46,Baja,En riesgo,ACTIVO,0.7669094982363596,0.19850487781626364,0.034585623947376784,87.06999999999994,75,53378.78,711.7170666666666,274.3,2570.56,866.2149983627485,27,31,12,0.19850487781626364,0.7669094982363596,0.034585623947376784
USR0949,4102.59,2394.03,446.58,1261.99,58.35,10.89,30.76,Alta,Saludable,ACTIVO,0.5835411288966239,0.1088531878642516,0.30760812072373794,1261.98,75,77959.45999999999,1039.4594666666665,332.28,4114.48,1380.2826989208597,36,30,13,0.1088531878642516,0.5835411288966239,0.30760812072373794
USR0950,3503.93,2624.27,435.35,444.3,74.9,12.42,12.68,Media,En observación,ACTIVO,0.7489504641930632,0.12424620354858688,0.12680047832005778,444.30999999999983,74,73538.42,993.7624324324324,423.875,5076.0,1223.2710060256654,24,25,12,0.12424620354858688,0.7489504641930632,0.12680047832005778
USR0951,6238.27,3563.04,652.18,2023.05,57.12,10.45,32.43,Alta,Saludable,ACTIVO,0.5711583499912636,0.10454501007490857,0.3242966399338278,2023.0500000000006,75,117615.75,1568.21,482.07,6391.42,2171.1753221855593,31,27,13,0.10454501007490857,0.5711583499912636,0.3242966399338278
USR0952,4487.28,3221.88,812.64,452.76,71.8,18.11,10.09,Media,En observación,ACTIVO,0.7180028881638766,0.1810985719634166,0.10089853987270686,452.75999999999965,72,92509.87,1284.8593055555555,556.76,4647.45,1555.8544732884318,27,24,12,0.1810985719634166,0.7180028881638766,0.10089853987270686
USR0953,2507.38,2065.44,98.99,342.95,82.37,3.95,13.68,Media,En observación,ACTIVO,0.8237443068063077,0.03947945664398695,0.13677623654970525,342.95000000000005,75,54873.87,731.6516,368.15,3207.04,846.385710225002,26,26,14,0.03947945664398695,0.8237443068063077,0.13677623654970525
USR0954,2952.14,1292.08,301.32,1358.74,43.77,10.21,46.03,Alta,Saludable,ACTIVO,0.4376757199861795,0.10206833009274628,0.4602559499210742,1358.74,73,50930.67,697.6804109589041,205.0,3021.43,1033.3159996939173,27,24,13,0.10206833009274628,0.4376757199861795,0.4602559499210742
USR0955,6003.0,4034.7,1219.16,749.14,67.21,20.31,12.48,Media,En observación,ACTIVO,0.6721139430284857,0.20309178743961354,0.12479426953190072,749.1400000000001,73,120452.47,1650.0338356164384,669.97,6127.03,2119.9952293209094,28,27,13,0.20309178743961354,0.6721139430284857,0.12479426953190072
USR0956,5697.7,3869.45,1075.17,753.08,67.91,18.87,13.22,Media,En observación,INACTIVO,0.6791249100514243,0.1887024588869193,0.13217263106165647,753.0799999999999,72,114805.76,1594.5244444444443,510.325,5818.91,1992.8562756406318,33,30,11,0.1887024588869193,0.6791249100514243,0.13217263106165647
USR0957,4706.63,2200.09,390.84,2115.7,46.74,8.3,44.95,Alta,Saludable,ACTIVO,0.4674448596979155,0.08304030697122994,0.4495148333308545,2115.7,73,82880.69,1135.3519178082192,347.78,4793.68,1637.4099842405735,28,26,13,0.08304030697122994,0.4674448596979155,0.4495148333308545
USR0958,5421.99,3431.8,418.51,1571.68,63.29,7.72,28.99,Alta,En observación,ACTIVO,0.6329410419421652,0.07718752708876261,0.28987143096907225,1571.6799999999996,77,106245.55,1379.8123376623378,524.75,5197.3,1700.186003287114,38,29,14,0.07718752708876261,0.6329410419421652,0.28987143096907225
USR0959,3433.29,2474.0,754.29,205.0,72.06,21.97,5.97,Baja,En observación,ACTIVO,0.7205916191175229,0.21969888940345847,0.05970949147901867,205.0,74,70887.38,957.9375675675676,319.1,3517.58,1231.9679390495746,25,30,13,0.21969888940345847,0.7205916191175229,0.05970949147901867
USR0960,2633.42,1455.86,520.59,656.97,55.28,19.77,24.95,Alta,Saludable,ACTIVO,0.5528400331128343,0.19768589894509803,0.24947406794206772,656.9700000000001,74,49071.33,663.1260810810811,277.34000000000003,2687.37,898.7478290923044,23,22,13,0.19768589894509803,0.5528400331128343,0.24947406794206772
USR0961,1878.3,1215.85,343.15,319.3,64.73,18.27,17.0,Media,En observación,ACTIVO,0.6473140605867007,0.18269179577277325,0.169994143640526,319.30000000000007,74,37129.78,501.7537837837838,174.725,2328.36,655.6105152622807,30,25,13,0.18269179577277325,0.6473140605867007,0.169994143640526
USR0962,3614.56,2284.32,600.01,730.23,63.2,16.6,20.2,Alta,En observación,ACTIVO,0.6319773361072994,0.16599807445442877,0.2020245894382719,730.2299999999998,77,70786.52,919.3054545454546,271.29,6392.89,1355.658477845385,29,28,14,0.16599807445442877,0.6319773361072994,0.2020245894382719
USR0963,3307.3,2452.49,678.6,176.21,74.15,20.52,5.33,Baja,En observación,ACTIVO,0.7415384150213163,0.2051824751307713,0.0532791098479122,176.21000000000038,72,69117.45,959.9645833333333,382.86,3369.87,1180.8965426497268,26,24,12,0.2051824751307713,0.7415384150213163,0.0532791098479122
USR0964,4784.86,4185.52,689.79,-90.45,87.47,14.42,-1.89,Nunca,En riesgo,ACTIVO,0.874742416706027,0.14416095768737225,-0.018903374393399182,-90.45000000000073,77,107644.63,1397.9822077922079,555.76,4634.59,1558.9596284530196,28,28,14,0.14416095768737225,0.874742416706027,-0.018903374393399182
USR0965,3598.32,1462.36,206.59,1929.37,40.64,5.74,53.62,Alta,Saludable,ACTIVO,0.4064007648013517,0.0574129037995509,0.5361863313990973,1929.3700000000001,75,60728.17,809.7089333333333,289.67,5841.46,1189.2421236727894,31,23,13,0.0574129037995509,0.4064007648013517,0.5361863313990973
USR0966,5206.96,3047.03,1854.1,305.84,58.52,35.61,5.87,Baja,En observación,ACTIVO,0.5851840613332924,0.35608109146219674,0.05873676771091001,305.8299999999999,78,99047.89,1269.8447435897435,521.44,5204.7,1742.2738885748342,32,24,14,0.35608109146219674,0.5851840613332924,0.05873676771091001
USR0967,3456.45,2445.42,740.23,270.8,70.75,21.42,7.83,Baja,En observación,ACTIVO,0.707494683851929,0.21415903600514982,0.0783462801429212,270.7999999999997,74,70822.39,957.0593243243243,480.89,3517.81,1195.034684664672,32,20,13,0.21415903600514982,0.707494683851929,0.0783462801429212
USR0968,2961.85,1664.55,320.52,976.79,56.2,10.82,32.98,Alta,Saludable,ACTIVO,0.5619967250198356,0.108216148690852,0.3297905025575232,976.78,74,55516.78,750.2267567567567,294.09,2912.6,977.2948983999929,34,26,13,0.108216148690852,0.5619967250198356,0.3297905025575232
USR0969,5186.9,2931.4,578.69,1676.8,56.52,11.16,32.33,Alta,Saludable,ACTIVO,0.5651545238967399,0.11156760299986507,0.3232759451695618,1676.8099999999995,75,97419.63,1298.9284,625.95,5256.64,1754.4587489385824,27,23,13,0.11156760299986507,0.5651545238967399,0.3232759451695618
USR0970,4938.28,5032.37,292.15,-386.25,101.91,5.92,-7.82,Nunca,En riesgo,ACTIVO,1.0190531926095725,0.05916027442753347,-0.07821549203366354,-386.2400000000001,72,119647.77,1661.7745833333333,888.59,5033.14,1734.3696188211914,25,24,12,0.05916027442753347,1.0190531926095725,-0.07821549203366354
USR0971,2455.93,1754.32,692.85,8.76,71.43,28.21,0.36,Baja,En observación,INACTIVO,0.7143200335514449,0.2821130895424544,0.003566876906100744,8.759999999999877,77,50522.96,656.1423376623377,261.18,2549.18,772.0745623879657,29,29,13,0.2821130895424544,0.7143200335514449,0.003566876906100744
USR0972,6955.13,6181.43,1388.65,-614.95,88.88,19.97,-8.84,Nunca,En riesgo,INACTIVO,0.8887583697213424,0.19965838165497987,-0.08841675137632223,-614.9500000000003,73,157638.72,2159.4345205479453,861.7,7011.13,2396.7558787649937,30,32,13,0.19965838165497987,0.8887583697213424,-0.08841675137632223
USR0973,3819.2,2397.71,494.58,926.9,62.78,12.95,24.27,Alta,En observación,ACTIVO,0.6278042521994135,0.12949832425638877,0.2426948051948052,926.9099999999999,75,74602.95,994.706,335.15,3810.35,1283.461939742495,33,30,13,0.12949832425638877,0.6278042521994135,0.2426948051948052
USR0974,6094.47,2938.25,618.77,2537.45,48.21,10.15,41.64,Alta,Saludable,ACTIVO,0.48211739494984795,0.10152974745958221,0.4163528575905698,2537.4500000000003,72,108392.69,1505.4540277777778,524.455,6227.92,2123.5831827074526,33,23,12,0.10152974745958221,0.48211739494984795,0.4163528575905698
USR0975,5025.99,3466.77,508.62,1050.6,68.98,10.12,20.9,Alta,En observación,ACTIVO,0.6897685829060544,0.10119797293667517,0.2090334441572705,1050.6,75,101913.21,1358.8428000000001,581.94,5027.35,1729.1052405261596,33,25,13,0.10119797293667517,0.6897685829060544,0.2090334441572705
USR0976,3292.02,2183.45,623.03,485.54,66.33,18.93,14.75,Media,En observación,ACTIVO,0.6632553872698221,0.1892546217823707,0.14748999094780713,485.5400000000002,79,65705.67,831.7173417721518,261.64,3198.01,1073.6662119957507,30,32,14,0.1892546217823707,0.6632553872698221,0.14748999094780713
USR0977,3710.35,3163.15,213.13,334.07,85.25,5.74,9.0,Baja,En observación,ACTIVO,0.8525206516905414,0.05744202029458138,0.09003732801487731,334.0699999999998,77,82482.09,1071.195974025974,545.14,3747.27,1244.1504015563346,33,27,14,0.05744202029458138,0.8525206516905414,0.09003732801487731
USR0978,2557.6,1733.05,183.57,640.98,67.76,7.18,25.06,Alta,En observación,ACTIVO,0.6776079136690648,0.07177431967469503,0.25061776665624025,640.98,73,51487.71,705.3110958904109,238.41,2591.19,884.4622970711918,33,27,13,0.07177431967469503,0.6776079136690648,0.25061776665624025
USR0979,4965.46,3420.56,770.33,774.56,68.89,15.51,15.6,Media,En observación,ACTIVO,0.6888707189263432,0.15513769117060655,0.15598957599094543,774.57,73,100632.24,1378.5238356164384,566.43,5071.1,1732.2685283390601,26,26,12,0.15513769117060655,0.6888707189263432,0.15598957599094543
USR0980,5165.07,2942.35,302.77,1919.95,56.97,5.86,37.17,Alta,Saludable,ACTIVO,0.5696631410610118,0.05861876024913505,0.3717180986898532,1919.9499999999998,74,97289.1,1314.7175675675676,293.875,6411.82,1912.1358606154363,29,31,13,0.05861876024913505,0.5696631410610118,0.3717180986898532
USR0981,4228.77,3796.31,168.05,264.41,89.77,3.97,6.25,Baja,En observación,ACTIVO,0.8977338564168776,0.03973968789979119,0.06252645568333108,264.4100000000005,77,96300.91,1250.6611688311689,777.68,4106.64,1379.0111412825897,25,22,15,0.03973968789979119,0.8977338564168776,0.06252645568333108
USR0982,3869.58,2289.14,495.73,1084.71,59.16,12.81,28.03,Alta,Saludable,ACTIVO,0.5915732456752412,0.1281095105928809,0.2803172437318779,1084.71,75,73904.66,985.3954666666667,271.12,3857.26,1316.044056374904,27,31,12,0.1281095105928809,0.5915732456752412,0.2803172437318779
USR0983,3108.97,1713.85,1522.7,-127.57,55.13,48.98,-4.1,Nunca,En riesgo,ACTIVO,0.5512597419724218,0.4897763567998405,-0.041032882272907106,-127.58000000000015,75,57873.85,771.6513333333334,163.59,3891.81,1179.0762695264289,34,24,12,0.4897763567998405,0.5512597419724218,-0.041032882272907106
USR0984,4310.16,2475.02,602.81,1232.34,57.42,13.99,28.59,Alta,Saludable,ACTIVO,0.5742292629507953,0.13985791710748557,0.28591514004120494,1232.33,74,81422.13,1100.299054054054,354.49,4356.78,1472.078878020988,26,30,13,0.13985791710748557,0.5742292629507953,0.28591514004120494
USR0985,2241.77,1015.89,2.35,1223.53,45.32,0.1,54.58,Alta,Saludable,ACTIVO,0.45316424075618816,0.001048278815400331,0.5457874804284115,1223.5300000000002,74,39091.86,528.2683783783784,173.995,2191.87,744.1418984969899,30,27,14,0.001048278815400331,0.45316424075618816,0.5457874804284115
USR0986,1590.72,1385.64,170.6,34.48,87.11,10.72,2.17,Baja,En riesgo,ACTIVO,0.8710772480386241,0.10724703279018305,0.021675719171192917,34.47999999999993,75,35716.38,476.2184,190.35,3335.17,615.3443107439714,30,27,12,0.10724703279018305,0.8710772480386241,0.021675719171192917
USR0987,3182.94,2465.31,316.9,400.73,77.45,9.96,12.59,Media,En observación,ACTIVO,0.7745386340930083,0.09956204012642399,0.12589932578056764,400.73000000000013,77,67779.03,880.2471428571429,283.74,3275.47,1084.2085506486399,27,31,15,0.09956204012642399,0.7745386340930083,0.12589932578056764
USR0988,1768.84,720.38,145.23,903.24,40.73,8.21,51.06,Alta,Saludable,ACTIVO,0.40726125596436086,0.08210465615883857,0.5106397412993827,903.23,74,29870.6,403.65675675675675,107.35,5413.77,743.5512883234213,30,25,12,0.08210465615883857,0.40726125596436086,0.5106397412993827
USR0989,2934.84,1798.22,479.07,657.55,61.27,16.32,22.41,Alta,En observación,ACTIVO,0.6127148328358616,0.16323547450627632,0.22404969265786207,657.5500000000002,73,56796.7,778.0369863013698,284.68,2959.68,1024.6357302376684,27,26,13,0.16323547450627632,0.6127148328358616,0.22404969265786207
USR0990,6227.28,5647.21,1966.95,-1386.88,90.69,31.59,-22.27,Nunca,En riesgo,ACTIVO,0.9068501817808097,0.31586021505376344,-0.22271039683457305,-1386.8800000000003,74,142493.95,1925.5939189189191,1325.58,6418.88,2175.191176433721,28,19,12,0.31586021505376344,0.9068501817808097,-0.22271039683457305
USR0991,3120.82,2012.07,1004.48,104.27,64.47,32.19,3.34,Baja,En observación,ACTIVO,0.6447247838709057,0.32186412545420756,0.03341109067488673,104.27000000000021,76,61594.7,810.4565789473684,271.86,5061.69,1050.710738904611,25,30,13,0.32186412545420756,0.6447247838709057,0.03341109067488673
USR0992,3161.15,2200.94,530.63,429.59,69.62,16.79,13.59,Media,En observación,ACTIVO,0.696246619110134,0.16785979785837432,0.1358967464372143,429.58000000000004,74,64345.08,869.5281081081081,495.43,3193.82,1062.059924016461,27,21,13,0.16785979785837432,0.696246619110134,0.1358967464372143
USR0993,5870.85,3290.72,978.46,1601.67,56.05,16.67,27.28,Alta,Saludable,ACTIVO,0.5605184939148504,0.1666641116703714,0.2728173944147781,1601.6700000000005,72,109938.77,1526.9273611111112,737.935,6004.28,2038.75220582604,30,22,12,0.1666641116703714,0.5605184939148504,0.2728173944147781
USR0994,1874.03,740.35,76.29,1057.39,39.51,4.07,56.42,Alta,Saludable,ACTIVO,0.3950577098552318,0.04070906015378623,0.564233229990982,1057.3899999999999,73,31372.63,429.76205479452057,82.64,2507.81,706.8536309805882,32,25,13,0.04070906015378623,0.3950577098552318,0.564233229990982
USR0995,2375.7,1384.36,318.04,673.3,58.27,13.39,28.34,Alta,Saludable,ACTIVO,0.5827166729805952,0.13387212190091344,0.2834112051184914,673.3,75,45120.7,601.6093333333333,267.08,2341.87,776.6106720844721,31,23,13,0.13387212190091344,0.5827166729805952,0.2834112051184914
USR0996,6350.22,3125.07,293.3,2931.85,49.21,4.62,46.17,Alta,Saludable,ACTIVO,0.4921199580486975,0.046187376185392,0.46169266576591045,2931.85,75,113703.53,1516.0470666666668,408.26,6355.87,2155.5494375955072,30,28,14,0.046187376185392,0.4921199580486975,0.46169266576591045
USR0997,4324.69,3277.2,781.59,265.9,75.78,18.07,6.15,Baja,En observación,ACTIVO,0.7577884195167747,0.1807274047388368,0.061484175744388615,265.89999999999975,72,91222.63,1266.9809722222224,507.985,4454.72,1517.741449718896,37,24,12,0.1807274047388368,0.7577884195167747,0.061484175744388615
USR0998,4513.88,2027.5,166.19,2320.19,44.92,3.68,51.4,Alta,Saludable,ACTIVO,0.44917011528884243,0.0368175494253281,0.5140123352858295,2320.19,75,78496.5,1046.62,242.44,7197.6,1728.1319629666673,28,26,11,0.0368175494253281,0.44917011528884243,0.5140123352858295
USR0999,4984.75,4390.62,206.43,387.71,88.08,4.14,7.78,Baja,En observación,ACTIVO,0.8808104719394152,0.041412307537990876,0.07777922664125583,387.7000000000001,72,112504.45,1562.5618055555556,542.44,5080.44,1775.0851116561862,32,30,11,0.041412307537990876,0.8808104719394152,0.07777922664125583
USR1000,3820.18,3269.99,1271.32,-721.13,85.6,33.28,-18.88,Nunca,En riesgo,ACTIVO,0.8559779905658895,0.33279060148998213,-0.1887685920558717,-721.1299999999999,74,85081.98,1149.7564864864864,740.845,3844.21,1249.2511755035794,29,17,13,0.33279060148998213,0.8559779905658895,-0.1887685920558717
