modelo,accuracy,f1_macro,f1_weighted
Clasificación de transacciones (Hold-Out),1.0,1.0,1.0
Clasificación de transacciones (CV agrupada),0.7415315152437872,0.7257813090052279,0.7561079569236159
Perfil financiero (Hold-Out),0.884,0.8884966704393542,0.8833709284923732
Perfil financiero (Validación Cruzada),0.8870000000000001,0.8916332964002954,0.8858777466267325
