
  .   ____          _            __ _ _
 /\\ / ___'_ __ _ _(_)_ __  __ _ \ \ \ \
( ( )\___ | '_ | '_| | '_ \/ _` | \ \ \ \
 \\/  ___)| |_)| | | | | || (_| |  ) ) ) )
  '  |____| .__|_| |_|_| |_\__, | / / / /
 =========|_|==============|___/=/_/_/_/

 :: Spring Boot ::                (v3.4.1)

2026-07-31T10:58:00.700-04:00  INFO 19228 --- [financeai-backend] [           main] com.financeai.FinanceAIApplication       : Starting FinanceAIApplication v0.0.1-SNAPSHOT using Java 21.0.11 with PID 19228 (C:\Users\fp\Downloads\FinSightIA 2\Backend\backend\target\financeai-backend-0.0.1-SNAPSHOT.jar started by fp in C:\Users\fp\Downloads\FinSightIA 2\Backend\backend)
2026-07-31T10:58:00.701-04:00  INFO 19228 --- [financeai-backend] [           main] com.financeai.FinanceAIApplication       : No active profile set, falling back to 1 default profile: "default"
2026-07-31T10:58:00.709-04:00 DEBUG 19228 --- [financeai-backend] [           main] o.s.boot.SpringApplication               : Loading source class com.financeai.FinanceAIApplication
2026-07-31T10:58:00.804-04:00 DEBUG 19228 --- [financeai-backend] [           main] ConfigServletWebServerApplicationContext : Refreshing org.springframework.boot.web.servlet.context.AnnotationConfigServletWebServerApplicationContext@4ce7fffa
2026-07-31T10:58:03.142-04:00  INFO 19228 --- [financeai-backend] [           main] .s.d.r.c.RepositoryConfigurationDelegate : Bootstrapping Spring Data JPA repositories in DEFAULT mode.
2026-07-31T10:58:03.209-04:00 DEBUG 19228 --- [financeai-backend] [           main] o.s.b.a.AutoConfigurationPackages        : @EnableAutoConfiguration was declared on a class in the package 'com.financeai'. Automatic @Repository and @Entity scanning is enabled.
2026-07-31T10:58:03.342-04:00  INFO 19228 --- [financeai-backend] [           main] .s.d.r.c.RepositoryConfigurationDelegate : Finished Spring Data repository scanning in 151 ms. Found 7 JPA repository interfaces.
2026-07-31T10:58:04.925-04:00 DEBUG 19228 --- [financeai-backend] [           main] .s.b.w.e.t.TomcatServletWebServerFactory : Code archive: C:\Users\fp\Downloads\FinSightIA 2\Backend\backend\target\financeai-backend-0.0.1-SNAPSHOT.jar
2026-07-31T10:58:04.925-04:00 DEBUG 19228 --- [financeai-backend] [           main] .s.b.w.e.t.TomcatServletWebServerFactory : Code archive: C:\Users\fp\Downloads\FinSightIA 2\Backend\backend\target\financeai-backend-0.0.1-SNAPSHOT.jar
2026-07-31T10:58:04.925-04:00 DEBUG 19228 --- [financeai-backend] [           main] .s.b.w.e.t.TomcatServletWebServerFactory : None of the document roots [src/main/webapp, public, static] point to a directory and will be ignored.
2026-07-31T10:58:05.009-04:00  INFO 19228 --- [financeai-backend] [           main] o.s.b.w.embedded.tomcat.TomcatWebServer  : Tomcat initialized with port 8081 (http)
2026-07-31T10:58:05.092-04:00  INFO 19228 --- [financeai-backend] [           main] o.apache.catalina.core.StandardService   : Starting service [Tomcat]
2026-07-31T10:58:05.092-04:00  INFO 19228 --- [financeai-backend] [           main] o.apache.catalina.core.StandardEngine    : Starting Servlet engine: [Apache Tomcat/10.1.34]
2026-07-31T10:58:05.186-04:00  INFO 19228 --- [financeai-backend] [           main] o.a.c.c.C.[Tomcat].[localhost].[/]       : Initializing Spring embedded WebApplicationContext
2026-07-31T10:58:05.187-04:00 DEBUG 19228 --- [financeai-backend] [           main] w.s.c.ServletWebServerApplicationContext : Published root WebApplicationContext as ServletContext attribute with name [org.springframework.web.context.WebApplicationContext.ROOT]
2026-07-31T10:58:05.189-04:00  INFO 19228 --- [financeai-backend] [           main] w.s.c.ServletWebServerApplicationContext : Root WebApplicationContext: initialization completed in 4383 ms
2026-07-31T10:58:05.236-04:00 DEBUG 19228 --- [financeai-backend] [           main] o.s.b.w.s.ServletContextInitializerBeans : Mapping filters: characterEncodingFilter urls=[/*] order=-2147483648, formContentFilter urls=[/*] order=-9900, requestContextFilter urls=[/*] order=-105
2026-07-31T10:58:05.237-04:00 DEBUG 19228 --- [financeai-backend] [           main] o.s.b.w.s.ServletContextInitializerBeans : Mapping servlets: dispatcherServlet urls=[/]
2026-07-31T10:58:05.333-04:00 DEBUG 19228 --- [financeai-backend] [           main] o.s.b.w.s.f.OrderedRequestContextFilter  : Filter 'requestContextFilter' configured for use
2026-07-31T10:58:05.333-04:00 DEBUG 19228 --- [financeai-backend] [           main] s.b.w.s.f.OrderedCharacterEncodingFilter : Filter 'characterEncodingFilter' configured for use
2026-07-31T10:58:05.333-04:00 DEBUG 19228 --- [financeai-backend] [           main] o.s.b.w.s.f.OrderedFormContentFilter     : Filter 'formContentFilter' configured for use
2026-07-31T10:58:05.597-04:00  INFO 19228 --- [financeai-backend] [           main] o.hibernate.jpa.internal.util.LogHelper  : HHH000204: Processing PersistenceUnitInfo [name: default]
2026-07-31T10:58:05.742-04:00  INFO 19228 --- [financeai-backend] [           main] org.hibernate.Version                    : HHH000412: Hibernate ORM core version 6.6.4.Final
2026-07-31T10:58:05.810-04:00  INFO 19228 --- [financeai-backend] [           main] o.h.c.internal.RegionFactoryInitiator    : HHH000026: Second-level cache disabled
2026-07-31T10:58:06.527-04:00  INFO 19228 --- [financeai-backend] [           main] o.s.o.j.p.SpringPersistenceUnitInfo      : No LoadTimeWeaver setup: ignoring JPA class transformer
2026-07-31T10:58:06.609-04:00  INFO 19228 --- [financeai-backend] [           main] com.zaxxer.hikari.HikariDataSource       : HikariPool-1 - Starting...
2026-07-31T10:58:08.209-04:00  INFO 19228 --- [financeai-backend] [           main] com.zaxxer.hikari.pool.HikariPool        : HikariPool-1 - Added connection org.postgresql.jdbc.PgConnection@681d704e
2026-07-31T10:58:08.209-04:00  INFO 19228 --- [financeai-backend] [           main] com.zaxxer.hikari.HikariDataSource       : HikariPool-1 - Start completed.
2026-07-31T10:58:08.342-04:00  WARN 19228 --- [financeai-backend] [           main] org.hibernate.orm.deprecation            : HHH90000025: PostgreSQLDialect does not need to be specified explicitly using 'hibernate.dialect' (remove the property setting and it will be selected by default)
2026-07-31T10:58:08.509-04:00  INFO 19228 --- [financeai-backend] [           main] org.hibernate.orm.connections.pooling    : HHH10001005: Database info:
	Database JDBC URL [Connecting through datasource 'HikariDataSource (HikariPool-1)']
	Database driver: undefined/unknown
	Database version: 17.6
	Autocommit mode: undefined/unknown
	Isolation level: undefined/unknown
	Minimum pool size: undefined/unknown
	Maximum pool size: undefined/unknown
2026-07-31T10:58:10.642-04:00  INFO 19228 --- [financeai-backend] [           main] o.h.e.t.j.p.i.JtaPlatformInitiator       : HHH000489: No JTA platform available (set 'hibernate.transaction.jta.platform' to enable JTA platform integration)
2026-07-31T10:58:12.458-04:00  INFO 19228 --- [financeai-backend] [           main] j.LocalContainerEntityManagerFactoryBean : Initialized JPA EntityManagerFactory for persistence unit 'default'
2026-07-31T10:58:13.130-04:00  INFO 19228 --- [financeai-backend] [           main] o.s.d.j.r.query.QueryEnhancerFactory     : Hibernate is in classpath; If applicable, HQL parser will be used.
2026-07-31T10:58:15.392-04:00  WARN 19228 --- [financeai-backend] [           main] JpaBaseConfiguration$JpaWebConfiguration : spring.jpa.open-in-view is enabled by default. Therefore, database queries may be performed during view rendering. Explicitly configure spring.jpa.open-in-view to disable this warning
2026-07-31T10:58:15.643-04:00 DEBUG 19228 --- [financeai-backend] [           main] s.w.s.m.m.a.RequestMappingHandlerMapping : 26 mappings in 'requestMappingHandlerMapping'
2026-07-31T10:58:15.809-04:00 DEBUG 19228 --- [financeai-backend] [           main] o.s.w.s.handler.SimpleUrlHandlerMapping  : Patterns [/webjars/**, /**, /swagger-ui*/*swagger-initializer.js, /swagger-ui*/**] in 'resourceHandlerMapping'
2026-07-31T10:58:15.892-04:00 DEBUG 19228 --- [financeai-backend] [           main] s.w.s.m.m.a.RequestMappingHandlerAdapter : ControllerAdvice beans: 0 @ModelAttribute, 0 @InitBinder, 1 RequestBodyAdvice, 1 ResponseBodyAdvice
2026-07-31T10:58:15.993-04:00 DEBUG 19228 --- [financeai-backend] [           main] .m.m.a.ExceptionHandlerExceptionResolver : ControllerAdvice beans: 2 @ExceptionHandler, 1 ResponseBodyAdvice
2026-07-31T10:58:16.558-04:00  INFO 19228 --- [financeai-backend] [           main] o.s.b.w.embedded.tomcat.TomcatWebServer  : Tomcat started on port 8081 (http) with context path '/'
2026-07-31T10:58:16.597-04:00 DEBUG 19228 --- [financeai-backend] [           main] .s.b.a.l.ConditionEvaluationReportLogger : 


============================
CONDITIONS EVALUATION REPORT
============================


Positive matches:
-----------------

   AopAutoConfiguration matched:
      - @ConditionalOnProperty (spring.aop.auto=true) matched (OnPropertyCondition)

   AopAutoConfiguration.AspectJAutoProxyingConfiguration matched:
      - @ConditionalOnClass found required class 'org.aspectj.weaver.Advice' (OnClassCondition)

   AopAutoConfiguration.AspectJAutoProxyingConfiguration.CglibAutoProxyConfiguration matched:
      - @ConditionalOnProperty (spring.aop.proxy-target-class=true) matched (OnPropertyCondition)

   ApplicationAvailabilityAutoConfiguration#applicationAvailability matched:
      - @ConditionalOnMissingBean (types: org.springframework.boot.availability.ApplicationAvailability; SearchStrategy: all) did not find any beans (OnBeanCondition)

   DataSourceAutoConfiguration matched:
      - @ConditionalOnClass found required classes 'javax.sql.DataSource', 'org.springframework.jdbc.datasource.embedded.EmbeddedDatabaseType' (OnClassCondition)
      - @ConditionalOnMissingBean (types: io.r2dbc.spi.ConnectionFactory; SearchStrategy: all) did not find any beans (OnBeanCondition)

   DataSourceAutoConfiguration.PooledDataSourceConfiguration matched:
      - AnyNestedCondition 1 matched 1 did not; NestedCondition on DataSourceAutoConfiguration.PooledDataSourceCondition.PooledDataSourceAvailable PooledDataSource found supported DataSource; NestedCondition on DataSourceAutoConfiguration.PooledDataSourceCondition.ExplicitType @ConditionalOnProperty (spring.datasource.type) did not find property 'type' (DataSourceAutoConfiguration.PooledDataSourceCondition)
      - @ConditionalOnMissingBean (types: javax.sql.DataSource,javax.sql.XADataSource; SearchStrategy: all) did not find any beans (OnBeanCondition)

   DataSourceAutoConfiguration.PooledDataSourceConfiguration#jdbcConnectionDetails matched:
      - @ConditionalOnMissingBean (types: org.springframework.boot.autoconfigure.jdbc.JdbcConnectionDetails; SearchStrategy: all) did not find any beans (OnBeanCondition)

   DataSourceConfiguration.Hikari matched:
      - @ConditionalOnClass found required class 'com.zaxxer.hikari.HikariDataSource' (OnClassCondition)
      - @ConditionalOnProperty (spring.datasource.type=com.zaxxer.hikari.HikariDataSource) matched (OnPropertyCondition)
      - @ConditionalOnMissingBean (types: javax.sql.DataSource; SearchStrategy: all) did not find any beans (OnBeanCondition)

   DataSourceInitializationConfiguration matched:
      - @ConditionalOnClass found required class 'org.springframework.jdbc.datasource.init.DatabasePopulator' (OnClassCondition)
      - @ConditionalOnSingleCandidate (types: javax.sql.DataSource; SearchStrategy: all) found a single bean 'dataSource'; @ConditionalOnMissingBean (types: org.springframework.boot.autoconfigure.sql.init.SqlDataSourceScriptDatabaseInitializer,org.springframework.boot.autoconfigure.sql.init.SqlR2dbcScriptDatabaseInitializer; SearchStrategy: all) did not find any beans (OnBeanCondition)

   DataSourceJmxConfiguration matched:
      - @ConditionalOnProperty (spring.jmx.enabled=true) matched (OnPropertyCondition)

   DataSourceJmxConfiguration.Hikari matched:
      - @ConditionalOnClass found required class 'com.zaxxer.hikari.HikariDataSource' (OnClassCondition)
      - @ConditionalOnSingleCandidate (types: javax.sql.DataSource; SearchStrategy: all) found a single bean 'dataSource' (OnBeanCondition)

   DataSourcePoolMetadataProvidersConfiguration.HikariPoolDataSourceMetadataProviderConfiguration matched:
      - @ConditionalOnClass found required class 'com.zaxxer.hikari.HikariDataSource' (OnClassCondition)

   DataSourceTransactionManagerAutoConfiguration matched:
      - @ConditionalOnClass found required classes 'javax.sql.DataSource', 'org.springframework.jdbc.core.JdbcTemplate', 'org.springframework.transaction.TransactionManager' (OnClassCondition)

   DataSourceTransactionManagerAutoConfiguration.JdbcTransactionManagerConfiguration matched:
      - @ConditionalOnSingleCandidate (types: javax.sql.DataSource; SearchStrategy: all) found a single bean 'dataSource' (OnBeanCondition)

   DispatcherServletAutoConfiguration matched:
      - @ConditionalOnClass found required class 'org.springframework.web.servlet.DispatcherServlet' (OnClassCondition)
      - found 'session' scope (OnWebApplicationCondition)

   DispatcherServletAutoConfiguration.DispatcherServletConfiguration matched:
      - @ConditionalOnClass found required class 'jakarta.servlet.ServletRegistration' (OnClassCondition)
      - Default DispatcherServlet did not find dispatcher servlet beans (DispatcherServletAutoConfiguration.DefaultDispatcherServletCondition)

   DispatcherServletAutoConfiguration.DispatcherServletRegistrationConfiguration matched:
      - @ConditionalOnClass found required class 'jakarta.servlet.ServletRegistration' (OnClassCondition)
      - DispatcherServlet Registration did not find servlet registration bean (DispatcherServletAutoConfiguration.DispatcherServletRegistrationCondition)

   DispatcherServletAutoConfiguration.DispatcherServletRegistrationConfiguration#dispatcherServletRegistration matched:
      - @ConditionalOnBean (names: dispatcherServlet types: org.springframework.web.servlet.DispatcherServlet; SearchStrategy: all) found bean 'dispatcherServlet' (OnBeanCondition)

   EmbeddedWebServerFactoryCustomizerAutoConfiguration matched:
      - @ConditionalOnWebApplication (required) found 'session' scope (OnWebApplicationCondition)
      - @ConditionalOnWarDeployment the application is not deployed as a WAR file. (OnWarDeploymentCondition)

   EmbeddedWebServerFactoryCustomizerAutoConfiguration.TomcatWebServerFactoryCustomizerConfiguration matched:
      - @ConditionalOnClass found required classes 'org.apache.catalina.startup.Tomcat', 'org.apache.coyote.UpgradeProtocol' (OnClassCondition)

   ErrorMvcAutoConfiguration matched:
      - @ConditionalOnClass found required classes 'jakarta.servlet.Servlet', 'org.springframework.web.servlet.DispatcherServlet' (OnClassCondition)
      - found 'session' scope (OnWebApplicationCondition)

   ErrorMvcAutoConfiguration#basicErrorController matched:
      - @ConditionalOnMissingBean (types: org.springframework.boot.web.servlet.error.ErrorController; SearchStrategy: current) did not find any beans (OnBeanCondition)

   ErrorMvcAutoConfiguration#errorAttributes matched:
      - @ConditionalOnMissingBean (types: org.springframework.boot.web.servlet.error.ErrorAttributes; SearchStrategy: current) did not find any beans (OnBeanCondition)

   ErrorMvcAutoConfiguration.DefaultErrorViewResolverConfiguration#conventionErrorViewResolver matched:
      - @ConditionalOnBean (types: org.springframework.web.servlet.DispatcherServlet; SearchStrategy: all) found bean 'dispatcherServlet'; @ConditionalOnMissingBean (types: org.springframework.boot.autoconfigure.web.servlet.error.ErrorViewResolver; SearchStrategy: all) did not find any beans (OnBeanCondition)

   ErrorMvcAutoConfiguration.WhitelabelErrorViewConfiguration matched:
      - @ConditionalOnProperty (server.error.whitelabel.enabled) matched (OnPropertyCondition)
      - ErrorTemplate Missing did not find error template view (ErrorMvcAutoConfiguration.ErrorTemplateMissingCondition)

   ErrorMvcAutoConfiguration.WhitelabelErrorViewConfiguration#beanNameViewResolver matched:
      - @ConditionalOnMissingBean (types: org.springframework.web.servlet.view.BeanNameViewResolver; SearchStrategy: all) did not find any beans (OnBeanCondition)

   ErrorMvcAutoConfiguration.WhitelabelErrorViewConfiguration#defaultErrorView matched:
      - @ConditionalOnMissingBean (names: error; SearchStrategy: all) did not find any beans (OnBeanCondition)

   GenericCacheConfiguration matched:
      - Cache org.springframework.boot.autoconfigure.cache.GenericCacheConfiguration automatic cache type (CacheCondition)

   HibernateJpaAutoConfiguration matched:
      - @ConditionalOnClass found required classes 'org.springframework.orm.jpa.LocalContainerEntityManagerFactoryBean', 'jakarta.persistence.EntityManager', 'org.hibernate.engine.spi.SessionImplementor' (OnClassCondition)

   HibernateJpaConfiguration matched:
      - @ConditionalOnSingleCandidate (types: javax.sql.DataSource; SearchStrategy: all) found a single bean 'dataSource' (OnBeanCondition)

   HttpClientAutoConfiguration matched:
      - @ConditionalOnClass found required class 'org.springframework.http.client.ClientHttpRequestFactory' (OnClassCondition)
      - NoneNestedConditions 0 matched 1 did not; NestedCondition on NotReactiveWebApplicationCondition.ReactiveWebApplication did not find reactive web application classes (NotReactiveWebApplicationCondition)

   HttpClientAutoConfiguration#clientHttpRequestFactoryBuilder matched:
      - @ConditionalOnMissingBean (types: org.springframework.boot.http.client.ClientHttpRequestFactoryBuilder; SearchStrategy: all) did not find any beans (OnBeanCondition)

   HttpClientAutoConfiguration#clientHttpRequestFactorySettings matched:
      - @ConditionalOnMissingBean (types: org.springframework.boot.http.client.ClientHttpRequestFactorySettings; SearchStrategy: all) did not find any beans (OnBeanCondition)

   HttpEncodingAutoConfiguration matched:
      - @ConditionalOnClass found required class 'org.springframework.web.filter.CharacterEncodingFilter' (OnClassCondition)
      - found 'session' scope (OnWebApplicationCondition)
      - @ConditionalOnProperty (server.servlet.encoding.enabled) matched (OnPropertyCondition)

   HttpEncodingAutoConfiguration#characterEncodingFilter matched:
      - @ConditionalOnMissingBean (types: org.springframework.web.filter.CharacterEncodingFilter; SearchStrategy: all) did not find any beans (OnBeanCondition)

   HttpMessageConvertersAutoConfiguration matched:
      - @ConditionalOnClass found required class 'org.springframework.http.converter.HttpMessageConverter' (OnClassCondition)
      - NoneNestedConditions 0 matched 1 did not; NestedCondition on HttpMessageConvertersAutoConfiguration.NotReactiveWebApplicationCondition.ReactiveWebApplication did not find reactive web application classes (HttpMessageConvertersAutoConfiguration.NotReactiveWebApplicationCondition)

   HttpMessageConvertersAutoConfiguration#messageConverters matched:
      - @ConditionalOnMissingBean (types: org.springframework.boot.autoconfigure.http.HttpMessageConverters; SearchStrategy: all) did not find any beans (OnBeanCondition)

   HttpMessageConvertersAutoConfiguration.StringHttpMessageConverterConfiguration matched:
      - @ConditionalOnClass found required class 'org.springframework.http.converter.StringHttpMessageConverter' (OnClassCondition)

   HttpMessageConvertersAutoConfiguration.StringHttpMessageConverterConfiguration#stringHttpMessageConverter matched:
      - @ConditionalOnMissingBean (types: org.springframework.http.converter.StringHttpMessageConverter; SearchStrategy: all) did not find any beans (OnBeanCondition)

   JacksonAutoConfiguration matched:
      - @ConditionalOnClass found required class 'com.fasterxml.jackson.databind.ObjectMapper' (OnClassCondition)

   JacksonAutoConfiguration.Jackson2ObjectMapperBuilderCustomizerConfiguration matched:
      - @ConditionalOnClass found required class 'org.springframework.http.converter.json.Jackson2ObjectMapperBuilder' (OnClassCondition)

   JacksonAutoConfiguration.JacksonObjectMapperBuilderConfiguration matched:
      - @ConditionalOnClass found required class 'org.springframework.http.converter.json.Jackson2ObjectMapperBuilder' (OnClassCondition)

   JacksonAutoConfiguration.JacksonObjectMapperBuilderConfiguration#jacksonObjectMapperBuilder matched:
      - @ConditionalOnMissingBean (types: org.springframework.http.converter.json.Jackson2ObjectMapperBuilder; SearchStrategy: all) did not find any beans (OnBeanCondition)

   JacksonAutoConfiguration.JacksonObjectMapperConfiguration matched:
      - @ConditionalOnClass found required class 'org.springframework.http.converter.json.Jackson2ObjectMapperBuilder' (OnClassCondition)

   JacksonAutoConfiguration.JacksonObjectMapperConfiguration#jacksonObjectMapper matched:
      - @ConditionalOnMissingBean (types: com.fasterxml.jackson.databind.ObjectMapper; SearchStrategy: all) did not find any beans (OnBeanCondition)

   JacksonAutoConfiguration.ParameterNamesModuleConfiguration matched:
      - @ConditionalOnClass found required class 'com.fasterxml.jackson.module.paramnames.ParameterNamesModule' (OnClassCondition)

   JacksonAutoConfiguration.ParameterNamesModuleConfiguration#parameterNamesModule matched:
      - @ConditionalOnMissingBean (types: com.fasterxml.jackson.module.paramnames.ParameterNamesModule; SearchStrategy: all) did not find any beans (OnBeanCondition)

   JacksonHttpMessageConvertersConfiguration.MappingJackson2HttpMessageConverterConfiguration matched:
      - @ConditionalOnClass found required class 'com.fasterxml.jackson.databind.ObjectMapper' (OnClassCondition)
      - @ConditionalOnProperty (spring.mvc.converters.preferred-json-mapper=jackson) matched (OnPropertyCondition)
      - @ConditionalOnBean (types: com.fasterxml.jackson.databind.ObjectMapper; SearchStrategy: all) found bean 'jacksonObjectMapper' (OnBeanCondition)

   JacksonHttpMessageConvertersConfiguration.MappingJackson2HttpMessageConverterConfiguration#mappingJackson2HttpMessageConverter matched:
      - @ConditionalOnMissingBean (types: org.springframework.http.converter.json.MappingJackson2HttpMessageConverter ignored: org.springframework.hateoas.server.mvc.TypeConstrainedMappingJackson2HttpMessageConverter,org.springframework.data.rest.webmvc.alps.AlpsJsonHttpMessageConverter; SearchStrategy: all) did not find any beans (OnBeanCondition)

   JdbcClientAutoConfiguration matched:
      - @ConditionalOnSingleCandidate (types: org.springframework.jdbc.core.namedparam.NamedParameterJdbcTemplate; SearchStrategy: all) found a single bean 'namedParameterJdbcTemplate'; @ConditionalOnMissingBean (types: org.springframework.jdbc.core.simple.JdbcClient; SearchStrategy: all) did not find any beans (OnBeanCondition)

   JdbcTemplateAutoConfiguration matched:
      - @ConditionalOnClass found required classes 'javax.sql.DataSource', 'org.springframework.jdbc.core.JdbcTemplate' (OnClassCondition)
      - @ConditionalOnSingleCandidate (types: javax.sql.DataSource; SearchStrategy: all) found a single bean 'dataSource' (OnBeanCondition)

   JdbcTemplateConfiguration matched:
      - @ConditionalOnMissingBean (types: org.springframework.jdbc.core.JdbcOperations; SearchStrategy: all) did not find any beans (OnBeanCondition)

   JpaBaseConfiguration#entityManagerFactory matched:
      - @ConditionalOnMissingBean (types: org.springframework.orm.jpa.LocalContainerEntityManagerFactoryBean,jakarta.persistence.EntityManagerFactory; SearchStrategy: all) did not find any beans (OnBeanCondition)

   JpaBaseConfiguration#entityManagerFactoryBuilder matched:
      - @ConditionalOnMissingBean (types: org.springframework.boot.orm.jpa.EntityManagerFactoryBuilder; SearchStrategy: all) did not find any beans (OnBeanCondition)

   JpaBaseConfiguration#jpaVendorAdapter matched:
      - @ConditionalOnMissingBean (types: org.springframework.orm.jpa.JpaVendorAdapter; SearchStrategy: all) did not find any beans (OnBeanCondition)

   JpaBaseConfiguration#transactionManager matched:
      - @ConditionalOnMissingBean (types: org.springframework.transaction.TransactionManager; SearchStrategy: all) did not find any beans (OnBeanCondition)

   JpaBaseConfiguration.JpaWebConfiguration matched:
      - @ConditionalOnClass found required class 'org.springframework.web.servlet.config.annotation.WebMvcConfigurer' (OnClassCondition)
      - found 'session' scope (OnWebApplicationCondition)
      - @ConditionalOnProperty (spring.jpa.open-in-view=true) matched (OnPropertyCondition)
      - @ConditionalOnMissingBean (types: org.springframework.orm.jpa.support.OpenEntityManagerInViewInterceptor,org.springframework.orm.jpa.support.OpenEntityManagerInViewFilter; SearchStrategy: all) did not find any beans (OnBeanCondition)

   JpaBaseConfiguration.PersistenceManagedTypesConfiguration matched:
      - @ConditionalOnMissingBean (types: org.springframework.orm.jpa.LocalContainerEntityManagerFactoryBean,jakarta.persistence.EntityManagerFactory; SearchStrategy: all) did not find any beans (OnBeanCondition)

   JpaBaseConfiguration.PersistenceManagedTypesConfiguration#persistenceManagedTypes matched:
      - @ConditionalOnMissingBean (types: org.springframework.orm.jpa.persistenceunit.PersistenceManagedTypes; SearchStrategy: all) did not find any beans (OnBeanCondition)

   JpaRepositoriesAutoConfiguration matched:
      - @ConditionalOnClass found required class 'org.springframework.data.jpa.repository.JpaRepository' (OnClassCondition)
      - @ConditionalOnProperty (spring.data.jpa.repositories.enabled=true) matched (OnPropertyCondition)
      - @ConditionalOnBean (types: javax.sql.DataSource; SearchStrategy: all) found bean 'dataSource'; @ConditionalOnMissingBean (types: org.springframework.data.jpa.repository.support.JpaRepositoryFactoryBean,org.springframework.data.jpa.repository.config.JpaRepositoryConfigExtension; SearchStrategy: all) did not find any beans (OnBeanCondition)

   JtaAutoConfiguration matched:
      - @ConditionalOnClass found required class 'jakarta.transaction.Transaction' (OnClassCondition)
      - @ConditionalOnProperty (spring.jta.enabled) matched (OnPropertyCondition)

   LifecycleAutoConfiguration#defaultLifecycleProcessor matched:
      - @ConditionalOnMissingBean (names: lifecycleProcessor; SearchStrategy: current) did not find any beans (OnBeanCondition)

   MultipartAutoConfiguration matched:
      - @ConditionalOnClass found required classes 'jakarta.servlet.Servlet', 'org.springframework.web.multipart.support.StandardServletMultipartResolver', 'jakarta.servlet.MultipartConfigElement' (OnClassCondition)
      - found 'session' scope (OnWebApplicationCondition)
      - @ConditionalOnProperty (spring.servlet.multipart.enabled) matched (OnPropertyCondition)

   MultipartAutoConfiguration#multipartConfigElement matched:
      - @ConditionalOnMissingBean (types: jakarta.servlet.MultipartConfigElement; SearchStrategy: all) did not find any beans (OnBeanCondition)

   MultipartAutoConfiguration#multipartResolver matched:
      - @ConditionalOnMissingBean (types: org.springframework.web.multipart.MultipartResolver; SearchStrategy: all) did not find any beans (OnBeanCondition)

   NamedParameterJdbcTemplateConfiguration matched:
      - @ConditionalOnSingleCandidate (types: org.springframework.jdbc.core.JdbcTemplate; SearchStrategy: all) found a single bean 'jdbcTemplate'; @ConditionalOnMissingBean (types: org.springframework.jdbc.core.namedparam.NamedParameterJdbcOperations; SearchStrategy: all) did not find any beans (OnBeanCondition)

   NoOpCacheConfiguration matched:
      - Cache org.springframework.boot.autoconfigure.cache.NoOpCacheConfiguration automatic cache type (CacheCondition)

   PersistenceExceptionTranslationAutoConfiguration matched:
      - @ConditionalOnClass found required class 'org.springframework.dao.annotation.PersistenceExceptionTranslationPostProcessor' (OnClassCondition)

   PersistenceExceptionTranslationAutoConfiguration#persistenceExceptionTranslationPostProcessor matched:
      - @ConditionalOnProperty (spring.dao.exceptiontranslation.enabled) matched (OnPropertyCondition)
      - @ConditionalOnMissingBean (types: org.springframework.dao.annotation.PersistenceExceptionTranslationPostProcessor; SearchStrategy: all) did not find any beans (OnBeanCondition)

   PropertyPlaceholderAutoConfiguration#propertySourcesPlaceholderConfigurer matched:
      - @ConditionalOnMissingBean (types: org.springframework.context.support.PropertySourcesPlaceholderConfigurer; SearchStrategy: current) did not find any beans (OnBeanCondition)

   RestClientAutoConfiguration matched:
      - @ConditionalOnClass found required class 'org.springframework.web.client.RestClient' (OnClassCondition)
      - NoneNestedConditions 0 matched 1 did not; NestedCondition on NotReactiveWebApplicationCondition.ReactiveWebApplication did not find reactive web application classes (NotReactiveWebApplicationCondition)

   RestClientAutoConfiguration#httpMessageConvertersRestClientCustomizer matched:
      - @ConditionalOnMissingBean (types: org.springframework.boot.autoconfigure.web.client.HttpMessageConvertersRestClientCustomizer; SearchStrategy: all) did not find any beans (OnBeanCondition)

   RestClientAutoConfiguration#restClientBuilder matched:
      - @ConditionalOnMissingBean (types: org.springframework.web.client.RestClient$Builder; SearchStrategy: all) did not find any beans (OnBeanCondition)

   RestClientAutoConfiguration#restClientBuilderConfigurer matched:
      - @ConditionalOnMissingBean (types: org.springframework.boot.autoconfigure.web.client.RestClientBuilderConfigurer; SearchStrategy: all) did not find any beans (OnBeanCondition)

   RestClientAutoConfiguration#restClientSsl matched:
      - @ConditionalOnBean (types: org.springframework.boot.ssl.SslBundles; SearchStrategy: all) found bean 'sslBundleRegistry'; @ConditionalOnMissingBean (types: org.springframework.boot.autoconfigure.web.client.RestClientSsl; SearchStrategy: all) did not find any beans (OnBeanCondition)

   RestTemplateAutoConfiguration matched:
      - @ConditionalOnClass found required class 'org.springframework.web.client.RestTemplate' (OnClassCondition)
      - NoneNestedConditions 0 matched 1 did not; NestedCondition on NotReactiveWebApplicationCondition.ReactiveWebApplication did not find reactive web application classes (NotReactiveWebApplicationCondition)

   RestTemplateAutoConfiguration#restTemplateBuilder matched:
      - @ConditionalOnMissingBean (types: org.springframework.boot.web.client.RestTemplateBuilder; SearchStrategy: all) did not find any beans (OnBeanCondition)

   ServletWebServerFactoryAutoConfiguration matched:
      - @ConditionalOnClass found required class 'jakarta.servlet.ServletRequest' (OnClassCondition)
      - found 'session' scope (OnWebApplicationCondition)

   ServletWebServerFactoryAutoConfiguration#tomcatServletWebServerFactoryCustomizer matched:
      - @ConditionalOnClass found required class 'org.apache.catalina.startup.Tomcat' (OnClassCondition)

   ServletWebServerFactoryConfiguration.EmbeddedTomcat matched:
      - @ConditionalOnClass found required classes 'jakarta.servlet.Servlet', 'org.apache.catalina.startup.Tomcat', 'org.apache.coyote.UpgradeProtocol' (OnClassCondition)
      - @ConditionalOnMissingBean (types: org.springframework.boot.web.servlet.server.ServletWebServerFactory; SearchStrategy: current) did not find any beans (OnBeanCondition)

   SimpleCacheConfiguration matched:
      - Cache org.springframework.boot.autoconfigure.cache.SimpleCacheConfiguration automatic cache type (CacheCondition)

   SpringDataWebAutoConfiguration matched:
      - @ConditionalOnClass found required classes 'org.springframework.data.web.PageableHandlerMethodArgumentResolver', 'org.springframework.web.servlet.config.annotation.WebMvcConfigurer' (OnClassCondition)
      - found 'session' scope (OnWebApplicationCondition)
      - @ConditionalOnMissingBean (types: org.springframework.data.web.PageableHandlerMethodArgumentResolver; SearchStrategy: all) did not find any beans (OnBeanCondition)

   SpringDataWebAutoConfiguration#pageableCustomizer matched:
      - @ConditionalOnMissingBean (types: org.springframework.data.web.config.PageableHandlerMethodArgumentResolverCustomizer; SearchStrategy: all) did not find any beans (OnBeanCondition)

   SpringDataWebAutoConfiguration#sortCustomizer matched:
      - @ConditionalOnMissingBean (types: org.springframework.data.web.config.SortHandlerMethodArgumentResolverCustomizer; SearchStrategy: all) did not find any beans (OnBeanCondition)

   SpringDataWebAutoConfiguration#springDataWebSettings matched:
      - @ConditionalOnMissingBean (types: org.springframework.data.web.config.SpringDataWebSettings; SearchStrategy: all) did not find any beans (OnBeanCondition)

   SpringDocConfigProperties matched:
      - @ConditionalOnProperty (springdoc.api-docs.enabled) matched (OnPropertyCondition)
      - @ConditionalOnBean (types: org.springdoc.core.configuration.SpringDocConfiguration; SearchStrategy: all) found bean 'org.springdoc.core.configuration.SpringDocConfiguration' (OnBeanCondition)

   SpringDocConfiguration matched:
      - @ConditionalOnWebApplication (required) found 'session' scope (OnWebApplicationCondition)
      - @ConditionalOnProperty (springdoc.api-docs.enabled) matched (OnPropertyCondition)

   SpringDocConfiguration#fileSupportConverter matched:
      - @ConditionalOnMissingBean (types: org.springdoc.core.converters.FileSupportConverter; SearchStrategy: all) did not find any beans (OnBeanCondition)

   SpringDocConfiguration#globalOpenApiCustomizer matched:
      - @ConditionalOnMissingBean (types: org.springdoc.core.customizers.GlobalOpenApiCustomizer; SearchStrategy: all) did not find any beans (OnBeanCondition)

   SpringDocConfiguration#openAPIBuilder matched:
      - @ConditionalOnMissingBean (types: org.springdoc.core.service.OpenAPIService; SearchStrategy: all) did not find any beans (OnBeanCondition)

   SpringDocConfiguration#operationBuilder matched:
      - @ConditionalOnMissingBean (types: org.springdoc.core.service.OperationService; SearchStrategy: all) did not find any beans (OnBeanCondition)

   SpringDocConfiguration#parameterBuilder matched:
      - @ConditionalOnMissingBean (types: org.springdoc.core.service.GenericParameterService; SearchStrategy: all) did not find any beans (OnBeanCondition)

   SpringDocConfiguration#parameterObjectNamingStrategyCustomizer matched:
      - @ConditionalOnMissingBean (types: org.springdoc.core.customizers.ParameterObjectNamingStrategyCustomizer; SearchStrategy: all) did not find any beans (OnBeanCondition)

   SpringDocConfiguration#polymorphicModelConverter matched:
      - @ConditionalOnProperty (springdoc.model-converters.polymorphic-converter.enabled) matched (OnPropertyCondition)
      - @ConditionalOnMissingBean (types: org.springdoc.core.converters.PolymorphicModelConverter; SearchStrategy: all) did not find any beans (OnBeanCondition)

   SpringDocConfiguration#requestBodyBuilder matched:
      - @ConditionalOnMissingBean (types: org.springdoc.core.service.RequestBodyService; SearchStrategy: all) did not find any beans (OnBeanCondition)

   SpringDocConfiguration#responseSupportConverter matched:
      - @ConditionalOnMissingBean (types: org.springdoc.core.converters.ResponseSupportConverter; SearchStrategy: all) did not find any beans (OnBeanCondition)

   SpringDocConfiguration#schemaPropertyDeprecatingConverter matched:
      - @ConditionalOnProperty (springdoc.model-converters.deprecating-converter.enabled) matched (OnPropertyCondition)
      - @ConditionalOnMissingBean (types: org.springdoc.core.converters.SchemaPropertyDeprecatingConverter; SearchStrategy: all) did not find any beans (OnBeanCondition)

   SpringDocConfiguration#securityParser matched:
      - @ConditionalOnMissingBean (types: org.springdoc.core.service.SecurityService; SearchStrategy: all) did not find any beans (OnBeanCondition)

   SpringDocConfiguration#springDocCustomizers matched:
      - @ConditionalOnMissingBean (types: org.springdoc.core.customizers.SpringDocCustomizers; SearchStrategy: all) did not find any beans (OnBeanCondition)

   SpringDocConfiguration#springDocProviders matched:
      - @ConditionalOnMissingBean (types: org.springdoc.core.providers.SpringDocProviders; SearchStrategy: all) did not find any beans (OnBeanCondition)

   SpringDocConfiguration#springdocObjectMapperProvider matched:
      - @ConditionalOnMissingBean (types: org.springdoc.core.providers.ObjectMapperProvider; SearchStrategy: all) did not find any beans (OnBeanCondition)

   SpringDocConfiguration.QuerydslProvider matched:
      - @ConditionalOnClass found required class 'org.springframework.data.querydsl.binding.QuerydslBindingsFactory' (OnClassCondition)

   SpringDocConfiguration.QuerydslProvider#queryDslQuerydslPredicateOperationCustomizer matched:
      - @ConditionalOnMissingBean (types: org.springdoc.core.customizers.QuerydslPredicateOperationCustomizer; SearchStrategy: all) did not find any beans (OnBeanCondition)

   SpringDocConfiguration.SpringDocSpringDataWebPropertiesProvider matched:
      - @ConditionalOnClass found required class 'org.springframework.boot.autoconfigure.data.web.SpringDataWebProperties' (OnClassCondition)

   SpringDocConfiguration.SpringDocSpringDataWebPropertiesProvider#springDataWebPropertiesProvider matched:
      - @ConditionalOnMissingBean (types: org.springdoc.core.providers.SpringDataWebPropertiesProvider; SearchStrategy: all) did not find any beans (OnBeanCondition)

   SpringDocConfiguration.WebConversionServiceConfiguration matched:
      - @ConditionalOnClass found required class 'org.springframework.boot.autoconfigure.web.format.WebConversionService' (OnClassCondition)

   SpringDocPageableConfiguration matched:
      - @ConditionalOnClass found required class 'org.springframework.data.domain.Pageable' (OnClassCondition)
      - @ConditionalOnWebApplication (required) found 'session' scope (OnWebApplicationCondition)
      - @ConditionalOnProperty (springdoc.api-docs.enabled) matched (OnPropertyCondition)
      - @ConditionalOnBean (types: org.springdoc.core.configuration.SpringDocConfiguration; SearchStrategy: all) found bean 'org.springdoc.core.configuration.SpringDocConfiguration' (OnBeanCondition)

   SpringDocPageableConfiguration#dataRestDelegatingMethodParameterCustomizer matched:
      - @ConditionalOnMissingBean (types: org.springdoc.core.customizers.DataRestDelegatingMethodParameterCustomizer; SearchStrategy: all) did not find any beans (OnBeanCondition)

   SpringDocPageableConfiguration#pageOpenAPIConverter matched:
      - @ConditionalOnClass found required classes 'org.springframework.data.web.PagedModel', 'org.springframework.data.web.config.SpringDataWebSettings' (OnClassCondition)
      - @ConditionalOnMissingBean (types: org.springdoc.core.converters.PageOpenAPIConverter; SearchStrategy: all) did not find any beans (OnBeanCondition)

   SpringDocPageableConfiguration#pageableOpenAPIConverter matched:
      - @ConditionalOnProperty (springdoc.model-converters.pageable-converter.enabled) matched (OnPropertyCondition)
      - @ConditionalOnMissingBean (types: org.springdoc.core.converters.PageableOpenAPIConverter; SearchStrategy: all) did not find any beans (OnBeanCondition)

   SpringDocSortConfiguration matched:
      - @ConditionalOnClass found required class 'org.springframework.data.domain.Sort' (OnClassCondition)
      - @ConditionalOnWebApplication (required) found 'session' scope (OnWebApplicationCondition)
      - @ConditionalOnProperty (springdoc.api-docs.enabled) matched (OnPropertyCondition)
      - @ConditionalOnBean (types: org.springdoc.core.configuration.SpringDocConfiguration; SearchStrategy: all) found bean 'org.springdoc.core.configuration.SpringDocConfiguration' (OnBeanCondition)

   SpringDocSortConfiguration#sortOpenAPIConverter matched:
      - @ConditionalOnProperty (springdoc.sort-converter.enabled) matched (OnPropertyCondition)
      - @ConditionalOnMissingBean (types: org.springdoc.core.converters.SortOpenAPIConverter; SearchStrategy: all) did not find any beans (OnBeanCondition)

   SpringDocUIConfiguration matched:
      - @ConditionalOnWebApplication (required) found 'session' scope (OnWebApplicationCondition)
      - @ConditionalOnBean (types: org.springdoc.core.configuration.SpringDocConfiguration; SearchStrategy: all) found bean 'org.springdoc.core.configuration.SpringDocConfiguration' (OnBeanCondition)

   SpringDocWebMvcConfiguration matched:
      - found 'session' scope (OnWebApplicationCondition)
      - @ConditionalOnProperty (springdoc.api-docs.enabled) matched (OnPropertyCondition)
      - @ConditionalOnBean (types: org.springdoc.core.configuration.SpringDocConfiguration; SearchStrategy: all) found bean 'org.springdoc.core.configuration.SpringDocConfiguration' (OnBeanCondition)

   SpringDocWebMvcConfiguration#openApiResource matched:
      - @ConditionalOnExpression (#{(${springdoc.use-management-port:false} == false ) and ${springdoc.enable-default-api-docs:true}}) resulted in true (OnExpressionCondition)
      - @ConditionalOnMissingBean (types: org.springdoc.webmvc.api.OpenApiWebMvcResource; SearchStrategy: all) did not find any beans (OnBeanCondition)

   SpringDocWebMvcConfiguration#requestBuilder matched:
      - @ConditionalOnMissingBean (types: org.springdoc.webmvc.core.service.RequestService; SearchStrategy: all) did not find any beans (OnBeanCondition)

   SpringDocWebMvcConfiguration#responseBuilder matched:
      - @ConditionalOnMissingBean (types: org.springdoc.core.service.GenericResponseService; SearchStrategy: all) did not find any beans (OnBeanCondition)

   SpringDocWebMvcConfiguration#springWebProvider matched:
      - @ConditionalOnMissingBean (types: org.springdoc.core.providers.SpringWebProvider; SearchStrategy: all) did not find any beans (OnBeanCondition)

   SpringDocWebMvcConfiguration.SpringDocWebMvcRouterConfiguration matched:
      - @ConditionalOnClass found required class 'org.springframework.web.servlet.function.RouterFunction' (OnClassCondition)

   SpringDocWebMvcConfiguration.SpringDocWebMvcRouterConfiguration#routerFunctionProvider matched:
      - @ConditionalOnMissingBean (types: org.springdoc.webmvc.core.providers.RouterFunctionWebMvcProvider; SearchStrategy: all) did not find any beans (OnBeanCondition)

   SqlInitializationAutoConfiguration matched:
      - @ConditionalOnProperty (spring.sql.init.enabled) matched (OnPropertyCondition)
      - NoneNestedConditions 0 matched 1 did not; NestedCondition on SqlInitializationAutoConfiguration.SqlInitializationModeCondition.ModeIsNever @ConditionalOnProperty (spring.sql.init.mode=never) found different value in property 'mode' (SqlInitializationAutoConfiguration.SqlInitializationModeCondition)

   SslAutoConfiguration#sslBundleRegistry matched:
      - @ConditionalOnMissingBean (types: org.springframework.boot.ssl.SslBundleRegistry,org.springframework.boot.ssl.SslBundles; SearchStrategy: all) did not find any beans (OnBeanCondition)

   SwaggerConfig matched:
      - found 'session' scope (OnWebApplicationCondition)
      - @ConditionalOnProperty (springdoc.swagger-ui.enabled) matched (OnPropertyCondition)
      - @ConditionalOnBean (types: org.springdoc.core.configuration.SpringDocConfiguration; SearchStrategy: all) found bean 'org.springdoc.core.configuration.SpringDocConfiguration' (OnBeanCondition)

   SwaggerConfig#indexPageTransformer matched:
      - @ConditionalOnMissingBean (types: org.springdoc.webmvc.ui.SwaggerIndexTransformer; SearchStrategy: all) did not find any beans (OnBeanCondition)

   SwaggerConfig#swaggerConfigResource matched:
      - @ConditionalOnProperty (springdoc.use-management-port=false) matched (OnPropertyCondition)
      - @ConditionalOnMissingBean (types: org.springdoc.webmvc.ui.SwaggerConfigResource; SearchStrategy: all) did not find any beans (OnBeanCondition)

   SwaggerConfig#swaggerResourceResolver matched:
      - @ConditionalOnMissingBean (types: org.springdoc.webmvc.ui.SwaggerResourceResolver; SearchStrategy: all) did not find any beans (OnBeanCondition)

   SwaggerConfig#swaggerWebMvcConfigurer matched:
      - @ConditionalOnMissingBean (types: org.springdoc.webmvc.ui.SwaggerWebMvcConfigurer; SearchStrategy: all) did not find any beans (OnBeanCondition)

   SwaggerConfig#swaggerWelcome matched:
      - @ConditionalOnProperty (springdoc.use-management-port=false) matched (OnPropertyCondition)
      - @ConditionalOnMissingBean (types: org.springdoc.webmvc.ui.SwaggerWelcomeWebMvc; SearchStrategy: all) did not find any beans (OnBeanCondition)

   SwaggerUiConfigProperties matched:
      - @ConditionalOnProperty (springdoc.swagger-ui.enabled) matched (OnPropertyCondition)
      - @ConditionalOnBean (types: org.springdoc.core.configuration.SpringDocConfiguration; SearchStrategy: all) found bean 'org.springdoc.core.configuration.SpringDocConfiguration' (OnBeanCondition)

   SwaggerUiOAuthProperties matched:
      - @ConditionalOnProperty (springdoc.swagger-ui.enabled) matched (OnPropertyCondition)
      - @ConditionalOnBean (types: org.springdoc.core.configuration.SpringDocConfiguration; SearchStrategy: all) found bean 'org.springdoc.core.configuration.SpringDocConfiguration' (OnBeanCondition)

   TaskExecutionAutoConfiguration matched:
      - @ConditionalOnClass found required class 'org.springframework.scheduling.concurrent.ThreadPoolTaskExecutor' (OnClassCondition)

   TaskExecutorConfigurations.SimpleAsyncTaskExecutorBuilderConfiguration#simpleAsyncTaskExecutorBuilder matched:
      - @ConditionalOnMissingBean (types: org.springframework.boot.task.SimpleAsyncTaskExecutorBuilder; SearchStrategy: all) did not find any beans (OnBeanCondition)
      - @ConditionalOnThreading found PLATFORM (OnThreadingCondition)

   TaskExecutorConfigurations.TaskExecutorConfiguration matched:
      - @ConditionalOnMissingBean (types: java.util.concurrent.Executor; SearchStrategy: all) did not find any beans (OnBeanCondition)

   TaskExecutorConfigurations.TaskExecutorConfiguration#applicationTaskExecutor matched:
      - @ConditionalOnThreading found PLATFORM (OnThreadingCondition)

   TaskExecutorConfigurations.ThreadPoolTaskExecutorBuilderConfiguration#threadPoolTaskExecutorBuilder matched:
      - @ConditionalOnMissingBean (types: org.springframework.boot.task.ThreadPoolTaskExecutorBuilder; SearchStrategy: all) did not find any beans (OnBeanCondition)

   TaskSchedulingAutoConfiguration matched:
      - @ConditionalOnClass found required class 'org.springframework.scheduling.concurrent.ThreadPoolTaskScheduler' (OnClassCondition)

   TaskSchedulingConfigurations.SimpleAsyncTaskSchedulerBuilderConfiguration#simpleAsyncTaskSchedulerBuilder matched:
      - @ConditionalOnMissingBean (types: org.springframework.boot.task.SimpleAsyncTaskSchedulerBuilder; SearchStrategy: all) did not find any beans (OnBeanCondition)
      - @ConditionalOnThreading found PLATFORM (OnThreadingCondition)

   TaskSchedulingConfigurations.ThreadPoolTaskSchedulerBuilderConfiguration#threadPoolTaskSchedulerBuilder matched:
      - @ConditionalOnMissingBean (types: org.springframework.boot.task.ThreadPoolTaskSchedulerBuilder; SearchStrategy: all) did not find any beans (OnBeanCondition)

   TransactionAutoConfiguration matched:
      - @ConditionalOnClass found required class 'org.springframework.transaction.PlatformTransactionManager' (OnClassCondition)

   TransactionAutoConfiguration.EnableTransactionManagementConfiguration matched:
      - @ConditionalOnBean (types: org.springframework.transaction.TransactionManager; SearchStrategy: all) found bean 'transactionManager'; @ConditionalOnMissingBean (types: org.springframework.transaction.annotation.AbstractTransactionManagementConfiguration; SearchStrategy: all) did not find any beans (OnBeanCondition)

   TransactionAutoConfiguration.EnableTransactionManagementConfiguration.CglibAutoProxyConfiguration matched:
      - @ConditionalOnProperty (spring.aop.proxy-target-class=true) matched (OnPropertyCondition)

   TransactionAutoConfiguration.TransactionTemplateConfiguration matched:
      - @ConditionalOnSingleCandidate (types: org.springframework.transaction.PlatformTransactionManager; SearchStrategy: all) found a single bean 'transactionManager' (OnBeanCondition)

   TransactionAutoConfiguration.TransactionTemplateConfiguration#transactionTemplate matched:
      - @ConditionalOnMissingBean (types: org.springframework.transaction.support.TransactionOperations; SearchStrategy: all) did not find any beans (OnBeanCondition)

   TransactionManagerCustomizationAutoConfiguration matched:
      - @ConditionalOnClass found required class 'org.springframework.transaction.PlatformTransactionManager' (OnClassCondition)

   TransactionManagerCustomizationAutoConfiguration#platformTransactionManagerCustomizers matched:
      - @ConditionalOnMissingBean (types: org.springframework.boot.autoconfigure.transaction.TransactionManagerCustomizers; SearchStrategy: all) did not find any beans (OnBeanCondition)

   ValidationAutoConfiguration matched:
      - @ConditionalOnClass found required class 'jakarta.validation.executable.ExecutableValidator' (OnClassCondition)
      - @ConditionalOnResource found location classpath:META-INF/services/jakarta.validation.spi.ValidationProvider (OnResourceCondition)

   ValidationAutoConfiguration#defaultValidator matched:
      - @ConditionalOnMissingBean (types: jakarta.validation.Validator; SearchStrategy: all) did not find any beans (OnBeanCondition)

   ValidationAutoConfiguration#methodValidationPostProcessor matched:
      - @ConditionalOnMissingBean (types: org.springframework.validation.beanvalidation.MethodValidationPostProcessor; SearchStrategy: current) did not find any beans (OnBeanCondition)

   WebMvcAutoConfiguration matched:
      - @ConditionalOnClass found required classes 'jakarta.servlet.Servlet', 'org.springframework.web.servlet.DispatcherServlet', 'org.springframework.web.servlet.config.annotation.WebMvcConfigurer' (OnClassCondition)
      - found 'session' scope (OnWebApplicationCondition)
      - @ConditionalOnMissingBean (types: org.springframework.web.servlet.config.annotation.WebMvcConfigurationSupport; SearchStrategy: all) did not find any beans (OnBeanCondition)

   WebMvcAutoConfiguration#formContentFilter matched:
      - @ConditionalOnProperty (spring.mvc.formcontent.filter.enabled) matched (OnPropertyCondition)
      - @ConditionalOnMissingBean (types: org.springframework.web.filter.FormContentFilter; SearchStrategy: all) did not find any beans (OnBeanCondition)

   WebMvcAutoConfiguration.EnableWebMvcConfiguration#flashMapManager matched:
      - @ConditionalOnMissingBean (names: flashMapManager; SearchStrategy: all) did not find any beans (OnBeanCondition)

   WebMvcAutoConfiguration.EnableWebMvcConfiguration#localeResolver matched:
      - @ConditionalOnMissingBean (names: localeResolver; SearchStrategy: all) did not find any beans (OnBeanCondition)

   WebMvcAutoConfiguration.EnableWebMvcConfiguration#themeResolver matched:
      - @ConditionalOnMissingBean (names: themeResolver; SearchStrategy: all) did not find any beans (OnBeanCondition)

   WebMvcAutoConfiguration.EnableWebMvcConfiguration#viewNameTranslator matched:
      - @ConditionalOnMissingBean (names: viewNameTranslator; SearchStrategy: all) did not find any beans (OnBeanCondition)

   WebMvcAutoConfiguration.ResourceChainCustomizerConfiguration matched:
      - @ConditionalOnEnabledResourceChain found class org.webjars.WebJarVersionLocator (OnEnabledResourceChainCondition)

   WebMvcAutoConfiguration.WebMvcAutoConfigurationAdapter#defaultViewResolver matched:
      - @ConditionalOnMissingBean (types: org.springframework.web.servlet.view.InternalResourceViewResolver; SearchStrategy: all) did not find any beans (OnBeanCondition)

   WebMvcAutoConfiguration.WebMvcAutoConfigurationAdapter#requestContextFilter matched:
      - @ConditionalOnMissingBean (types: org.springframework.web.context.request.RequestContextListener,org.springframework.web.filter.RequestContextFilter; SearchStrategy: all) did not find any beans (OnBeanCondition)

   WebMvcAutoConfiguration.WebMvcAutoConfigurationAdapter#viewResolver matched:
      - @ConditionalOnBean (types: org.springframework.web.servlet.ViewResolver; SearchStrategy: all) found beans 'defaultViewResolver', 'beanNameViewResolver', 'mvcViewResolver'; @ConditionalOnMissingBean (names: viewResolver types: org.springframework.web.servlet.view.ContentNegotiatingViewResolver; SearchStrategy: all) did not find any beans (OnBeanCondition)

   WebSocketServletAutoConfiguration matched:
      - @ConditionalOnClass found required classes 'jakarta.servlet.Servlet', 'jakarta.websocket.server.ServerContainer' (OnClassCondition)
      - found 'session' scope (OnWebApplicationCondition)

   WebSocketServletAutoConfiguration.TomcatWebSocketConfiguration matched:
      - @ConditionalOnClass found required classes 'org.apache.catalina.startup.Tomcat', 'org.apache.tomcat.websocket.server.WsSci' (OnClassCondition)

   WebSocketServletAutoConfiguration.TomcatWebSocketConfiguration#websocketServletWebServerCustomizer matched:
      - @ConditionalOnMissingBean (names: websocketServletWebServerCustomizer; SearchStrategy: all) did not find any beans (OnBeanCondition)


Negative matches:
-----------------

   ActiveMQAutoConfiguration:
      Did not match:
         - @ConditionalOnClass did not find required class 'jakarta.jms.ConnectionFactory' (OnClassCondition)

   AopAutoConfiguration.AspectJAutoProxyingConfiguration.JdkDynamicAutoProxyConfiguration:
      Did not match:
         - @ConditionalOnProperty (spring.aop.proxy-target-class=false) did not find property 'proxy-target-class' (OnPropertyCondition)

   AopAutoConfiguration.ClassProxyingConfiguration:
      Did not match:
         - @ConditionalOnMissingClass found unwanted class 'org.aspectj.weaver.Advice' (OnClassCondition)

   ArtemisAutoConfiguration:
      Did not match:
         - @ConditionalOnClass did not find required class 'jakarta.jms.ConnectionFactory' (OnClassCondition)

   BatchAutoConfiguration:
      Did not match:
         - @ConditionalOnClass did not find required class 'org.springframework.batch.core.launch.JobLauncher' (OnClassCondition)

   Cache2kCacheConfiguration:
      Did not match:
         - @ConditionalOnClass did not find required class 'org.cache2k.Cache2kBuilder' (OnClassCondition)

   CacheAutoConfiguration:
      Did not match:
         - @ConditionalOnBean (types: org.springframework.cache.interceptor.CacheAspectSupport; SearchStrategy: all) did not find any beans of type org.springframework.cache.interceptor.CacheAspectSupport (OnBeanCondition)
      Matched:
         - @ConditionalOnClass found required class 'org.springframework.cache.CacheManager' (OnClassCondition)

   CacheAutoConfiguration.CacheManagerEntityManagerFactoryDependsOnPostProcessor:
      Did not match:
         - Ancestor org.springframework.boot.autoconfigure.cache.CacheAutoConfiguration did not match (ConditionEvaluationReport.AncestorsMatchedCondition)
      Matched:
         - @ConditionalOnClass found required class 'org.springframework.orm.jpa.LocalContainerEntityManagerFactoryBean' (OnClassCondition)

   CaffeineCacheConfiguration:
      Did not match:
         - @ConditionalOnClass did not find required class 'com.github.benmanes.caffeine.cache.Caffeine' (OnClassCondition)

   CassandraAutoConfiguration:
      Did not match:
         - @ConditionalOnClass did not find required class 'com.datastax.oss.driver.api.core.CqlSession' (OnClassCondition)

   CassandraDataAutoConfiguration:
      Did not match:
         - @ConditionalOnClass did not find required class 'com.datastax.oss.driver.api.core.CqlSession' (OnClassCondition)

   CassandraReactiveDataAutoConfiguration:
      Did not match:
         - @ConditionalOnClass did not find required class 'com.datastax.oss.driver.api.core.CqlSession' (OnClassCondition)

   CassandraReactiveRepositoriesAutoConfiguration:
      Did not match:
         - @ConditionalOnClass did not find required class 'org.springframework.data.cassandra.ReactiveSession' (OnClassCondition)

   CassandraRepositoriesAutoConfiguration:
      Did not match:
         - @ConditionalOnClass did not find required class 'com.datastax.oss.driver.api.core.CqlSession' (OnClassCondition)

   ClientHttpConnectorAutoConfiguration:
      Did not match:
         - @ConditionalOnClass did not find required class 'org.springframework.web.reactive.function.client.WebClient' (OnClassCondition)

   CodecsAutoConfiguration:
      Did not match:
         - @ConditionalOnClass did not find required class 'org.springframework.web.reactive.function.client.WebClient' (OnClassCondition)

   CouchbaseAutoConfiguration:
      Did not match:
         - @ConditionalOnClass did not find required class 'com.couchbase.client.java.Cluster' (OnClassCondition)

   CouchbaseCacheConfiguration:
      Did not match:
         - @ConditionalOnClass did not find required class 'com.couchbase.client.java.Cluster' (OnClassCondition)

   CouchbaseDataAutoConfiguration:
      Did not match:
         - @ConditionalOnClass did not find required class 'com.couchbase.client.java.Bucket' (OnClassCondition)

   CouchbaseReactiveDataAutoConfiguration:
      Did not match:
         - @ConditionalOnClass did not find required class 'com.couchbase.client.java.Cluster' (OnClassCondition)

   CouchbaseReactiveRepositoriesAutoConfiguration:
      Did not match:
         - @ConditionalOnClass did not find required class 'com.couchbase.client.java.Cluster' (OnClassCondition)

   CouchbaseRepositoriesAutoConfiguration:
      Did not match:
         - @ConditionalOnClass did not find required class 'com.couchbase.client.java.Bucket' (OnClassCondition)

   DataSourceAutoConfiguration.EmbeddedDatabaseConfiguration:
      Did not match:
         - EmbeddedDataSource spring.datasource.url is set (DataSourceAutoConfiguration.EmbeddedDatabaseCondition)

   DataSourceCheckpointRestoreConfiguration:
      Did not match:
         - @ConditionalOnClass did not find required class 'org.crac.Resource' (OnClassCondition)

   DataSourceConfiguration.Dbcp2:
      Did not match:
         - @ConditionalOnClass did not find required class 'org.apache.commons.dbcp2.BasicDataSource' (OnClassCondition)

   DataSourceConfiguration.Generic:
      Did not match:
         - @ConditionalOnProperty (spring.datasource.type) did not find property 'spring.datasource.type' (OnPropertyCondition)

   DataSourceConfiguration.OracleUcp:
      Did not match:
         - @ConditionalOnClass did not find required classes 'oracle.ucp.jdbc.PoolDataSourceImpl', 'oracle.jdbc.OracleConnection' (OnClassCondition)

   DataSourceConfiguration.Tomcat:
      Did not match:
         - @ConditionalOnClass did not find required class 'org.apache.tomcat.jdbc.pool.DataSource' (OnClassCondition)

   DataSourceJmxConfiguration.TomcatDataSourceJmxConfiguration:
      Did not match:
         - @ConditionalOnClass did not find required class 'org.apache.tomcat.jdbc.pool.DataSourceProxy' (OnClassCondition)

   DataSourcePoolMetadataProvidersConfiguration.CommonsDbcp2PoolDataSourceMetadataProviderConfiguration:
      Did not match:
         - @ConditionalOnClass did not find required class 'org.apache.commons.dbcp2.BasicDataSource' (OnClassCondition)

   DataSourcePoolMetadataProvidersConfiguration.OracleUcpPoolDataSourceMetadataProviderConfiguration:
      Did not match:
         - @ConditionalOnClass did not find required classes 'oracle.ucp.jdbc.PoolDataSource', 'oracle.jdbc.OracleConnection' (OnClassCondition)

   DataSourcePoolMetadataProvidersConfiguration.TomcatDataSourcePoolMetadataProviderConfiguration:
      Did not match:
         - @ConditionalOnClass did not find required class 'org.apache.tomcat.jdbc.pool.DataSource' (OnClassCondition)

   DataSourceTransactionManagerAutoConfiguration.JdbcTransactionManagerConfiguration#transactionManager:
      Did not match:
         - @ConditionalOnMissingBean (types: org.springframework.transaction.TransactionManager; SearchStrategy: all) found beans of type 'org.springframework.transaction.TransactionManager' transactionManager (OnBeanCondition)

   DispatcherServletAutoConfiguration.DispatcherServletConfiguration#multipartResolver:
      Did not match:
         - @ConditionalOnBean (types: org.springframework.web.multipart.MultipartResolver; SearchStrategy: all) did not find any beans of type org.springframework.web.multipart.MultipartResolver (OnBeanCondition)

   ElasticsearchClientAutoConfiguration:
      Did not match:
         - @ConditionalOnClass did not find required class 'co.elastic.clients.elasticsearch.ElasticsearchClient' (OnClassCondition)

   ElasticsearchDataAutoConfiguration:
      Did not match:
         - @ConditionalOnClass did not find required class 'org.springframework.data.elasticsearch.client.elc.ElasticsearchTemplate' (OnClassCondition)

   ElasticsearchRepositoriesAutoConfiguration:
      Did not match:
         - @ConditionalOnClass did not find required class 'org.springframework.data.elasticsearch.repository.ElasticsearchRepository' (OnClassCondition)

   ElasticsearchRestClientAutoConfiguration:
      Did not match:
         - @ConditionalOnClass did not find required class 'org.elasticsearch.client.RestClientBuilder' (OnClassCondition)

   EmbeddedLdapAutoConfiguration:
      Did not match:
         - @ConditionalOnClass did not find required class 'com.unboundid.ldap.listener.InMemoryDirectoryServer' (OnClassCondition)

   EmbeddedWebServerFactoryCustomizerAutoConfiguration.JettyWebServerFactoryCustomizerConfiguration:
      Did not match:
         - @ConditionalOnClass did not find required classes 'org.eclipse.jetty.server.Server', 'org.eclipse.jetty.util.Loader', 'org.eclipse.jetty.ee10.webapp.WebAppContext' (OnClassCondition)

   EmbeddedWebServerFactoryCustomizerAutoConfiguration.NettyWebServerFactoryCustomizerConfiguration:
      Did not match:
         - @ConditionalOnClass did not find required class 'reactor.netty.http.server.HttpServer' (OnClassCondition)

   EmbeddedWebServerFactoryCustomizerAutoConfiguration.TomcatWebServerFactoryCustomizerConfiguration#tomcatVirtualThreadsProtocolHandlerCustomizer:
      Did not match:
         - @ConditionalOnThreading did not find VIRTUAL (OnThreadingCondition)

   EmbeddedWebServerFactoryCustomizerAutoConfiguration.UndertowWebServerFactoryCustomizerConfiguration:
      Did not match:
         - @ConditionalOnClass did not find required classes 'io.undertow.Undertow', 'org.xnio.SslClientAuthMode' (OnClassCondition)

   ErrorWebFluxAutoConfiguration:
      Did not match:
         - @ConditionalOnClass did not find required class 'org.springframework.web.reactive.config.WebFluxConfigurer' (OnClassCondition)

   FlywayAutoConfiguration:
      Did not match:
         - @ConditionalOnProperty (spring.flyway.enabled) found different value in property 'enabled' (OnPropertyCondition)
      Matched:
         - @ConditionalOnClass found required class 'org.flywaydb.core.Flyway' (OnClassCondition)

   FreeMarkerAutoConfiguration:
      Did not match:
         - @ConditionalOnClass did not find required class 'freemarker.template.Configuration' (OnClassCondition)

   GraphQlAutoConfiguration:
      Did not match:
         - @ConditionalOnClass did not find required class 'graphql.GraphQL' (OnClassCondition)

   GraphQlQueryByExampleAutoConfiguration:
      Did not match:
         - @ConditionalOnClass did not find required class 'graphql.GraphQL' (OnClassCondition)

   GraphQlQuerydslAutoConfiguration:
      Did not match:
         - @ConditionalOnClass did not find required class 'com.querydsl.core.Query' (OnClassCondition)

   GraphQlRSocketAutoConfiguration:
      Did not match:
         - @ConditionalOnClass did not find required class 'graphql.GraphQL' (OnClassCondition)

   GraphQlReactiveQueryByExampleAutoConfiguration:
      Did not match:
         - @ConditionalOnClass did not find required class 'graphql.GraphQL' (OnClassCondition)

   GraphQlReactiveQuerydslAutoConfiguration:
      Did not match:
         - @ConditionalOnClass did not find required class 'com.querydsl.core.Query' (OnClassCondition)

   GraphQlWebFluxAutoConfiguration:
      Did not match:
         - @ConditionalOnClass did not find required class 'graphql.GraphQL' (OnClassCondition)

   GraphQlWebFluxSecurityAutoConfiguration:
      Did not match:
         - @ConditionalOnClass did not find required class 'graphql.GraphQL' (OnClassCondition)

   GraphQlWebMvcAutoConfiguration:
      Did not match:
         - @ConditionalOnClass did not find required class 'graphql.GraphQL' (OnClassCondition)

   GraphQlWebMvcSecurityAutoConfiguration:
      Did not match:
         - @ConditionalOnClass did not find required class 'graphql.GraphQL' (OnClassCondition)

   GroovyTemplateAutoConfiguration:
      Did not match:
         - @ConditionalOnClass did not find required class 'groovy.text.markup.MarkupTemplateEngine' (OnClassCondition)

   GsonAutoConfiguration:
      Did not match:
         - @ConditionalOnClass did not find required class 'com.google.gson.Gson' (OnClassCondition)

   GsonHttpMessageConvertersConfiguration:
      Did not match:
         - @ConditionalOnClass did not find required class 'com.google.gson.Gson' (OnClassCondition)

   H2ConsoleAutoConfiguration:
      Did not match:
         - @ConditionalOnClass did not find required class 'org.h2.server.web.JakartaWebServlet' (OnClassCondition)

   HazelcastAutoConfiguration:
      Did not match:
         - @ConditionalOnClass did not find required class 'com.hazelcast.core.HazelcastInstance' (OnClassCondition)

   HazelcastCacheConfiguration:
      Did not match:
         - @ConditionalOnClass did not find required class 'com.hazelcast.core.HazelcastInstance' (OnClassCondition)

   HazelcastJpaDependencyAutoConfiguration:
      Did not match:
         - @ConditionalOnClass did not find required class 'com.hazelcast.core.HazelcastInstance' (OnClassCondition)

   HttpHandlerAutoConfiguration:
      Did not match:
         - @ConditionalOnClass did not find required class 'org.springframework.web.reactive.DispatcherHandler' (OnClassCondition)

   HypermediaAutoConfiguration:
      Did not match:
         - @ConditionalOnClass did not find required class 'org.springframework.hateoas.EntityModel' (OnClassCondition)

   InfinispanCacheConfiguration:
      Did not match:
         - @ConditionalOnClass did not find required class 'org.infinispan.spring.embedded.provider.SpringEmbeddedCacheManager' (OnClassCondition)

   IntegrationAutoConfiguration:
      Did not match:
         - @ConditionalOnClass did not find required class 'org.springframework.integration.config.EnableIntegration' (OnClassCondition)

   JCacheCacheConfiguration:
      Did not match:
         - @ConditionalOnClass did not find required class 'javax.cache.Caching' (OnClassCondition)

   JacksonHttpMessageConvertersConfiguration.MappingJackson2XmlHttpMessageConverterConfiguration:
      Did not match:
         - @ConditionalOnClass did not find required class 'com.fasterxml.jackson.dataformat.xml.XmlMapper' (OnClassCondition)

   JdbcRepositoriesAutoConfiguration:
      Did not match:
         - @ConditionalOnClass did not find required class 'org.springframework.data.jdbc.repository.config.AbstractJdbcConfiguration' (OnClassCondition)

   JerseyAutoConfiguration:
      Did not match:
         - @ConditionalOnClass did not find required class 'org.glassfish.jersey.server.spring.SpringComponentProvider' (OnClassCondition)

   JmsAutoConfiguration:
      Did not match:
         - @ConditionalOnClass did not find required class 'jakarta.jms.Message' (OnClassCondition)

   JmxAutoConfiguration:
      Did not match:
         - @ConditionalOnProperty (spring.jmx.enabled=true) did not find property 'enabled' (OnPropertyCondition)
      Matched:
         - @ConditionalOnClass found required class 'org.springframework.jmx.export.MBeanExporter' (OnClassCondition)

   JndiConnectionFactoryAutoConfiguration:
      Did not match:
         - @ConditionalOnClass did not find required class 'org.springframework.jms.core.JmsTemplate' (OnClassCondition)

   JndiDataSourceAutoConfiguration:
      Did not match:
         - @ConditionalOnProperty (spring.datasource.jndi-name) did not find property 'jndi-name' (OnPropertyCondition)
      Matched:
         - @ConditionalOnClass found required classes 'javax.sql.DataSource', 'org.springframework.jdbc.datasource.embedded.EmbeddedDatabaseType' (OnClassCondition)

   JndiJtaConfiguration:
      Did not match:
         - @ConditionalOnJndi JNDI environment is not available (OnJndiCondition)
      Matched:
         - @ConditionalOnClass found required class 'org.springframework.transaction.jta.JtaTransactionManager' (OnClassCondition)

   JooqAutoConfiguration:
      Did not match:
         - @ConditionalOnClass did not find required class 'org.jooq.DSLContext' (OnClassCondition)

   JpaRepositoriesAutoConfiguration#entityManagerFactoryBootstrapExecutorCustomizer:
      Did not match:
         - AnyNestedCondition 0 matched 2 did not; NestedCondition on JpaRepositoriesAutoConfiguration.BootstrapExecutorCondition.LazyBootstrapMode @ConditionalOnProperty (spring.data.jpa.repositories.bootstrap-mode=lazy) did not find property 'bootstrap-mode'; NestedCondition on JpaRepositoriesAutoConfiguration.BootstrapExecutorCondition.DeferredBootstrapMode @ConditionalOnProperty (spring.data.jpa.repositories.bootstrap-mode=deferred) did not find property 'bootstrap-mode' (JpaRepositoriesAutoConfiguration.BootstrapExecutorCondition)

   JsonbAutoConfiguration:
      Did not match:
         - @ConditionalOnClass did not find required class 'jakarta.json.bind.Jsonb' (OnClassCondition)

   JsonbHttpMessageConvertersConfiguration:
      Did not match:
         - @ConditionalOnClass did not find required class 'jakarta.json.bind.Jsonb' (OnClassCondition)

   KafkaAutoConfiguration:
      Did not match:
         - @ConditionalOnClass did not find required class 'org.springframework.kafka.core.KafkaTemplate' (OnClassCondition)

   LdapAutoConfiguration:
      Did not match:
         - @ConditionalOnClass did not find required class 'org.springframework.ldap.core.ContextSource' (OnClassCondition)

   LdapRepositoriesAutoConfiguration:
      Did not match:
         - @ConditionalOnClass did not find required class 'org.springframework.data.ldap.repository.LdapRepository' (OnClassCondition)

   LiquibaseAutoConfiguration:
      Did not match:
         - @ConditionalOnClass did not find required class 'liquibase.change.DatabaseChange' (OnClassCondition)

   MailSenderAutoConfiguration:
      Did not match:
         - @ConditionalOnClass did not find required class 'jakarta.mail.internet.MimeMessage' (OnClassCondition)

   MailSenderValidatorAutoConfiguration:
      Did not match:
         - @ConditionalOnSingleCandidate did not find required type 'org.springframework.mail.javamail.JavaMailSenderImpl' (OnBeanCondition)

   MessageSourceAutoConfiguration:
      Did not match:
         - ResourceBundle did not find bundle with basename messages (MessageSourceAutoConfiguration.ResourceBundleCondition)

   MongoAutoConfiguration:
      Did not match:
         - @ConditionalOnClass did not find required class 'com.mongodb.client.MongoClient' (OnClassCondition)

   MongoDataAutoConfiguration:
      Did not match:
         - @ConditionalOnClass did not find required class 'com.mongodb.client.MongoClient' (OnClassCondition)

   MongoReactiveAutoConfiguration:
      Did not match:
         - @ConditionalOnClass did not find required class 'com.mongodb.reactivestreams.client.MongoClient' (OnClassCondition)

   MongoReactiveDataAutoConfiguration:
      Did not match:
         - @ConditionalOnClass did not find required class 'com.mongodb.reactivestreams.client.MongoClient' (OnClassCondition)

   MongoReactiveRepositoriesAutoConfiguration:
      Did not match:
         - @ConditionalOnClass did not find required class 'com.mongodb.reactivestreams.client.MongoClient' (OnClassCondition)

   MongoRepositoriesAutoConfiguration:
      Did not match:
         - @ConditionalOnClass did not find required class 'com.mongodb.client.MongoClient' (OnClassCondition)

   MultipleOpenApiSupportConfiguration:
      Did not match:
         - AnyNestedCondition 0 matched 2 did not; NestedCondition on MultipleOpenApiSupportCondition.OnActuatorDifferentPort @ConditionalOnProperty (springdoc.show-actuator) did not find property 'springdoc.show-actuator'; NestedCondition on MultipleOpenApiSupportCondition.OnMultipleOpenApiSupportCondition AnyNestedCondition 0 matched 3 did not; NestedCondition on MultipleOpenApiGroupsCondition.OnListGroupedOpenApiBean @ConditionalOnBean (types: org.springdoc.core.models.GroupedOpenApi; SearchStrategy: all) did not find any beans of type org.springdoc.core.models.GroupedOpenApi; NestedCondition on MultipleOpenApiGroupsCondition.OnGroupConfigProperty @ConditionalOnProperty (springdoc.group-configs[0].group) did not find property 'springdoc.group-configs[0].group'; NestedCondition on MultipleOpenApiGroupsCondition.OnGroupedOpenApiBean @ConditionalOnBean (types: org.springdoc.core.models.GroupedOpenApi; SearchStrategy: all) did not find any beans of type org.springdoc.core.models.GroupedOpenApi (MultipleOpenApiSupportCondition)
      Matched:
         - found 'session' scope (OnWebApplicationCondition)
         - @ConditionalOnProperty (springdoc.api-docs.enabled) matched (OnPropertyCondition)

   MultipleOpenApiSupportConfiguration.SpringDocWebMvcActuatorDifferentConfiguration:
      Did not match:
         - @ConditionalOnClass did not find required class 'org.springframework.boot.actuate.endpoint.web.servlet.WebMvcEndpointHandlerMapping' (OnClassCondition)
         - Ancestor org.springdoc.webmvc.core.configuration.MultipleOpenApiSupportConfiguration did not match (ConditionEvaluationReport.AncestorsMatchedCondition)

   MustacheAutoConfiguration:
      Did not match:
         - @ConditionalOnClass did not find required class 'com.samskivert.mustache.Mustache' (OnClassCondition)

   Neo4jAutoConfiguration:
      Did not match:
         - @ConditionalOnClass did not find required class 'org.neo4j.driver.Driver' (OnClassCondition)

   Neo4jDataAutoConfiguration:
      Did not match:
         - @ConditionalOnClass did not find required class 'org.neo4j.driver.Driver' (OnClassCondition)

   Neo4jReactiveDataAutoConfiguration:
      Did not match:
         - @ConditionalOnClass did not find required class 'org.neo4j.driver.Driver' (OnClassCondition)

   Neo4jReactiveRepositoriesAutoConfiguration:
      Did not match:
         - @ConditionalOnClass did not find required class 'org.neo4j.driver.Driver' (OnClassCondition)

   Neo4jRepositoriesAutoConfiguration:
      Did not match:
         - @ConditionalOnClass did not find required class 'org.neo4j.driver.Driver' (OnClassCondition)

   NettyAutoConfiguration:
      Did not match:
         - @ConditionalOnClass did not find required class 'io.netty.util.NettyRuntime' (OnClassCondition)

   OAuth2AuthorizationServerAutoConfiguration:
      Did not match:
         - @ConditionalOnClass did not find required class 'org.springframework.security.oauth2.server.authorization.OAuth2Authorization' (OnClassCondition)

   OAuth2AuthorizationServerJwtAutoConfiguration:
      Did not match:
         - @ConditionalOnClass did not find required class 'org.springframework.security.oauth2.server.authorization.OAuth2Authorization' (OnClassCondition)

   OAuth2ClientAutoConfiguration:
      Did not match:
         - @ConditionalOnClass did not find required class 'org.springframework.security.config.annotation.web.configuration.EnableWebSecurity' (OnClassCondition)

   OAuth2ResourceServerAutoConfiguration:
      Did not match:
         - @ConditionalOnClass did not find required class 'org.springframework.security.oauth2.server.resource.authentication.BearerTokenAuthenticationToken' (OnClassCondition)

   ProjectInfoAutoConfiguration#buildProperties:
      Did not match:
         - @ConditionalOnResource did not find resource '${spring.info.build.location:classpath:META-INF/build-info.properties}' (OnResourceCondition)

   ProjectInfoAutoConfiguration#gitProperties:
      Did not match:
         - GitResource did not find git info at classpath:git.properties (ProjectInfoAutoConfiguration.GitResourceAvailableCondition)

   PulsarAutoConfiguration:
      Did not match:
         - @ConditionalOnClass did not find required class 'org.apache.pulsar.client.api.PulsarClient' (OnClassCondition)

   PulsarReactiveAutoConfiguration:
      Did not match:
         - @ConditionalOnClass did not find required class 'org.apache.pulsar.client.api.PulsarClient' (OnClassCondition)

   QuartzAutoConfiguration:
      Did not match:
         - @ConditionalOnClass did not find required class 'org.quartz.Scheduler' (OnClassCondition)

   R2dbcAutoConfiguration:
      Did not match:
         - @ConditionalOnClass did not find required class 'io.r2dbc.spi.ConnectionFactory' (OnClassCondition)

   R2dbcDataAutoConfiguration:
      Did not match:
         - @ConditionalOnClass did not find required class 'org.springframework.data.r2dbc.core.R2dbcEntityTemplate' (OnClassCondition)

   R2dbcInitializationConfiguration:
      Did not match:
         - @ConditionalOnClass did not find required classes 'io.r2dbc.spi.ConnectionFactory', 'org.springframework.r2dbc.connection.init.DatabasePopulator' (OnClassCondition)

   R2dbcProxyAutoConfiguration:
      Did not match:
         - @ConditionalOnClass did not find required class 'io.r2dbc.proxy.ProxyConnectionFactory' (OnClassCondition)

   R2dbcRepositoriesAutoConfiguration:
      Did not match:
         - @ConditionalOnClass did not find required class 'io.r2dbc.spi.ConnectionFactory' (OnClassCondition)

   R2dbcTransactionManagerAutoConfiguration:
      Did not match:
         - @ConditionalOnClass did not find required class 'org.springframework.r2dbc.connection.R2dbcTransactionManager' (OnClassCondition)

   RSocketGraphQlClientAutoConfiguration:
      Did not match:
         - @ConditionalOnClass did not find required class 'graphql.GraphQL' (OnClassCondition)

   RSocketMessagingAutoConfiguration:
      Did not match:
         - @ConditionalOnClass did not find required class 'io.rsocket.RSocket' (OnClassCondition)

   RSocketRequesterAutoConfiguration:
      Did not match:
         - @ConditionalOnClass did not find required class 'io.rsocket.RSocket' (OnClassCondition)

   RSocketSecurityAutoConfiguration:
      Did not match:
         - @ConditionalOnClass did not find required class 'org.springframework.security.rsocket.core.SecuritySocketAcceptorInterceptor' (OnClassCondition)

   RSocketServerAutoConfiguration:
      Did not match:
         - @ConditionalOnClass did not find required class 'io.rsocket.core.RSocketServer' (OnClassCondition)

   RSocketStrategiesAutoConfiguration:
      Did not match:
         - @ConditionalOnClass did not find required class 'io.netty.buffer.PooledByteBufAllocator' (OnClassCondition)

   RabbitAutoConfiguration:
      Did not match:
         - @ConditionalOnClass did not find required class 'com.rabbitmq.client.Channel' (OnClassCondition)

   ReactiveElasticsearchClientAutoConfiguration:
      Did not match:
         - @ConditionalOnClass did not find required class 'co.elastic.clients.transport.ElasticsearchTransport' (OnClassCondition)

   ReactiveElasticsearchRepositoriesAutoConfiguration:
      Did not match:
         - @ConditionalOnClass did not find required class 'reactor.core.publisher.Mono' (OnClassCondition)

   ReactiveMultipartAutoConfiguration:
      Did not match:
         - @ConditionalOnClass did not find required class 'org.springframework.web.reactive.config.WebFluxConfigurer' (OnClassCondition)

   ReactiveOAuth2ClientAutoConfiguration:
      Did not match:
         - @ConditionalOnClass did not find required class 'reactor.core.publisher.Flux' (OnClassCondition)

   ReactiveOAuth2ResourceServerAutoConfiguration:
      Did not match:
         - @ConditionalOnClass did not find required class 'org.springframework.security.config.annotation.web.reactive.EnableWebFluxSecurity' (OnClassCondition)

   ReactiveSecurityAutoConfiguration:
      Did not match:
         - @ConditionalOnClass did not find required class 'reactor.core.publisher.Flux' (OnClassCondition)

   ReactiveUserDetailsServiceAutoConfiguration:
      Did not match:
         - @ConditionalOnClass did not find required class 'org.springframework.security.authentication.ReactiveAuthenticationManager' (OnClassCondition)

   ReactiveWebServerFactoryAutoConfiguration:
      Did not match:
         - @ConditionalOnWebApplication did not find reactive web application classes (OnWebApplicationCondition)

   ReactorAutoConfiguration:
      Did not match:
         - @ConditionalOnClass did not find required class 'reactor.core.publisher.Hooks' (OnClassCondition)

   RedisAutoConfiguration:
      Did not match:
         - @ConditionalOnClass did not find required class 'org.springframework.data.redis.core.RedisOperations' (OnClassCondition)

   RedisCacheConfiguration:
      Did not match:
         - @ConditionalOnClass did not find required class 'org.springframework.data.redis.connection.RedisConnectionFactory' (OnClassCondition)

   RedisReactiveAutoConfiguration:
      Did not match:
         - @ConditionalOnClass did not find required class 'reactor.core.publisher.Flux' (OnClassCondition)

   RedisRepositoriesAutoConfiguration:
      Did not match:
         - @ConditionalOnClass did not find required class 'org.springframework.data.redis.repository.configuration.EnableRedisRepositories' (OnClassCondition)

   RepositoryRestMvcAutoConfiguration:
      Did not match:
         - @ConditionalOnClass did not find required class 'org.springframework.data.rest.webmvc.config.RepositoryRestMvcConfiguration' (OnClassCondition)

   Saml2RelyingPartyAutoConfiguration:
      Did not match:
         - @ConditionalOnClass did not find required class 'org.springframework.security.saml2.provider.service.registration.RelyingPartyRegistrationRepository' (OnClassCondition)

   SecurityAutoConfiguration:
      Did not match:
         - @ConditionalOnClass did not find required class 'org.springframework.security.authentication.DefaultAuthenticationEventPublisher' (OnClassCondition)

   SecurityFilterAutoConfiguration:
      Did not match:
         - @ConditionalOnClass did not find required class 'org.springframework.security.config.http.SessionCreationPolicy' (OnClassCondition)

   SendGridAutoConfiguration:
      Did not match:
         - @ConditionalOnClass did not find required class 'com.sendgrid.SendGrid' (OnClassCondition)

   ServletWebServerFactoryAutoConfiguration.ForwardedHeaderFilterConfiguration:
      Did not match:
         - @ConditionalOnProperty (server.forward-headers-strategy=framework) did not find property 'server.forward-headers-strategy' (OnPropertyCondition)

   ServletWebServerFactoryConfiguration.EmbeddedJetty:
      Did not match:
         - @ConditionalOnClass did not find required classes 'org.eclipse.jetty.server.Server', 'org.eclipse.jetty.util.Loader', 'org.eclipse.jetty.ee10.webapp.WebAppContext' (OnClassCondition)

   ServletWebServerFactoryConfiguration.EmbeddedUndertow:
      Did not match:
         - @ConditionalOnClass did not find required classes 'io.undertow.Undertow', 'org.xnio.SslClientAuthMode' (OnClassCondition)

   SessionAutoConfiguration:
      Did not match:
         - @ConditionalOnClass did not find required class 'org.springframework.session.Session' (OnClassCondition)

   SpringApplicationAdminJmxAutoConfiguration:
      Did not match:
         - @ConditionalOnProperty (spring.application.admin.enabled=true) did not find property 'enabled' (OnPropertyCondition)

   SpringDocConfiguration#propertiesResolverForSchema:
      Did not match:
         - @ConditionalOnProperty (springdoc.api-docs.resolve-schema-properties) did not find property 'springdoc.api-docs.resolve-schema-properties' (OnPropertyCondition)

   SpringDocConfiguration#propertyCustomizingConverter:
      Did not match:
         - @ConditionalOnBean (types: org.springdoc.core.customizers.PropertyCustomizer; SearchStrategy: all) did not find any beans of type org.springdoc.core.customizers.PropertyCustomizer (OnBeanCondition)

   SpringDocConfiguration#springdocBeanFactoryPostProcessor:
      Did not match:
         - AnyNestedCondition 0 matched 2 did not; NestedCondition on CacheOrGroupedOpenApiCondition.OnCacheDisabled found non-matching nested conditions @ConditionalOnProperty (springdoc.cache.disabled) did not find property 'springdoc.cache.disabled'; NestedCondition on CacheOrGroupedOpenApiCondition.OnMultipleOpenApiSupportCondition AnyNestedCondition 0 matched 2 did not; NestedCondition on MultipleOpenApiSupportCondition.OnActuatorDifferentPort @ConditionalOnProperty (springdoc.show-actuator) did not find property 'springdoc.show-actuator'; NestedCondition on MultipleOpenApiSupportCondition.OnMultipleOpenApiSupportCondition AnyNestedCondition 0 matched 3 did not; NestedCondition on MultipleOpenApiGroupsCondition.OnListGroupedOpenApiBean @ConditionalOnBean (types: org.springdoc.core.models.GroupedOpenApi; SearchStrategy: all) did not find any beans of type org.springdoc.core.models.GroupedOpenApi; NestedCondition on MultipleOpenApiGroupsCondition.OnGroupConfigProperty @ConditionalOnProperty (springdoc.group-configs[0].group) did not find property 'springdoc.group-configs[0].group'; NestedCondition on MultipleOpenApiGroupsCondition.OnGroupedOpenApiBean @ConditionalOnBean (types: org.springdoc.core.models.GroupedOpenApi; SearchStrategy: all) did not find any beans of type org.springdoc.core.models.GroupedOpenApi (CacheOrGroupedOpenApiCondition)
      Matched:
         - @ConditionalOnClass found required class 'org.springframework.boot.context.properties.bind.BindResult' (OnClassCondition)

   SpringDocConfiguration#springdocBeanFactoryPostProcessor2:
      Did not match:
         - @ConditionalOnMissingClass found unwanted class 'org.springframework.boot.context.properties.bind.BindResult' (OnClassCondition)

   SpringDocConfiguration.SpringDocActuatorConfiguration:
      Did not match:
         - @ConditionalOnClass did not find required class 'org.springframework.boot.actuate.autoconfigure.endpoint.web.WebEndpointProperties' (OnClassCondition)

   SpringDocConfiguration.SpringDocRepositoryRestConfiguration:
      Did not match:
         - @ConditionalOnClass did not find required class 'org.springframework.data.rest.core.config.RepositoryRestConfiguration' (OnClassCondition)

   SpringDocConfiguration.SpringDocWebFluxSupportConfiguration:
      Did not match:
         - @ConditionalOnClass did not find required class 'reactor.core.publisher.Flux' (OnClassCondition)

   SpringDocDataRestConfiguration:
      Did not match:
         - @ConditionalOnClass did not find required class 'org.springframework.data.rest.core.config.RepositoryRestConfiguration' (OnClassCondition)

   SpringDocFunctionCatalogConfiguration:
      Did not match:
         - @ConditionalOnClass did not find required class 'org.springframework.cloud.function.web.function.FunctionEndpointInitializer' (OnClassCondition)

   SpringDocGroovyConfiguration:
      Did not match:
         - @ConditionalOnClass did not find required class 'groovy.lang.MetaClass' (OnClassCondition)

   SpringDocHateoasConfiguration:
      Did not match:
         - @ConditionalOnClass did not find required class 'org.springframework.hateoas.server.LinkRelationProvider' (OnClassCondition)

   SpringDocJacksonKotlinModuleConfiguration:
      Did not match:
         - @ConditionalOnClass did not find required class 'com.fasterxml.jackson.module.kotlin.KotlinModule' (OnClassCondition)

   SpringDocJavadocConfiguration:
      Did not match:
         - @ConditionalOnClass did not find required class 'com.github.therapi.runtimejavadoc.CommentFormatter' (OnClassCondition)

   SpringDocKotlinConfiguration:
      Did not match:
         - @ConditionalOnClass did not find required class 'kotlin.coroutines.Continuation' (OnClassCondition)

   SpringDocKotlinxConfiguration:
      Did not match:
         - @ConditionalOnClass did not find required class 'kotlinx.coroutines.flow.Flow' (OnClassCondition)

   SpringDocSecurityConfiguration:
      Did not match:
         - @ConditionalOnClass did not find required class 'org.springframework.security.web.SecurityFilterChain' (OnClassCondition)

   SpringDocSortConfiguration#dataRestDelegatingMethodParameterCustomizer:
      Did not match:
         - @ConditionalOnMissingBean (types: org.springdoc.core.customizers.DataRestDelegatingMethodParameterCustomizer; SearchStrategy: all) found beans of type 'org.springdoc.core.customizers.DataRestDelegatingMethodParameterCustomizer' dataRestDelegatingMethodParameterCustomizer (OnBeanCondition)

   SpringDocWebMvcConfiguration.SpringDocWebMvcActuatorConfiguration:
      Did not match:
         - @ConditionalOnClass did not find required class 'org.springframework.boot.actuate.endpoint.web.servlet.WebMvcEndpointHandlerMapping' (OnClassCondition)

   SwaggerConfig#springWebProvider:
      Did not match:
         - @ConditionalOnMissingBean (types: org.springdoc.core.providers.SpringWebProvider; SearchStrategy: all) found beans of type 'org.springdoc.core.providers.SpringWebProvider' springWebProvider (OnBeanCondition)

   SwaggerConfig#swaggerUiHome:
      Did not match:
         - @ConditionalOnProperty (springdoc.swagger-ui.use-root-path=true) did not find property 'springdoc.swagger-ui.use-root-path' (OnPropertyCondition)

   SwaggerConfig.SwaggerActuatorWelcomeConfiguration:
      Did not match:
         - @ConditionalOnClass did not find required class 'org.springframework.boot.actuate.endpoint.web.servlet.WebMvcEndpointHandlerMapping' (OnClassCondition)

   TaskExecutorConfigurations.SimpleAsyncTaskExecutorBuilderConfiguration#simpleAsyncTaskExecutorBuilderVirtualThreads:
      Did not match:
         - @ConditionalOnMissingBean (types: org.springframework.boot.task.SimpleAsyncTaskExecutorBuilder; SearchStrategy: all) found beans of type 'org.springframework.boot.task.SimpleAsyncTaskExecutorBuilder' simpleAsyncTaskExecutorBuilder (OnBeanCondition)

   TaskExecutorConfigurations.TaskExecutorConfiguration#applicationTaskExecutorVirtualThreads:
      Did not match:
         - @ConditionalOnThreading did not find VIRTUAL (OnThreadingCondition)

   TaskSchedulingAutoConfiguration#scheduledBeanLazyInitializationExcludeFilter:
      Did not match:
         - @ConditionalOnBean (names: org.springframework.context.annotation.internalScheduledAnnotationProcessor; SearchStrategy: all) did not find any beans named org.springframework.context.annotation.internalScheduledAnnotationProcessor (OnBeanCondition)

   TaskSchedulingConfigurations.SimpleAsyncTaskSchedulerBuilderConfiguration#simpleAsyncTaskSchedulerBuilderVirtualThreads:
      Did not match:
         - @ConditionalOnMissingBean (types: org.springframework.boot.task.SimpleAsyncTaskSchedulerBuilder; SearchStrategy: all) found beans of type 'org.springframework.boot.task.SimpleAsyncTaskSchedulerBuilder' simpleAsyncTaskSchedulerBuilder (OnBeanCondition)

   TaskSchedulingConfigurations.TaskSchedulerConfiguration:
      Did not match:
         - @ConditionalOnBean (names: org.springframework.context.annotation.internalScheduledAnnotationProcessor; SearchStrategy: all) did not find any beans named org.springframework.context.annotation.internalScheduledAnnotationProcessor (OnBeanCondition)

   ThymeleafAutoConfiguration:
      Did not match:
         - @ConditionalOnClass did not find required class 'org.thymeleaf.spring6.SpringTemplateEngine' (OnClassCondition)

   TransactionAutoConfiguration#transactionalOperator:
      Did not match:
         - @ConditionalOnSingleCandidate (types: org.springframework.transaction.ReactiveTransactionManager; SearchStrategy: all) did not find any beans (OnBeanCondition)

   TransactionAutoConfiguration.AspectJTransactionManagementConfiguration:
      Did not match:
         - @ConditionalOnBean (types: org.springframework.transaction.aspectj.AbstractTransactionAspect; SearchStrategy: all) did not find any beans of type org.springframework.transaction.aspectj.AbstractTransactionAspect (OnBeanCondition)

   TransactionAutoConfiguration.EnableTransactionManagementConfiguration.JdkDynamicAutoProxyConfiguration:
      Did not match:
         - @ConditionalOnProperty (spring.aop.proxy-target-class=false) did not find property 'proxy-target-class' (OnPropertyCondition)

   UserDetailsServiceAutoConfiguration:
      Did not match:
         - @ConditionalOnClass did not find required class 'org.springframework.security.authentication.AuthenticationManager' (OnClassCondition)

   WebClientAutoConfiguration:
      Did not match:
         - @ConditionalOnClass did not find required class 'org.springframework.web.reactive.function.client.WebClient' (OnClassCondition)

   WebFluxAutoConfiguration:
      Did not match:
         - @ConditionalOnClass did not find required class 'org.springframework.web.reactive.config.WebFluxConfigurer' (OnClassCondition)

   WebMvcAutoConfiguration#hiddenHttpMethodFilter:
      Did not match:
         - @ConditionalOnProperty (spring.mvc.hiddenmethod.filter.enabled) did not find property 'enabled' (OnPropertyCondition)

   WebMvcAutoConfiguration.ProblemDetailsErrorHandlingConfiguration:
      Did not match:
         - @ConditionalOnProperty (spring.mvc.problemdetails.enabled=true) did not find property 'enabled' (OnPropertyCondition)

   WebMvcAutoConfiguration.WebMvcAutoConfigurationAdapter#beanNameViewResolver:
      Did not match:
         - @ConditionalOnMissingBean (types: org.springframework.web.servlet.view.BeanNameViewResolver; SearchStrategy: all) found beans of type 'org.springframework.web.servlet.view.BeanNameViewResolver' beanNameViewResolver (OnBeanCondition)

   WebServiceTemplateAutoConfiguration:
      Did not match:
         - @ConditionalOnClass did not find required class 'org.springframework.oxm.Marshaller' (OnClassCondition)

   WebServicesAutoConfiguration:
      Did not match:
         - @ConditionalOnClass did not find required class 'org.springframework.ws.transport.http.MessageDispatcherServlet' (OnClassCondition)

   WebSessionIdResolverAutoConfiguration:
      Did not match:
         - @ConditionalOnClass did not find required class 'reactor.core.publisher.Mono' (OnClassCondition)

   WebSocketMessagingAutoConfiguration:
      Did not match:
         - @ConditionalOnClass did not find required class 'org.springframework.web.socket.config.annotation.WebSocketMessageBrokerConfigurer' (OnClassCondition)

   WebSocketReactiveAutoConfiguration:
      Did not match:
         - @ConditionalOnWebApplication did not find reactive web application classes (OnWebApplicationCondition)

   WebSocketServletAutoConfiguration.JettyWebSocketConfiguration:
      Did not match:
         - @ConditionalOnClass did not find required class 'org.eclipse.jetty.ee10.websocket.jakarta.server.config.JakartaWebSocketServletContainerInitializer' (OnClassCondition)

   WebSocketServletAutoConfiguration.UndertowWebSocketConfiguration:
      Did not match:
         - @ConditionalOnClass did not find required class 'io.undertow.websockets.jsr.Bootstrap' (OnClassCondition)

   XADataSourceAutoConfiguration:
      Did not match:
         - @ConditionalOnBean (types: org.springframework.boot.jdbc.XADataSourceWrapper; SearchStrategy: all) did not find any beans of type org.springframework.boot.jdbc.XADataSourceWrapper (OnBeanCondition)
      Matched:
         - @ConditionalOnClass found required classes 'javax.sql.DataSource', 'jakarta.transaction.TransactionManager', 'org.springframework.jdbc.datasource.embedded.EmbeddedDatabaseType' (OnClassCondition)


Exclusions:
-----------

    None


Unconditional classes:
----------------------

    org.springframework.boot.autoconfigure.context.ConfigurationPropertiesAutoConfiguration

    org.springframework.boot.autoconfigure.ssl.SslAutoConfiguration

    org.springframework.boot.autoconfigure.context.PropertyPlaceholderAutoConfiguration

    org.springframework.boot.autoconfigure.context.LifecycleAutoConfiguration

    org.springdoc.core.configuration.SpringDocSpecPropertiesConfiguration

    org.springframework.boot.autoconfigure.availability.ApplicationAvailabilityAutoConfiguration

    org.springframework.boot.autoconfigure.info.ProjectInfoAutoConfiguration



2026-07-31T10:58:16.609-04:00  INFO 19228 --- [financeai-backend] [           main] com.financeai.FinanceAIApplication       : Started FinanceAIApplication in 17.477 seconds (process running for 18.798)
2026-07-31T10:58:16.609-04:00 DEBUG 19228 --- [financeai-backend] [           main] o.s.b.a.ApplicationAvailabilityBean      : Application availability state LivenessState changed to CORRECT
2026-07-31T10:58:16.858-04:00  INFO 19228 --- [financeai-backend] [           main] com.financeai.bootstrap.DataLoader       : Datos ya cargados (1001 usuarios). Se omite la carga inicial.
2026-07-31T10:58:16.941-04:00 DEBUG 19228 --- [financeai-backend] [           main] o.s.b.a.ApplicationAvailabilityBean      : Application availability state ReadinessState changed to ACCEPTING_TRAFFIC
2026-07-31T10:58:24.711-04:00  INFO 19228 --- [financeai-backend] [nio-8081-exec-1] o.a.c.c.C.[Tomcat].[localhost].[/]       : Initializing Spring DispatcherServlet 'dispatcherServlet'
2026-07-31T10:58:24.711-04:00  INFO 19228 --- [financeai-backend] [nio-8081-exec-1] o.s.web.servlet.DispatcherServlet        : Initializing Servlet 'dispatcherServlet'
2026-07-31T10:58:24.711-04:00 DEBUG 19228 --- [financeai-backend] [nio-8081-exec-1] o.s.web.servlet.DispatcherServlet        : Detected StandardServletMultipartResolver
2026-07-31T10:58:24.711-04:00 DEBUG 19228 --- [financeai-backend] [nio-8081-exec-1] o.s.web.servlet.DispatcherServlet        : Detected AcceptHeaderLocaleResolver
2026-07-31T10:58:24.711-04:00 DEBUG 19228 --- [financeai-backend] [nio-8081-exec-1] o.s.web.servlet.DispatcherServlet        : Detected FixedThemeResolver
2026-07-31T10:58:24.711-04:00 DEBUG 19228 --- [financeai-backend] [nio-8081-exec-1] o.s.web.servlet.DispatcherServlet        : Detected org.springframework.web.servlet.view.DefaultRequestToViewNameTranslator@68076f57
2026-07-31T10:58:24.711-04:00 DEBUG 19228 --- [financeai-backend] [nio-8081-exec-1] o.s.web.servlet.DispatcherServlet        : Detected org.springframework.web.servlet.support.SessionFlashMapManager@113886b1
2026-07-31T10:58:24.711-04:00 DEBUG 19228 --- [financeai-backend] [nio-8081-exec-1] o.s.web.servlet.DispatcherServlet        : enableLoggingRequestDetails='false': request parameters and headers will be masked to prevent unsafe logging of potentially sensitive data
2026-07-31T10:58:24.711-04:00  INFO 19228 --- [financeai-backend] [nio-8081-exec-1] o.s.web.servlet.DispatcherServlet        : Completed initialization in 0 ms
2026-07-31T10:58:24.728-04:00 DEBUG 19228 --- [financeai-backend] [nio-8081-exec-1] o.s.web.servlet.DispatcherServlet        : GET "/v3/api-docs", parameters={}
2026-07-31T10:58:24.744-04:00 DEBUG 19228 --- [financeai-backend] [nio-8081-exec-1] s.w.s.m.m.a.RequestMappingHandlerMapping : Mapped to org.springdoc.webmvc.api.OpenApiWebMvcResource#openapiJson(HttpServletRequest, String, Locale)
2026-07-31T10:58:25.978-04:00  INFO 19228 --- [financeai-backend] [nio-8081-exec-1] o.springdoc.api.AbstractOpenApiResource  : Init duration for springdoc-openapi is: 1183 ms
2026-07-31T10:58:26.045-04:00 DEBUG 19228 --- [financeai-backend] [nio-8081-exec-1] m.m.a.RequestResponseBodyMethodProcessor : Using 'application/json', given [*/*] and supported [application/json]
2026-07-31T10:58:26.045-04:00 DEBUG 19228 --- [financeai-backend] [nio-8081-exec-1] m.m.a.RequestResponseBodyMethodProcessor : Writing [{123, 34, 111, 112, 101, 110, 97, 112, 105, 34, 58, 34, 51, 46, 48, 46, 49, 34, 44, 34, 105, 110, 10 (truncated)...]
2026-07-31T10:58:26.067-04:00 DEBUG 19228 --- [financeai-backend] [nio-8081-exec-1] o.s.web.servlet.DispatcherServlet        : Completed 200 OK
2026-07-31T11:01:54.848-04:00 DEBUG 19228 --- [financeai-backend] [nio-8081-exec-3] o.s.web.servlet.DispatcherServlet        : GET "/api/usuarios/USR0001/perfil", parameters={}
2026-07-31T11:01:54.848-04:00 DEBUG 19228 --- [financeai-backend] [nio-8081-exec-6] o.s.web.servlet.DispatcherServlet        : GET "/api/usuarios/USR0001/metas", parameters={}
2026-07-31T11:01:54.848-04:00 DEBUG 19228 --- [financeai-backend] [nio-8081-exec-5] o.s.web.servlet.DispatcherServlet        : GET "/api/usuarios/USR0001/transacciones", parameters={}
2026-07-31T11:01:54.848-04:00 DEBUG 19228 --- [financeai-backend] [nio-8081-exec-4] o.s.web.servlet.DispatcherServlet        : GET "/api/usuarios/USR0001/transacciones/resumen", parameters={}
2026-07-31T11:01:54.854-04:00 DEBUG 19228 --- [financeai-backend] [nio-8081-exec-4] s.w.s.m.m.a.RequestMappingHandlerMapping : Mapped to com.financeai.controller.TransaccionController#resumenTransacciones(String)
2026-07-31T11:01:54.854-04:00 DEBUG 19228 --- [financeai-backend] [nio-8081-exec-3] s.w.s.m.m.a.RequestMappingHandlerMapping : Mapped to com.financeai.controller.UsuarioController#obtenerPerfil(String)
2026-07-31T11:01:54.854-04:00 DEBUG 19228 --- [financeai-backend] [nio-8081-exec-5] s.w.s.m.m.a.RequestMappingHandlerMapping : Mapped to com.financeai.controller.TransaccionController#listarTransacciones(String)
2026-07-31T11:01:54.854-04:00 DEBUG 19228 --- [financeai-backend] [nio-8081-exec-6] s.w.s.m.m.a.RequestMappingHandlerMapping : Mapped to com.financeai.controller.GoalController#list(String, String)
2026-07-31T11:01:55.184-04:00 DEBUG 19228 --- [financeai-backend] [nio-8081-exec-3] o.s.w.s.m.m.a.HttpEntityMethodProcessor  : Using 'application/json', given [*/*] and supported [application/json, application/*+json, application/yaml]
2026-07-31T11:01:55.184-04:00 DEBUG 19228 --- [financeai-backend] [nio-8081-exec-3] o.s.w.s.m.m.a.HttpEntityMethodProcessor  : Writing [{perfilFinanciero=En riesgo, ahorroEstimado=-109.43, apellido=null, nivelEndeudamiento=16.98, usuari (truncated)...]
2026-07-31T11:01:55.198-04:00 DEBUG 19228 --- [financeai-backend] [nio-8081-exec-3] o.s.web.servlet.DispatcherServlet        : Completed 200 OK
2026-07-31T11:01:55.215-04:00 DEBUG 19228 --- [financeai-backend] [nio-8081-exec-7] o.s.web.servlet.DispatcherServlet        : GET "/api/usuarios/USR0001/perfil", parameters={}
2026-07-31T11:01:55.215-04:00 DEBUG 19228 --- [financeai-backend] [nio-8081-exec-7] s.w.s.m.m.a.RequestMappingHandlerMapping : Mapped to com.financeai.controller.UsuarioController#obtenerPerfil(String)
2026-07-31T11:01:55.249-04:00 DEBUG 19228 --- [financeai-backend] [nio-8081-exec-6] m.m.a.RequestResponseBodyMethodProcessor : Using 'application/json', given [*/*] and supported [application/json, application/*+json, application/yaml]
2026-07-31T11:01:55.284-04:00 DEBUG 19228 --- [financeai-backend] [nio-8081-exec-6] m.m.a.RequestResponseBodyMethodProcessor : Writing [[GoalResponse[id=488bd8a2-bca7-41fd-bc59-d4ed3fb2994d, usuarioId=USR0001, nombre=kscmvdlk, descripci (truncated)...]
2026-07-31T11:01:55.298-04:00 DEBUG 19228 --- [financeai-backend] [nio-8081-exec-6] o.s.web.servlet.DispatcherServlet        : Completed 200 OK
2026-07-31T11:01:55.299-04:00 DEBUG 19228 --- [financeai-backend] [nio-8081-exec-8] o.s.web.servlet.DispatcherServlet        : GET "/api/usuarios/USR0001/metas", parameters={}
2026-07-31T11:01:55.299-04:00 DEBUG 19228 --- [financeai-backend] [nio-8081-exec-8] s.w.s.m.m.a.RequestMappingHandlerMapping : Mapped to com.financeai.controller.GoalController#list(String, String)
2026-07-31T11:01:55.328-04:00 DEBUG 19228 --- [financeai-backend] [nio-8081-exec-7] o.s.w.s.m.m.a.HttpEntityMethodProcessor  : Using 'application/json', given [*/*] and supported [application/json, application/*+json, application/yaml]
2026-07-31T11:01:55.328-04:00 DEBUG 19228 --- [financeai-backend] [nio-8081-exec-7] o.s.w.s.m.m.a.HttpEntityMethodProcessor  : Writing [{perfilFinanciero=En riesgo, ahorroEstimado=-109.43, apellido=null, nivelEndeudamiento=16.98, usuari (truncated)...]
2026-07-31T11:01:55.328-04:00 DEBUG 19228 --- [financeai-backend] [nio-8081-exec-7] o.s.web.servlet.DispatcherServlet        : Completed 200 OK
2026-07-31T11:01:55.346-04:00 DEBUG 19228 --- [financeai-backend] [nio-8081-exec-9] o.s.web.servlet.DispatcherServlet        : GET "/api/usuarios/USR0001/perfil", parameters={}
2026-07-31T11:01:55.347-04:00 DEBUG 19228 --- [financeai-backend] [nio-8081-exec-9] s.w.s.m.m.a.RequestMappingHandlerMapping : Mapped to com.financeai.controller.UsuarioController#obtenerPerfil(String)
2026-07-31T11:01:55.462-04:00 DEBUG 19228 --- [financeai-backend] [nio-8081-exec-9] o.s.w.s.m.m.a.HttpEntityMethodProcessor  : Using 'application/json', given [*/*] and supported [application/json, application/*+json, application/yaml]
2026-07-31T11:01:55.462-04:00 DEBUG 19228 --- [financeai-backend] [nio-8081-exec-9] o.s.w.s.m.m.a.HttpEntityMethodProcessor  : Writing [{perfilFinanciero=En riesgo, ahorroEstimado=-109.43, apellido=null, nivelEndeudamiento=16.98, usuari (truncated)...]
2026-07-31T11:01:55.462-04:00 DEBUG 19228 --- [financeai-backend] [nio-8081-exec-9] o.s.web.servlet.DispatcherServlet        : Completed 200 OK
2026-07-31T11:01:55.462-04:00 DEBUG 19228 --- [financeai-backend] [io-8081-exec-10] o.s.web.servlet.DispatcherServlet        : GET "/api/usuarios/USR0001/perfil", parameters={}
2026-07-31T11:01:55.462-04:00 DEBUG 19228 --- [financeai-backend] [io-8081-exec-10] s.w.s.m.m.a.RequestMappingHandlerMapping : Mapped to com.financeai.controller.UsuarioController#obtenerPerfil(String)
2026-07-31T11:01:55.478-04:00 DEBUG 19228 --- [financeai-backend] [nio-8081-exec-8] m.m.a.RequestResponseBodyMethodProcessor : Using 'application/json', given [*/*] and supported [application/json, application/*+json, application/yaml]
2026-07-31T11:01:55.478-04:00 DEBUG 19228 --- [financeai-backend] [nio-8081-exec-8] m.m.a.RequestResponseBodyMethodProcessor : Writing [[GoalResponse[id=488bd8a2-bca7-41fd-bc59-d4ed3fb2994d, usuarioId=USR0001, nombre=kscmvdlk, descripci (truncated)...]
2026-07-31T11:01:55.478-04:00 DEBUG 19228 --- [financeai-backend] [nio-8081-exec-8] o.s.web.servlet.DispatcherServlet        : Completed 200 OK
2026-07-31T11:01:55.576-04:00 DEBUG 19228 --- [financeai-backend] [io-8081-exec-10] o.s.w.s.m.m.a.HttpEntityMethodProcessor  : Using 'application/json', given [*/*] and supported [application/json, application/*+json, application/yaml]
2026-07-31T11:01:55.576-04:00 DEBUG 19228 --- [financeai-backend] [io-8081-exec-10] o.s.w.s.m.m.a.HttpEntityMethodProcessor  : Writing [{perfilFinanciero=En riesgo, ahorroEstimado=-109.43, apellido=null, nivelEndeudamiento=16.98, usuari (truncated)...]
2026-07-31T11:01:55.576-04:00 DEBUG 19228 --- [financeai-backend] [io-8081-exec-10] o.s.web.servlet.DispatcherServlet        : Completed 200 OK
2026-07-31T11:01:55.826-04:00 DEBUG 19228 --- [financeai-backend] [nio-8081-exec-4] o.s.w.s.m.m.a.HttpEntityMethodProcessor  : Using 'application/json', given [*/*] and supported [application/json, application/*+json, application/yaml]
2026-07-31T11:01:55.826-04:00 DEBUG 19228 --- [financeai-backend] [nio-8081-exec-4] o.s.w.s.m.m.a.HttpEntityMethodProcessor  : Writing [{totalIngresos=38758.42, porCategoria={Educación=12172.71, Transporte=1054.14, Servicios=625.20, Sal (truncated)...]
2026-07-31T11:01:55.826-04:00 DEBUG 19228 --- [financeai-backend] [nio-8081-exec-4] o.s.web.servlet.DispatcherServlet        : Completed 200 OK
2026-07-31T11:01:55.826-04:00 DEBUG 19228 --- [financeai-backend] [nio-8081-exec-1] o.s.web.servlet.DispatcherServlet        : GET "/api/usuarios/USR0001/transacciones/resumen", parameters={}
2026-07-31T11:01:55.826-04:00 DEBUG 19228 --- [financeai-backend] [nio-8081-exec-1] s.w.s.m.m.a.RequestMappingHandlerMapping : Mapped to com.financeai.controller.TransaccionController#resumenTransacciones(String)
2026-07-31T11:01:55.908-04:00 DEBUG 19228 --- [financeai-backend] [nio-8081-exec-5] o.s.w.s.m.m.a.HttpEntityMethodProcessor  : Using 'application/json', given [*/*] and supported [application/json, application/*+json, application/yaml]
2026-07-31T11:01:55.908-04:00 DEBUG 19228 --- [financeai-backend] [nio-8081-exec-5] o.s.w.s.m.m.a.HttpEntityMethodProcessor  : Writing [[com.financeai.dto.TransaccionResponseDTO@2e3b1496, com.financeai.dto.TransaccionResponseDTO@2788564 (truncated)...]
2026-07-31T11:01:55.908-04:00 DEBUG 19228 --- [financeai-backend] [nio-8081-exec-5] o.s.web.servlet.DispatcherServlet        : Completed 200 OK
2026-07-31T11:01:55.924-04:00 DEBUG 19228 --- [financeai-backend] [nio-8081-exec-2] o.s.web.servlet.DispatcherServlet        : GET "/api/usuarios/USR0001/transacciones", parameters={}
2026-07-31T11:01:55.927-04:00 DEBUG 19228 --- [financeai-backend] [nio-8081-exec-2] s.w.s.m.m.a.RequestMappingHandlerMapping : Mapped to com.financeai.controller.TransaccionController#listarTransacciones(String)
2026-07-31T11:01:56.559-04:00 DEBUG 19228 --- [financeai-backend] [nio-8081-exec-1] o.s.w.s.m.m.a.HttpEntityMethodProcessor  : Using 'application/json', given [*/*] and supported [application/json, application/*+json, application/yaml]
2026-07-31T11:01:56.559-04:00 DEBUG 19228 --- [financeai-backend] [nio-8081-exec-1] o.s.w.s.m.m.a.HttpEntityMethodProcessor  : Writing [{totalIngresos=38758.42, porCategoria={Educación=12172.71, Transporte=1054.14, Servicios=625.20, Sal (truncated)...]
2026-07-31T11:01:56.559-04:00 DEBUG 19228 --- [financeai-backend] [nio-8081-exec-1] o.s.web.servlet.DispatcherServlet        : Completed 200 OK
2026-07-31T11:01:56.726-04:00 DEBUG 19228 --- [financeai-backend] [nio-8081-exec-2] o.s.w.s.m.m.a.HttpEntityMethodProcessor  : Using 'application/json', given [*/*] and supported [application/json, application/*+json, application/yaml]
2026-07-31T11:01:56.727-04:00 DEBUG 19228 --- [financeai-backend] [nio-8081-exec-2] o.s.w.s.m.m.a.HttpEntityMethodProcessor  : Writing [[com.financeai.dto.TransaccionResponseDTO@1d91cfaf, com.financeai.dto.TransaccionResponseDTO@2b57411 (truncated)...]
2026-07-31T11:01:56.728-04:00 DEBUG 19228 --- [financeai-backend] [nio-8081-exec-2] o.s.web.servlet.DispatcherServlet        : Completed 200 OK
2026-07-31T11:01:56.728-04:00 DEBUG 19228 --- [financeai-backend] [nio-8081-exec-3] o.s.web.servlet.DispatcherServlet        : GET "/api/usuarios/USR0001/transacciones", parameters={}
2026-07-31T11:01:56.728-04:00 DEBUG 19228 --- [financeai-backend] [nio-8081-exec-3] s.w.s.m.m.a.RequestMappingHandlerMapping : Mapped to com.financeai.controller.TransaccionController#listarTransacciones(String)
2026-07-31T11:01:57.512-04:00 DEBUG 19228 --- [financeai-backend] [nio-8081-exec-3] o.s.w.s.m.m.a.HttpEntityMethodProcessor  : Using 'application/json', given [*/*] and supported [application/json, application/*+json, application/yaml]
2026-07-31T11:01:57.512-04:00 DEBUG 19228 --- [financeai-backend] [nio-8081-exec-3] o.s.w.s.m.m.a.HttpEntityMethodProcessor  : Writing [[com.financeai.dto.TransaccionResponseDTO@5ec3109a, com.financeai.dto.TransaccionResponseDTO@231ec4e (truncated)...]
2026-07-31T11:01:57.512-04:00 DEBUG 19228 --- [financeai-backend] [nio-8081-exec-3] o.s.web.servlet.DispatcherServlet        : Completed 200 OK
2026-07-31T11:01:57.526-04:00 DEBUG 19228 --- [financeai-backend] [nio-8081-exec-6] o.s.web.servlet.DispatcherServlet        : GET "/api/usuarios/USR0001/transacciones", parameters={}
2026-07-31T11:01:57.526-04:00 DEBUG 19228 --- [financeai-backend] [nio-8081-exec-6] s.w.s.m.m.a.RequestMappingHandlerMapping : Mapped to com.financeai.controller.TransaccionController#listarTransacciones(String)
2026-07-31T11:01:57.526-04:00 DEBUG 19228 --- [financeai-backend] [nio-8081-exec-7] o.s.web.servlet.DispatcherServlet        : GET "/api/usuarios/USR0001/transacciones/resumen", parameters={}
2026-07-31T11:01:57.526-04:00 DEBUG 19228 --- [financeai-backend] [nio-8081-exec-7] s.w.s.m.m.a.RequestMappingHandlerMapping : Mapped to com.financeai.controller.TransaccionController#resumenTransacciones(String)
2026-07-31T11:01:58.245-04:00 DEBUG 19228 --- [financeai-backend] [nio-8081-exec-7] o.s.w.s.m.m.a.HttpEntityMethodProcessor  : Using 'application/json', given [*/*] and supported [application/json, application/*+json, application/yaml]
2026-07-31T11:01:58.245-04:00 DEBUG 19228 --- [financeai-backend] [nio-8081-exec-7] o.s.w.s.m.m.a.HttpEntityMethodProcessor  : Writing [{totalIngresos=38758.42, porCategoria={Educación=12172.71, Transporte=1054.14, Servicios=625.20, Sal (truncated)...]
2026-07-31T11:01:58.245-04:00 DEBUG 19228 --- [financeai-backend] [nio-8081-exec-7] o.s.web.servlet.DispatcherServlet        : Completed 200 OK
2026-07-31T11:01:58.245-04:00 DEBUG 19228 --- [financeai-backend] [nio-8081-exec-9] o.s.web.servlet.DispatcherServlet        : OPTIONS "/api/analisis-financiero?usuarioId=USR0001", parameters={masked}
2026-07-31T11:01:58.245-04:00 DEBUG 19228 --- [financeai-backend] [nio-8081-exec-9] s.w.s.m.m.a.RequestMappingHandlerMapping : Mapped to com.financeai.controller.AnalisisController#analizarFinanzas(AnalisisRequest, String)
2026-07-31T11:01:58.245-04:00 DEBUG 19228 --- [financeai-backend] [nio-8081-exec-9] o.s.web.servlet.DispatcherServlet        : Completed 200 OK
2026-07-31T11:01:58.245-04:00 DEBUG 19228 --- [financeai-backend] [nio-8081-exec-8] o.s.web.servlet.DispatcherServlet        : POST "/api/analisis-financiero?usuarioId=USR0001", parameters={masked}
2026-07-31T11:01:58.245-04:00 DEBUG 19228 --- [financeai-backend] [nio-8081-exec-8] s.w.s.m.m.a.RequestMappingHandlerMapping : Mapped to com.financeai.controller.AnalisisController#analizarFinanzas(AnalisisRequest, String)
2026-07-31T11:01:58.283-04:00 DEBUG 19228 --- [financeai-backend] [nio-8081-exec-8] m.m.a.RequestResponseBodyMethodProcessor : Read "application/json;charset=UTF-8" to [com.financeai.dto.AnalisisRequest@47146f59]
2026-07-31T11:01:58.359-04:00 DEBUG 19228 --- [financeai-backend] [nio-8081-exec-6] o.s.w.s.m.m.a.HttpEntityMethodProcessor  : Using 'application/json', given [*/*] and supported [application/json, application/*+json, application/yaml]
2026-07-31T11:01:58.359-04:00 DEBUG 19228 --- [financeai-backend] [nio-8081-exec-6] o.s.w.s.m.m.a.HttpEntityMethodProcessor  : Writing [[com.financeai.dto.TransaccionResponseDTO@31f417d9, com.financeai.dto.TransaccionResponseDTO@52e89b5 (truncated)...]
2026-07-31T11:01:58.359-04:00 DEBUG 19228 --- [financeai-backend] [nio-8081-exec-6] o.s.web.servlet.DispatcherServlet        : Completed 200 OK
2026-07-31T11:01:58.359-04:00 DEBUG 19228 --- [financeai-backend] [io-8081-exec-10] o.s.web.servlet.DispatcherServlet        : GET "/api/usuarios/USR0001/transacciones/resumen", parameters={}
2026-07-31T11:01:58.359-04:00 DEBUG 19228 --- [financeai-backend] [io-8081-exec-10] s.w.s.m.m.a.RequestMappingHandlerMapping : Mapped to com.financeai.controller.TransaccionController#resumenTransacciones(String)
2026-07-31T11:01:58.477-04:00 DEBUG 19228 --- [financeai-backend] [nio-8081-exec-8] o.s.web.client.DefaultRestClient         : Reading to [java.util.Map<?, ?>]
2026-07-31T11:01:58.477-04:00 DEBUG 19228 --- [financeai-backend] [nio-8081-exec-8] o.s.web.client.DefaultRestClient         : Writing [{monto=1153.72, medio_pago=desconocido, descripcion=Articulos para el hogar, fecha=2025-09-28, recurrente=no}] as "application/json" with org.springframework.http.converter.json.MappingJackson2HttpMessageConverter
2026-07-31T11:01:59.111-04:00 DEBUG 19228 --- [financeai-backend] [io-8081-exec-10] o.s.w.s.m.m.a.HttpEntityMethodProcessor  : Using 'application/json', given [*/*] and supported [application/json, application/*+json, application/yaml]
2026-07-31T11:01:59.115-04:00 DEBUG 19228 --- [financeai-backend] [io-8081-exec-10] o.s.w.s.m.m.a.HttpEntityMethodProcessor  : Writing [{totalIngresos=38758.42, porCategoria={Educación=12172.71, Transporte=1054.14, Servicios=625.20, Sal (truncated)...]
2026-07-31T11:01:59.118-04:00 DEBUG 19228 --- [financeai-backend] [io-8081-exec-10] o.s.web.servlet.DispatcherServlet        : Completed 200 OK
2026-07-31T11:01:59.121-04:00 DEBUG 19228 --- [financeai-backend] [nio-8081-exec-4] o.s.web.servlet.DispatcherServlet        : POST "/api/analisis-financiero?usuarioId=USR0001", parameters={masked}
2026-07-31T11:01:59.121-04:00 DEBUG 19228 --- [financeai-backend] [nio-8081-exec-4] s.w.s.m.m.a.RequestMappingHandlerMapping : Mapped to com.financeai.controller.AnalisisController#analizarFinanzas(AnalisisRequest, String)
2026-07-31T11:01:59.126-04:00 DEBUG 19228 --- [financeai-backend] [nio-8081-exec-4] m.m.a.RequestResponseBodyMethodProcessor : Read "application/json;charset=UTF-8" to [com.financeai.dto.AnalisisRequest@265a90fa]
2026-07-31T11:01:59.565-04:00 DEBUG 19228 --- [financeai-backend] [nio-8081-exec-4] o.s.web.client.DefaultRestClient         : Reading to [java.util.Map<?, ?>]
2026-07-31T11:01:59.566-04:00 DEBUG 19228 --- [financeai-backend] [nio-8081-exec-4] o.s.web.client.DefaultRestClient         : Writing [{monto=1153.72, medio_pago=desconocido, descripcion=Articulos para el hogar, fecha=2025-09-28, recurrente=no}] as "application/json" with org.springframework.http.converter.json.MappingJackson2HttpMessageConverter
2026-07-31T11:02:03.511-04:00  WARN 19228 --- [financeai-backend] [nio-8081-exec-8] com.financeai.service.AnalisisService    : Falló /predict/category para 'Articulos para el hogar', se usa regla: Error while extracting response for type [com.financeai.dto.ml.MlPredictResponse] and content type [application/octet-stream]
2026-07-31T11:02:03.512-04:00 DEBUG 19228 --- [financeai-backend] [nio-8081-exec-8] o.s.web.client.DefaultRestClient         : Writing [{monto=57.26, medio_pago=desconocido, descripcion=Compra de libros, fecha=2026-07-02, recurrente=no}] as "application/json" with org.springframework.http.converter.json.MappingJackson2HttpMessageConverter
2026-07-31T11:02:04.574-04:00  WARN 19228 --- [financeai-backend] [nio-8081-exec-4] com.financeai.service.AnalisisService    : Falló /predict/category para 'Articulos para el hogar', se usa regla: Error while extracting response for type [com.financeai.dto.ml.MlPredictResponse] and content type [application/octet-stream]
2026-07-31T11:02:04.575-04:00 DEBUG 19228 --- [financeai-backend] [nio-8081-exec-4] o.s.web.client.DefaultRestClient         : Writing [{monto=57.26, medio_pago=desconocido, descripcion=Compra de libros, fecha=2026-07-02, recurrente=no}] as "application/json" with org.springframework.http.converter.json.MappingJackson2HttpMessageConverter
2026-07-31T11:02:08.521-04:00  WARN 19228 --- [financeai-backend] [nio-8081-exec-8] com.financeai.service.AnalisisService    : Falló /predict/category para 'Compra de libros', se usa regla: Error while extracting response for type [com.financeai.dto.ml.MlPredictResponse] and content type [application/octet-stream]
2026-07-31T11:02:08.521-04:00 DEBUG 19228 --- [financeai-backend] [nio-8081-exec-8] o.s.web.client.DefaultRestClient         : Writing [{monto=499.62, medio_pago=desconocido, descripcion=Curso virtual, fecha=2026-05-10, recurrente=no}] as "application/json" with org.springframework.http.converter.json.MappingJackson2HttpMessageConverter
2026-07-31T11:02:09.586-04:00  WARN 19228 --- [financeai-backend] [nio-8081-exec-4] com.financeai.service.AnalisisService    : Falló /predict/category para 'Compra de libros', se usa regla: Error while extracting response for type [com.financeai.dto.ml.MlPredictResponse] and content type [application/octet-stream]
2026-07-31T11:02:09.588-04:00 DEBUG 19228 --- [financeai-backend] [nio-8081-exec-4] o.s.web.client.DefaultRestClient         : Writing [{monto=499.62, medio_pago=desconocido, descripcion=Curso virtual, fecha=2026-05-10, recurrente=no}] as "application/json" with org.springframework.http.converter.json.MappingJackson2HttpMessageConverter
2026-07-31T11:02:13.541-04:00  WARN 19228 --- [financeai-backend] [nio-8081-exec-8] com.financeai.service.AnalisisService    : Falló /predict/category para 'Curso virtual', se usa regla: Error while extracting response for type [com.financeai.dto.ml.MlPredictResponse] and content type [application/octet-stream]
2026-07-31T11:02:13.542-04:00 DEBUG 19228 --- [financeai-backend] [nio-8081-exec-8] o.s.web.client.DefaultRestClient         : Writing [{monto=211.34, medio_pago=desconocido, descripcion=Alquiler, fecha=2025-12-31, recurrente=no}] as "application/json" with org.springframework.http.converter.json.MappingJackson2HttpMessageConverter
2026-07-31T11:02:14.494-04:00 DEBUG 19228 --- [financeai-backend] [nio-8081-exec-8] o.s.web.client.DefaultRestClient         : Reading to [com.financeai.dto.ml.MlPredictResponse]
2026-07-31T11:02:14.494-04:00 DEBUG 19228 --- [financeai-backend] [nio-8081-exec-8] o.s.web.client.DefaultRestClient         : Writing [{monto=760.14, medio_pago=desconocido, descripcion=Artículos escolares, fecha=2025-10-07, recurrente=no}] as "application/json" with org.springframework.http.converter.json.MappingJackson2HttpMessageConverter
2026-07-31T11:02:14.593-04:00  WARN 19228 --- [financeai-backend] [nio-8081-exec-4] com.financeai.service.AnalisisService    : Falló /predict/category para 'Curso virtual', se usa regla: Error while extracting response for type [com.financeai.dto.ml.MlPredictResponse] and content type [application/octet-stream]
2026-07-31T11:02:14.626-04:00 DEBUG 19228 --- [financeai-backend] [nio-8081-exec-8] o.s.web.client.DefaultRestClient         : Reading to [com.financeai.dto.ml.MlPredictResponse]
2026-07-31T11:02:14.641-04:00 DEBUG 19228 --- [financeai-backend] [nio-8081-exec-4] o.s.web.client.DefaultRestClient         : Writing [{monto=211.34, medio_pago=desconocido, descripcion=Alquiler, fecha=2025-12-31, recurrente=no}] as "application/json" with org.springframework.http.converter.json.MappingJackson2HttpMessageConverter
2026-07-31T11:02:14.645-04:00 DEBUG 19228 --- [financeai-backend] [nio-8081-exec-8] o.s.web.client.DefaultRestClient         : Writing [{monto=136.89, medio_pago=desconocido, descripcion=Carga de transporte, fecha=2026-05-11, recurrente=no}] as "application/json" with org.springframework.http.converter.json.MappingJackson2HttpMessageConverter
2026-07-31T11:02:14.744-04:00 DEBUG 19228 --- [financeai-backend] [nio-8081-exec-4] o.s.web.client.DefaultRestClient         : Reading to [com.financeai.dto.ml.MlPredictResponse]
2026-07-31T11:02:14.758-04:00 DEBUG 19228 --- [financeai-backend] [nio-8081-exec-8] o.s.web.client.DefaultRestClient         : Reading to [com.financeai.dto.ml.MlPredictResponse]
2026-07-31T11:02:14.758-04:00 DEBUG 19228 --- [financeai-backend] [nio-8081-exec-4] o.s.web.client.DefaultRestClient         : Writing [{monto=760.14, medio_pago=desconocido, descripcion=Artículos escolares, fecha=2025-10-07, recurrente=no}] as "application/json" with org.springframework.http.converter.json.MappingJackson2HttpMessageConverter
2026-07-31T11:02:14.761-04:00 DEBUG 19228 --- [financeai-backend] [nio-8081-exec-8] o.s.web.client.DefaultRestClient         : Writing [{monto=174.83, medio_pago=desconocido, descripcion=Compra en comercio de alimentos, fecha=2025-09-29, recurrente=no}] as "application/json" with org.springframework.http.converter.json.MappingJackson2HttpMessageConverter
2026-07-31T11:02:14.793-04:00 DEBUG 19228 --- [financeai-backend] [nio-8081-exec-8] o.s.web.client.DefaultRestClient         : Reading to [com.financeai.dto.ml.MlPredictResponse]
2026-07-31T11:02:14.793-04:00 DEBUG 19228 --- [financeai-backend] [nio-8081-exec-4] o.s.web.client.DefaultRestClient         : Reading to [com.financeai.dto.ml.MlPredictResponse]
2026-07-31T11:02:14.793-04:00 DEBUG 19228 --- [financeai-backend] [nio-8081-exec-8] o.s.web.client.DefaultRestClient         : Writing [{monto=133.34, medio_pago=desconocido, descripcion=Remedios, fecha=2025-12-28, recurrente=no}] as "application/json" with org.springframework.http.converter.json.MappingJackson2HttpMessageConverter
2026-07-31T11:02:14.793-04:00 DEBUG 19228 --- [financeai-backend] [nio-8081-exec-4] o.s.web.client.DefaultRestClient         : Writing [{monto=136.89, medio_pago=desconocido, descripcion=Carga de transporte, fecha=2026-05-11, recurrente=no}] as "application/json" with org.springframework.http.converter.json.MappingJackson2HttpMessageConverter
2026-07-31T11:02:14.826-04:00 DEBUG 19228 --- [financeai-backend] [nio-8081-exec-4] o.s.web.client.DefaultRestClient         : Reading to [com.financeai.dto.ml.MlPredictResponse]
2026-07-31T11:02:14.826-04:00 DEBUG 19228 --- [financeai-backend] [nio-8081-exec-8] o.s.web.client.DefaultRestClient         : Reading to [com.financeai.dto.ml.MlPredictResponse]
2026-07-31T11:02:14.826-04:00 DEBUG 19228 --- [financeai-backend] [nio-8081-exec-4] o.s.web.client.DefaultRestClient         : Writing [{monto=174.83, medio_pago=desconocido, descripcion=Compra en comercio de alimentos, fecha=2025-09-29, recurrente=no}] as "application/json" with org.springframework.http.converter.json.MappingJackson2HttpMessageConverter
2026-07-31T11:02:14.826-04:00 DEBUG 19228 --- [financeai-backend] [nio-8081-exec-8] o.s.web.client.DefaultRestClient         : Writing [{monto=136.51, medio_pago=desconocido, descripcion=Café con amigos, fecha=2025-08-17, recurrente=no}] as "application/json" with org.springframework.http.converter.json.MappingJackson2HttpMessageConverter
2026-07-31T11:02:15.244-04:00 DEBUG 19228 --- [financeai-backend] [nio-8081-exec-4] o.s.web.client.DefaultRestClient         : Reading to [com.financeai.dto.ml.MlPredictResponse]
2026-07-31T11:02:15.244-04:00 DEBUG 19228 --- [financeai-backend] [nio-8081-exec-4] o.s.web.client.DefaultRestClient         : Writing [{monto=133.34, medio_pago=desconocido, descripcion=Remedios, fecha=2025-12-28, recurrente=no}] as "application/json" with org.springframework.http.converter.json.MappingJackson2HttpMessageConverter
2026-07-31T11:02:15.351-04:00 DEBUG 19228 --- [financeai-backend] [nio-8081-exec-8] o.s.web.client.DefaultRestClient         : Reading to [com.financeai.dto.ml.MlPredictResponse]
2026-07-31T11:02:15.353-04:00 DEBUG 19228 --- [financeai-backend] [nio-8081-exec-8] o.s.web.client.DefaultRestClient         : Writing [{monto=669.22, medio_pago=desconocido, descripcion=Inscripción a curso, fecha=2025-12-24, recurrente=no}] as "application/json" with org.springframework.http.converter.json.MappingJackson2HttpMessageConverter
2026-07-31T11:02:15.439-04:00 DEBUG 19228 --- [financeai-backend] [nio-8081-exec-4] o.s.web.client.DefaultRestClient         : Reading to [com.financeai.dto.ml.MlPredictResponse]
2026-07-31T11:02:15.444-04:00 DEBUG 19228 --- [financeai-backend] [nio-8081-exec-4] o.s.web.client.DefaultRestClient         : Writing [{monto=136.51, medio_pago=desconocido, descripcion=Café con amigos, fecha=2025-08-17, recurrente=no}] as "application/json" with org.springframework.http.converter.json.MappingJackson2HttpMessageConverter
2026-07-31T11:02:15.466-04:00 DEBUG 19228 --- [financeai-backend] [nio-8081-exec-8] o.s.web.client.DefaultRestClient         : Reading to [com.financeai.dto.ml.MlPredictResponse]
2026-07-31T11:02:15.468-04:00 DEBUG 19228 --- [financeai-backend] [nio-8081-exec-8] o.s.web.client.DefaultRestClient         : Writing [{monto=350.21, medio_pago=desconocido, descripcion=Pago de electricidad, fecha=2025-11-22, recurrente=no}] as "application/json" with org.springframework.http.converter.json.MappingJackson2HttpMessageConverter
2026-07-31T11:02:15.487-04:00 DEBUG 19228 --- [financeai-backend] [nio-8081-exec-4] o.s.web.client.DefaultRestClient         : Reading to [com.financeai.dto.ml.MlPredictResponse]
2026-07-31T11:02:15.488-04:00 DEBUG 19228 --- [financeai-backend] [nio-8081-exec-8] o.s.web.client.DefaultRestClient         : Reading to [com.financeai.dto.ml.MlPredictResponse]
2026-07-31T11:02:15.488-04:00 DEBUG 19228 --- [financeai-backend] [nio-8081-exec-4] o.s.web.client.DefaultRestClient         : Writing [{monto=669.22, medio_pago=desconocido, descripcion=Inscripción a curso, fecha=2025-12-24, recurrente=no}] as "application/json" with org.springframework.http.converter.json.MappingJackson2HttpMessageConverter
2026-07-31T11:02:15.491-04:00 DEBUG 19228 --- [financeai-backend] [nio-8081-exec-8] o.s.web.client.DefaultRestClient         : Writing [{monto=231.73, medio_pago=desconocido, descripcion=Inscripcion a curso, fecha=2025-12-06, recurrente=no}] as "application/json" with org.springframework.http.converter.json.MappingJackson2HttpMessageConverter
2026-07-31T11:02:15.527-04:00 DEBUG 19228 --- [financeai-backend] [nio-8081-exec-8] o.s.web.client.DefaultRestClient         : Reading to [com.financeai.dto.ml.MlPredictResponse]
2026-07-31T11:02:15.527-04:00 DEBUG 19228 --- [financeai-backend] [nio-8081-exec-4] o.s.web.client.DefaultRestClient         : Reading to [com.financeai.dto.ml.MlPredictResponse]
2026-07-31T11:02:15.527-04:00 DEBUG 19228 --- [financeai-backend] [nio-8081-exec-4] o.s.web.client.DefaultRestClient         : Writing [{monto=350.21, medio_pago=desconocido, descripcion=Pago de electricidad, fecha=2025-11-22, recurrente=no}] as "application/json" with org.springframework.http.converter.json.MappingJackson2HttpMessageConverter
2026-07-31T11:02:15.527-04:00 DEBUG 19228 --- [financeai-backend] [nio-8081-exec-8] o.s.web.client.DefaultRestClient         : Writing [{monto=187.64, medio_pago=desconocido, descripcion=Salida al bar, fecha=2026-07-09, recurrente=no}] as "application/json" with org.springframework.http.converter.json.MappingJackson2HttpMessageConverter
2026-07-31T11:02:15.561-04:00 DEBUG 19228 --- [financeai-backend] [nio-8081-exec-8] o.s.web.client.DefaultRestClient         : Reading to [com.financeai.dto.ml.MlPredictResponse]
2026-07-31T11:02:15.561-04:00 DEBUG 19228 --- [financeai-backend] [nio-8081-exec-4] o.s.web.client.DefaultRestClient         : Reading to [com.financeai.dto.ml.MlPredictResponse]
2026-07-31T11:02:15.561-04:00 DEBUG 19228 --- [financeai-backend] [nio-8081-exec-8] o.s.web.client.DefaultRestClient         : Writing [{monto=397.25, medio_pago=desconocido, descripcion=Compra por internet, fecha=2025-08-28, recurrente=no}] as "application/json" with org.springframework.http.converter.json.MappingJackson2HttpMessageConverter
2026-07-31T11:02:15.561-04:00 DEBUG 19228 --- [financeai-backend] [nio-8081-exec-4] o.s.web.client.DefaultRestClient         : Writing [{monto=231.73, medio_pago=desconocido, descripcion=Inscripcion a curso, fecha=2025-12-06, recurrente=no}] as "application/json" with org.springframework.http.converter.json.MappingJackson2HttpMessageConverter
2026-07-31T11:02:15.593-04:00 DEBUG 19228 --- [financeai-backend] [nio-8081-exec-8] o.s.web.client.DefaultRestClient         : Reading to [com.financeai.dto.ml.MlPredictResponse]
2026-07-31T11:02:15.595-04:00 DEBUG 19228 --- [financeai-backend] [nio-8081-exec-4] o.s.web.client.DefaultRestClient         : Reading to [com.financeai.dto.ml.MlPredictResponse]
2026-07-31T11:02:15.595-04:00 DEBUG 19228 --- [financeai-backend] [nio-8081-exec-8] o.s.web.client.DefaultRestClient         : Writing [{monto=69.48, medio_pago=desconocido, descripcion=Estacionamiento, fecha=2025-08-14, recurrente=no}] as "application/json" with org.springframework.http.converter.json.MappingJackson2HttpMessageConverter
2026-07-31T11:02:15.595-04:00 DEBUG 19228 --- [financeai-backend] [nio-8081-exec-4] o.s.web.client.DefaultRestClient         : Writing [{monto=187.64, medio_pago=desconocido, descripcion=Salida al bar, fecha=2026-07-09, recurrente=no}] as "application/json" with org.springframework.http.converter.json.MappingJackson2HttpMessageConverter
2026-07-31T11:02:15.628-04:00 DEBUG 19228 --- [financeai-backend] [nio-8081-exec-8] o.s.web.client.DefaultRestClient         : Reading to [com.financeai.dto.ml.MlPredictResponse]
2026-07-31T11:02:15.628-04:00 DEBUG 19228 --- [financeai-backend] [nio-8081-exec-4] o.s.web.client.DefaultRestClient         : Reading to [com.financeai.dto.ml.MlPredictResponse]
2026-07-31T11:02:15.628-04:00 DEBUG 19228 --- [financeai-backend] [nio-8081-exec-8] o.s.web.client.DefaultRestClient         : Writing [{monto=12.65, medio_pago=desconocido, descripcion=Viaje por aplicacion, fecha=2026-01-09, recurrente=no}] as "application/json" with org.springframework.http.converter.json.MappingJackson2HttpMessageConverter
2026-07-31T11:02:15.628-04:00 DEBUG 19228 --- [financeai-backend] [nio-8081-exec-4] o.s.web.client.DefaultRestClient         : Writing [{monto=397.25, medio_pago=desconocido, descripcion=Compra por internet, fecha=2025-08-28, recurrente=no}] as "application/json" with org.springframework.http.converter.json.MappingJackson2HttpMessageConverter
2026-07-31T11:02:15.661-04:00 DEBUG 19228 --- [financeai-backend] [nio-8081-exec-8] o.s.web.client.DefaultRestClient         : Reading to [com.financeai.dto.ml.MlPredictResponse]
2026-07-31T11:02:15.661-04:00 DEBUG 19228 --- [financeai-backend] [nio-8081-exec-4] o.s.web.client.DefaultRestClient         : Reading to [com.financeai.dto.ml.MlPredictResponse]
2026-07-31T11:02:15.661-04:00 DEBUG 19228 --- [financeai-backend] [nio-8081-exec-8] o.s.web.client.DefaultRestClient         : Writing [{monto=140.99, medio_pago=desconocido, descripcion=Factura de gas, fecha=2026-04-20, recurrente=no}] as "application/json" with org.springframework.http.converter.json.MappingJackson2HttpMessageConverter
2026-07-31T11:02:15.661-04:00 DEBUG 19228 --- [financeai-backend] [nio-8081-exec-4] o.s.web.client.DefaultRestClient         : Writing [{monto=69.48, medio_pago=desconocido, descripcion=Estacionamiento, fecha=2025-08-14, recurrente=no}] as "application/json" with org.springframework.http.converter.json.MappingJackson2HttpMessageConverter
2026-07-31T11:02:15.695-04:00 DEBUG 19228 --- [financeai-backend] [nio-8081-exec-8] o.s.web.client.DefaultRestClient         : Reading to [com.financeai.dto.ml.MlPredictResponse]
2026-07-31T11:02:15.695-04:00 DEBUG 19228 --- [financeai-backend] [nio-8081-exec-4] o.s.web.client.DefaultRestClient         : Reading to [com.financeai.dto.ml.MlPredictResponse]
2026-07-31T11:02:15.695-04:00 DEBUG 19228 --- [financeai-backend] [nio-8081-exec-8] o.s.web.client.DefaultRestClient         : Writing [{monto=13.34, medio_pago=desconocido, descripcion=Pasaje de tren, fecha=2026-01-14, recurrente=no}] as "application/json" with org.springframework.http.converter.json.MappingJackson2HttpMessageConverter
2026-07-31T11:02:15.695-04:00 DEBUG 19228 --- [financeai-backend] [nio-8081-exec-4] o.s.web.client.DefaultRestClient         : Writing [{monto=12.65, medio_pago=desconocido, descripcion=Viaje por aplicacion, fecha=2026-01-09, recurrente=no}] as "application/json" with org.springframework.http.converter.json.MappingJackson2HttpMessageConverter
2026-07-31T11:02:15.728-04:00 DEBUG 19228 --- [financeai-backend] [nio-8081-exec-4] o.s.web.client.DefaultRestClient         : Reading to [com.financeai.dto.ml.MlPredictResponse]
2026-07-31T11:02:15.728-04:00 DEBUG 19228 --- [financeai-backend] [nio-8081-exec-8] o.s.web.client.DefaultRestClient         : Reading to [com.financeai.dto.ml.MlPredictResponse]
2026-07-31T11:02:15.728-04:00 DEBUG 19228 --- [financeai-backend] [nio-8081-exec-8] o.s.web.client.DefaultRestClient         : Writing [{monto=241.16, medio_pago=desconocido, descripcion=Aporte solidario, fecha=2025-10-18, recurrente=no}] as "application/json" with org.springframework.http.converter.json.MappingJackson2HttpMessageConverter
2026-07-31T11:02:15.728-04:00 DEBUG 19228 --- [financeai-backend] [nio-8081-exec-4] o.s.web.client.DefaultRestClient         : Writing [{monto=140.99, medio_pago=desconocido, descripcion=Factura de gas, fecha=2026-04-20, recurrente=no}] as "application/json" with org.springframework.http.converter.json.MappingJackson2HttpMessageConverter
2026-07-31T11:02:15.761-04:00 DEBUG 19228 --- [financeai-backend] [nio-8081-exec-8] o.s.web.client.DefaultRestClient         : Reading to [com.financeai.dto.ml.MlPredictResponse]
2026-07-31T11:02:15.761-04:00 DEBUG 19228 --- [financeai-backend] [nio-8081-exec-4] o.s.web.client.DefaultRestClient         : Reading to [com.financeai.dto.ml.MlPredictResponse]
2026-07-31T11:02:15.761-04:00 DEBUG 19228 --- [financeai-backend] [nio-8081-exec-8] o.s.web.client.DefaultRestClient         : Writing [{monto=563.23, medio_pago=desconocido, descripcion=Consulta médica, fecha=2025-10-18, recurrente=no}] as "application/json" with org.springframework.http.converter.json.MappingJackson2HttpMessageConverter
2026-07-31T11:02:15.761-04:00 DEBUG 19228 --- [financeai-backend] [nio-8081-exec-4] o.s.web.client.DefaultRestClient         : Writing [{monto=13.34, medio_pago=desconocido, descripcion=Pasaje de tren, fecha=2026-01-14, recurrente=no}] as "application/json" with org.springframework.http.converter.json.MappingJackson2HttpMessageConverter
2026-07-31T11:02:15.795-04:00 DEBUG 19228 --- [financeai-backend] [nio-8081-exec-4] o.s.web.client.DefaultRestClient         : Reading to [com.financeai.dto.ml.MlPredictResponse]
2026-07-31T11:02:15.795-04:00 DEBUG 19228 --- [financeai-backend] [nio-8081-exec-8] o.s.web.client.DefaultRestClient         : Reading to [com.financeai.dto.ml.MlPredictResponse]
2026-07-31T11:02:15.795-04:00 DEBUG 19228 --- [financeai-backend] [nio-8081-exec-4] o.s.web.client.DefaultRestClient         : Writing [{monto=241.16, medio_pago=desconocido, descripcion=Aporte solidario, fecha=2025-10-18, recurrente=no}] as "application/json" with org.springframework.http.converter.json.MappingJackson2HttpMessageConverter
2026-07-31T11:02:15.795-04:00 DEBUG 19228 --- [financeai-backend] [nio-8081-exec-8] o.s.web.client.DefaultRestClient         : Writing [{monto=9.38, medio_pago=desconocido, descripcion=Compra de videojuego, fecha=2026-03-20, recurrente=no}] as "application/json" with org.springframework.http.converter.json.MappingJackson2HttpMessageConverter
2026-07-31T11:02:15.828-04:00 DEBUG 19228 --- [financeai-backend] [nio-8081-exec-4] o.s.web.client.DefaultRestClient         : Reading to [com.financeai.dto.ml.MlPredictResponse]
2026-07-31T11:02:15.828-04:00 DEBUG 19228 --- [financeai-backend] [nio-8081-exec-8] o.s.web.client.DefaultRestClient         : Reading to [com.financeai.dto.ml.MlPredictResponse]
2026-07-31T11:02:15.828-04:00 DEBUG 19228 --- [financeai-backend] [nio-8081-exec-8] o.s.web.client.DefaultRestClient         : Writing [{monto=1045.07, medio_pago=desconocido, descripcion=Arreglo del hogar, fecha=2025-09-07, recurrente=no}] as "application/json" with org.springframework.http.converter.json.MappingJackson2HttpMessageConverter
2026-07-31T11:02:15.828-04:00 DEBUG 19228 --- [financeai-backend] [nio-8081-exec-4] o.s.web.client.DefaultRestClient         : Writing [{monto=563.23, medio_pago=desconocido, descripcion=Consulta médica, fecha=2025-10-18, recurrente=no}] as "application/json" with org.springframework.http.converter.json.MappingJackson2HttpMessageConverter
2026-07-31T11:02:15.862-04:00 DEBUG 19228 --- [financeai-backend] [nio-8081-exec-8] o.s.web.client.DefaultRestClient         : Reading to [com.financeai.dto.ml.MlPredictResponse]
2026-07-31T11:02:15.862-04:00 DEBUG 19228 --- [financeai-backend] [nio-8081-exec-4] o.s.web.client.DefaultRestClient         : Reading to [com.financeai.dto.ml.MlPredictResponse]
2026-07-31T11:02:15.862-04:00 DEBUG 19228 --- [financeai-backend] [nio-8081-exec-8] o.s.web.client.DefaultRestClient         : Writing [{monto=67.89, medio_pago=desconocido, descripcion=Carniceria, fecha=2025-08-12, recurrente=no}] as "application/json" with org.springframework.http.converter.json.MappingJackson2HttpMessageConverter
2026-07-31T11:02:15.862-04:00 DEBUG 19228 --- [financeai-backend] [nio-8081-exec-4] o.s.web.client.DefaultRestClient         : Writing [{monto=9.38, medio_pago=desconocido, descripcion=Compra de videojuego, fecha=2026-03-20, recurrente=no}] as "application/json" with org.springframework.http.converter.json.MappingJackson2HttpMessageConverter
2026-07-31T11:02:15.895-04:00 DEBUG 19228 --- [financeai-backend] [nio-8081-exec-4] o.s.web.client.DefaultRestClient         : Reading to [com.financeai.dto.ml.MlPredictResponse]
2026-07-31T11:02:15.895-04:00 DEBUG 19228 --- [financeai-backend] [nio-8081-exec-8] o.s.web.client.DefaultRestClient         : Reading to [com.financeai.dto.ml.MlPredictResponse]
2026-07-31T11:02:15.895-04:00 DEBUG 19228 --- [financeai-backend] [nio-8081-exec-4] o.s.web.client.DefaultRestClient         : Writing [{monto=1045.07, medio_pago=desconocido, descripcion=Arreglo del hogar, fecha=2025-09-07, recurrente=no}] as "application/json" with org.springframework.http.converter.json.MappingJackson2HttpMessageConverter
2026-07-31T11:02:15.895-04:00 DEBUG 19228 --- [financeai-backend] [nio-8081-exec-8] o.s.web.client.DefaultRestClient         : Writing [{monto=36.49, medio_pago=desconocido, descripcion=Cafecito, fecha=2025-12-09, recurrente=no}] as "application/json" with org.springframework.http.converter.json.MappingJackson2HttpMessageConverter
2026-07-31T11:02:15.928-04:00 DEBUG 19228 --- [financeai-backend] [nio-8081-exec-8] o.s.web.client.DefaultRestClient         : Reading to [com.financeai.dto.ml.MlPredictResponse]
2026-07-31T11:02:15.928-04:00 DEBUG 19228 --- [financeai-backend] [nio-8081-exec-8] o.s.web.client.DefaultRestClient         : Writing [{monto=58.09, medio_pago=desconocido, descripcion=Cafe, fecha=2026-07-15, recurrente=no}] as "application/json" with org.springframework.http.converter.json.MappingJackson2HttpMessageConverter
2026-07-31T11:02:15.928-04:00 DEBUG 19228 --- [financeai-backend] [nio-8081-exec-4] o.s.web.client.DefaultRestClient         : Reading to [com.financeai.dto.ml.MlPredictResponse]
2026-07-31T11:02:15.928-04:00 DEBUG 19228 --- [financeai-backend] [nio-8081-exec-4] o.s.web.client.DefaultRestClient         : Writing [{monto=67.89, medio_pago=desconocido, descripcion=Carniceria, fecha=2025-08-12, recurrente=no}] as "application/json" with org.springframework.http.converter.json.MappingJackson2HttpMessageConverter
2026-07-31T11:02:15.961-04:00 DEBUG 19228 --- [financeai-backend] [nio-8081-exec-8] o.s.web.client.DefaultRestClient         : Reading to [com.financeai.dto.ml.MlPredictResponse]
2026-07-31T11:02:15.961-04:00 DEBUG 19228 --- [financeai-backend] [nio-8081-exec-4] o.s.web.client.DefaultRestClient         : Reading to [com.financeai.dto.ml.MlPredictResponse]
2026-07-31T11:02:15.961-04:00 DEBUG 19228 --- [financeai-backend] [nio-8081-exec-8] o.s.web.client.DefaultRestClient         : Writing [{monto=690.83, medio_pago=desconocido, descripcion=Compra de medicamentos, fecha=2026-03-10, recurrente=no}] as "application/json" with org.springframework.http.converter.json.MappingJackson2HttpMessageConverter
2026-07-31T11:02:15.961-04:00 DEBUG 19228 --- [financeai-backend] [nio-8081-exec-4] o.s.web.client.DefaultRestClient         : Writing [{monto=36.49, medio_pago=desconocido, descripcion=Cafecito, fecha=2025-12-09, recurrente=no}] as "application/json" with org.springframework.http.converter.json.MappingJackson2HttpMessageConverter
2026-07-31T11:02:15.995-04:00 DEBUG 19228 --- [financeai-backend] [nio-8081-exec-4] o.s.web.client.DefaultRestClient         : Reading to [com.financeai.dto.ml.MlPredictResponse]
2026-07-31T11:02:15.995-04:00 DEBUG 19228 --- [financeai-backend] [nio-8081-exec-8] o.s.web.client.DefaultRestClient         : Reading to [com.financeai.dto.ml.MlPredictResponse]
2026-07-31T11:02:15.995-04:00 DEBUG 19228 --- [financeai-backend] [nio-8081-exec-4] o.s.web.client.DefaultRestClient         : Writing [{monto=58.09, medio_pago=desconocido, descripcion=Cafe, fecha=2026-07-15, recurrente=no}] as "application/json" with org.springframework.http.converter.json.MappingJackson2HttpMessageConverter
2026-07-31T11:02:15.995-04:00 DEBUG 19228 --- [financeai-backend] [nio-8081-exec-8] o.s.web.client.DefaultRestClient         : Writing [{monto=786.35, medio_pago=desconocido, descripcion=Obligación financiera, fecha=2026-06-29, recurrente=no}] as "application/json" with org.springframework.http.converter.json.MappingJackson2HttpMessageConverter
2026-07-31T11:02:16.028-04:00 DEBUG 19228 --- [financeai-backend] [nio-8081-exec-8] o.s.web.client.DefaultRestClient         : Reading to [com.financeai.dto.ml.MlPredictResponse]
2026-07-31T11:02:16.028-04:00 DEBUG 19228 --- [financeai-backend] [nio-8081-exec-4] o.s.web.client.DefaultRestClient         : Reading to [com.financeai.dto.ml.MlPredictResponse]
2026-07-31T11:02:16.028-04:00 DEBUG 19228 --- [financeai-backend] [nio-8081-exec-8] o.s.web.client.DefaultRestClient         : Writing [{monto=761.06, medio_pago=desconocido, descripcion=Gastos comunes, fecha=2025-11-18, recurrente=no}] as "application/json" with org.springframework.http.converter.json.MappingJackson2HttpMessageConverter
2026-07-31T11:02:16.028-04:00 DEBUG 19228 --- [financeai-backend] [nio-8081-exec-4] o.s.web.client.DefaultRestClient         : Writing [{monto=690.83, medio_pago=desconocido, descripcion=Compra de medicamentos, fecha=2026-03-10, recurrente=no}] as "application/json" with org.springframework.http.converter.json.MappingJackson2HttpMessageConverter
2026-07-31T11:02:16.062-04:00 DEBUG 19228 --- [financeai-backend] [nio-8081-exec-8] o.s.web.client.DefaultRestClient         : Reading to [com.financeai.dto.ml.MlPredictResponse]
2026-07-31T11:02:16.062-04:00 DEBUG 19228 --- [financeai-backend] [nio-8081-exec-4] o.s.web.client.DefaultRestClient         : Reading to [com.financeai.dto.ml.MlPredictResponse]
2026-07-31T11:02:16.062-04:00 DEBUG 19228 --- [financeai-backend] [nio-8081-exec-8] o.s.web.client.DefaultRestClient         : Writing [{monto=161.11, medio_pago=desconocido, descripcion=Entretenimiento, fecha=2026-04-12, recurrente=no}] as "application/json" with org.springframework.http.converter.json.MappingJackson2HttpMessageConverter
2026-07-31T11:02:16.062-04:00 DEBUG 19228 --- [financeai-backend] [nio-8081-exec-4] o.s.web.client.DefaultRestClient         : Writing [{monto=786.35, medio_pago=desconocido, descripcion=Obligación financiera, fecha=2026-06-29, recurrente=no}] as "application/json" with org.springframework.http.converter.json.MappingJackson2HttpMessageConverter
2026-07-31T11:02:16.095-04:00 DEBUG 19228 --- [financeai-backend] [nio-8081-exec-4] o.s.web.client.DefaultRestClient         : Reading to [com.financeai.dto.ml.MlPredictResponse]
2026-07-31T11:02:16.095-04:00 DEBUG 19228 --- [financeai-backend] [nio-8081-exec-8] o.s.web.client.DefaultRestClient         : Reading to [com.financeai.dto.ml.MlPredictResponse]
2026-07-31T11:02:16.095-04:00 DEBUG 19228 --- [financeai-backend] [nio-8081-exec-4] o.s.web.client.DefaultRestClient         : Writing [{monto=761.06, medio_pago=desconocido, descripcion=Gastos comunes, fecha=2025-11-18, recurrente=no}] as "application/json" with org.springframework.http.converter.json.MappingJackson2HttpMessageConverter
2026-07-31T11:02:16.095-04:00 DEBUG 19228 --- [financeai-backend] [nio-8081-exec-8] o.s.web.client.DefaultRestClient         : Writing [{monto=304.2, medio_pago=desconocido, descripcion=Consulta medica, fecha=2026-05-26, recurrente=no}] as "application/json" with org.springframework.http.converter.json.MappingJackson2HttpMessageConverter
2026-07-31T11:02:16.129-04:00 DEBUG 19228 --- [financeai-backend] [nio-8081-exec-4] o.s.web.client.DefaultRestClient         : Reading to [com.financeai.dto.ml.MlPredictResponse]
2026-07-31T11:02:16.129-04:00 DEBUG 19228 --- [financeai-backend] [nio-8081-exec-8] o.s.web.client.DefaultRestClient         : Reading to [com.financeai.dto.ml.MlPredictResponse]
2026-07-31T11:02:16.129-04:00 DEBUG 19228 --- [financeai-backend] [nio-8081-exec-4] o.s.web.client.DefaultRestClient         : Writing [{monto=161.11, medio_pago=desconocido, descripcion=Entretenimiento, fecha=2026-04-12, recurrente=no}] as "application/json" with org.springframework.http.converter.json.MappingJackson2HttpMessageConverter
2026-07-31T11:02:16.129-04:00 DEBUG 19228 --- [financeai-backend] [nio-8081-exec-8] o.s.web.client.DefaultRestClient         : Writing [{monto=222.05, medio_pago=desconocido, descripcion=Combustible, fecha=2026-05-31, recurrente=no}] as "application/json" with org.springframework.http.converter.json.MappingJackson2HttpMessageConverter
2026-07-31T11:02:16.161-04:00 DEBUG 19228 --- [financeai-backend] [nio-8081-exec-4] o.s.web.client.DefaultRestClient         : Reading to [com.financeai.dto.ml.MlPredictResponse]
2026-07-31T11:02:16.161-04:00 DEBUG 19228 --- [financeai-backend] [nio-8081-exec-8] o.s.web.client.DefaultRestClient         : Reading to [com.financeai.dto.ml.MlPredictResponse]
2026-07-31T11:02:16.161-04:00 DEBUG 19228 --- [financeai-backend] [nio-8081-exec-4] o.s.web.client.DefaultRestClient         : Writing [{monto=304.2, medio_pago=desconocido, descripcion=Consulta medica, fecha=2026-05-26, recurrente=no}] as "application/json" with org.springframework.http.converter.json.MappingJackson2HttpMessageConverter
2026-07-31T11:02:16.161-04:00 DEBUG 19228 --- [financeai-backend] [nio-8081-exec-8] o.s.web.client.DefaultRestClient         : Writing [{monto=1248.08, medio_pago=desconocido, descripcion=Financiación, fecha=2026-04-03, recurrente=no}] as "application/json" with org.springframework.http.converter.json.MappingJackson2HttpMessageConverter
2026-07-31T11:02:16.195-04:00 DEBUG 19228 --- [financeai-backend] [nio-8081-exec-4] o.s.web.client.DefaultRestClient         : Reading to [com.financeai.dto.ml.MlPredictResponse]
2026-07-31T11:02:16.195-04:00 DEBUG 19228 --- [financeai-backend] [nio-8081-exec-8] o.s.web.client.DefaultRestClient         : Reading to [com.financeai.dto.ml.MlPredictResponse]
2026-07-31T11:02:16.195-04:00 DEBUG 19228 --- [financeai-backend] [nio-8081-exec-8] o.s.web.client.DefaultRestClient         : Writing [{monto=223.02, medio_pago=desconocido, descripcion=Pasaje de transporte, fecha=2026-07-16, recurrente=no}] as "application/json" with org.springframework.http.converter.json.MappingJackson2HttpMessageConverter
2026-07-31T11:02:16.195-04:00 DEBUG 19228 --- [financeai-backend] [nio-8081-exec-4] o.s.web.client.DefaultRestClient         : Writing [{monto=222.05, medio_pago=desconocido, descripcion=Combustible, fecha=2026-05-31, recurrente=no}] as "application/json" with org.springframework.http.converter.json.MappingJackson2HttpMessageConverter
2026-07-31T11:02:16.229-04:00 DEBUG 19228 --- [financeai-backend] [nio-8081-exec-8] o.s.web.client.DefaultRestClient         : Reading to [com.financeai.dto.ml.MlPredictResponse]
2026-07-31T11:02:16.229-04:00 DEBUG 19228 --- [financeai-backend] [nio-8081-exec-4] o.s.web.client.DefaultRestClient         : Reading to [com.financeai.dto.ml.MlPredictResponse]
2026-07-31T11:02:16.229-04:00 DEBUG 19228 --- [financeai-backend] [nio-8081-exec-8] o.s.web.client.DefaultRestClient         : Writing [{monto=905.56, medio_pago=desconocido, descripcion=Resumen de credito, fecha=2025-11-20, recurrente=no}] as "application/json" with org.springframework.http.converter.json.MappingJackson2HttpMessageConverter
2026-07-31T11:02:16.229-04:00 DEBUG 19228 --- [financeai-backend] [nio-8081-exec-4] o.s.web.client.DefaultRestClient         : Writing [{monto=1248.08, medio_pago=desconocido, descripcion=Financiación, fecha=2026-04-03, recurrente=no}] as "application/json" with org.springframework.http.converter.json.MappingJackson2HttpMessageConverter
2026-07-31T11:02:16.270-04:00 DEBUG 19228 --- [financeai-backend] [nio-8081-exec-8] o.s.web.client.DefaultRestClient         : Reading to [com.financeai.dto.ml.MlPredictResponse]
2026-07-31T11:02:16.270-04:00 DEBUG 19228 --- [financeai-backend] [nio-8081-exec-4] o.s.web.client.DefaultRestClient         : Reading to [com.financeai.dto.ml.MlPredictResponse]
2026-07-31T11:02:16.270-04:00 DEBUG 19228 --- [financeai-backend] [nio-8081-exec-4] o.s.web.client.DefaultRestClient         : Writing [{monto=223.02, medio_pago=desconocido, descripcion=Pasaje de transporte, fecha=2026-07-16, recurrente=no}] as "application/json" with org.springframework.http.converter.json.MappingJackson2HttpMessageConverter
2026-07-31T11:02:16.270-04:00 DEBUG 19228 --- [financeai-backend] [nio-8081-exec-8] o.s.web.client.DefaultRestClient         : Writing [{monto=453.94, medio_pago=desconocido, descripcion=Curso online, fecha=2026-05-22, recurrente=no}] as "application/json" with org.springframework.http.converter.json.MappingJackson2HttpMessageConverter
2026-07-31T11:02:16.314-04:00 DEBUG 19228 --- [financeai-backend] [nio-8081-exec-4] o.s.web.client.DefaultRestClient         : Reading to [com.financeai.dto.ml.MlPredictResponse]
2026-07-31T11:02:16.314-04:00 DEBUG 19228 --- [financeai-backend] [nio-8081-exec-8] o.s.web.client.DefaultRestClient         : Reading to [com.financeai.dto.ml.MlPredictResponse]
2026-07-31T11:02:16.318-04:00 DEBUG 19228 --- [financeai-backend] [nio-8081-exec-8] o.s.web.client.DefaultRestClient         : Writing [{monto=60.57, medio_pago=desconocido, descripcion=Tomar cafe, fecha=2025-12-01, recurrente=no}] as "application/json" with org.springframework.http.converter.json.MappingJackson2HttpMessageConverter
2026-07-31T11:02:16.318-04:00 DEBUG 19228 --- [financeai-backend] [nio-8081-exec-4] o.s.web.client.DefaultRestClient         : Writing [{monto=905.56, medio_pago=desconocido, descripcion=Resumen de credito, fecha=2025-11-20, recurrente=no}] as "application/json" with org.springframework.http.converter.json.MappingJackson2HttpMessageConverter
2026-07-31T11:02:16.365-04:00 DEBUG 19228 --- [financeai-backend] [nio-8081-exec-8] o.s.web.client.DefaultRestClient         : Reading to [com.financeai.dto.ml.MlPredictResponse]
2026-07-31T11:02:16.365-04:00 DEBUG 19228 --- [financeai-backend] [nio-8081-exec-4] o.s.web.client.DefaultRestClient         : Reading to [com.financeai.dto.ml.MlPredictResponse]
2026-07-31T11:02:16.368-04:00 DEBUG 19228 --- [financeai-backend] [nio-8081-exec-4] o.s.web.client.DefaultRestClient         : Writing [{monto=453.94, medio_pago=desconocido, descripcion=Curso online, fecha=2026-05-22, recurrente=no}] as "application/json" with org.springframework.http.converter.json.MappingJackson2HttpMessageConverter
2026-07-31T11:02:16.368-04:00 DEBUG 19228 --- [financeai-backend] [nio-8081-exec-8] o.s.web.client.DefaultRestClient         : Writing [{monto=2121.09, medio_pago=desconocido, descripcion=Artículos para el hogar, fecha=2025-09-04, recurrente=no}] as "application/json" with org.springframework.http.converter.json.MappingJackson2HttpMessageConverter
2026-07-31T11:02:16.405-04:00 DEBUG 19228 --- [financeai-backend] [nio-8081-exec-8] o.s.web.client.DefaultRestClient         : Reading to [com.financeai.dto.ml.MlPredictResponse]
2026-07-31T11:02:16.406-04:00 DEBUG 19228 --- [financeai-backend] [nio-8081-exec-4] o.s.web.client.DefaultRestClient         : Reading to [com.financeai.dto.ml.MlPredictResponse]
2026-07-31T11:02:16.406-04:00 DEBUG 19228 --- [financeai-backend] [nio-8081-exec-8] o.s.web.client.DefaultRestClient         : Writing [{monto=2190.47, medio_pago=desconocido, descripcion=Intereses de deuda, fecha=2025-09-10, recurrente=no}] as "application/json" with org.springframework.http.converter.json.MappingJackson2HttpMessageConverter
2026-07-31T11:02:16.406-04:00 DEBUG 19228 --- [financeai-backend] [nio-8081-exec-4] o.s.web.client.DefaultRestClient         : Writing [{monto=60.57, medio_pago=desconocido, descripcion=Tomar cafe, fecha=2025-12-01, recurrente=no}] as "application/json" with org.springframework.http.converter.json.MappingJackson2HttpMessageConverter
2026-07-31T11:02:16.439-04:00 DEBUG 19228 --- [financeai-backend] [nio-8081-exec-8] o.s.web.client.DefaultRestClient         : Reading to [com.financeai.dto.ml.MlPredictResponse]
2026-07-31T11:02:16.439-04:00 DEBUG 19228 --- [financeai-backend] [nio-8081-exec-4] o.s.web.client.DefaultRestClient         : Reading to [com.financeai.dto.ml.MlPredictResponse]
2026-07-31T11:02:16.440-04:00 DEBUG 19228 --- [financeai-backend] [nio-8081-exec-8] o.s.web.client.DefaultRestClient         : Writing [{monto=134, medio_pago=desconocido, descripcion=Pago de agua, fecha=2025-09-07, recurrente=no}] as "application/json" with org.springframework.http.converter.json.MappingJackson2HttpMessageConverter
2026-07-31T11:02:16.441-04:00 DEBUG 19228 --- [financeai-backend] [nio-8081-exec-4] o.s.web.client.DefaultRestClient         : Writing [{monto=2121.09, medio_pago=desconocido, descripcion=Artículos para el hogar, fecha=2025-09-04, recurrente=no}] as "application/json" with org.springframework.http.converter.json.MappingJackson2HttpMessageConverter
2026-07-31T11:02:16.478-04:00 DEBUG 19228 --- [financeai-backend] [nio-8081-exec-8] o.s.web.client.DefaultRestClient         : Reading to [com.financeai.dto.ml.MlPredictResponse]
2026-07-31T11:02:16.478-04:00 DEBUG 19228 --- [financeai-backend] [nio-8081-exec-4] o.s.web.client.DefaultRestClient         : Reading to [com.financeai.dto.ml.MlPredictResponse]
2026-07-31T11:02:16.478-04:00 DEBUG 19228 --- [financeai-backend] [nio-8081-exec-8] o.s.web.client.DefaultRestClient         : Writing [{monto=216.91, medio_pago=desconocido, descripcion=Viaje por aplicación, fecha=2025-10-01, recurrente=no}] as "application/json" with org.springframework.http.converter.json.MappingJackson2HttpMessageConverter
2026-07-31T11:02:16.478-04:00 DEBUG 19228 --- [financeai-backend] [nio-8081-exec-4] o.s.web.client.DefaultRestClient         : Writing [{monto=2190.47, medio_pago=desconocido, descripcion=Intereses de deuda, fecha=2025-09-10, recurrente=no}] as "application/json" with org.springframework.http.converter.json.MappingJackson2HttpMessageConverter
2026-07-31T11:02:16.512-04:00 DEBUG 19228 --- [financeai-backend] [nio-8081-exec-4] o.s.web.client.DefaultRestClient         : Reading to [com.financeai.dto.ml.MlPredictResponse]
2026-07-31T11:02:16.512-04:00 DEBUG 19228 --- [financeai-backend] [nio-8081-exec-8] o.s.web.client.DefaultRestClient         : Reading to [com.financeai.dto.ml.MlPredictResponse]
2026-07-31T11:02:16.512-04:00 DEBUG 19228 --- [financeai-backend] [nio-8081-exec-4] o.s.web.client.DefaultRestClient         : Writing [{monto=134, medio_pago=desconocido, descripcion=Pago de agua, fecha=2025-09-07, recurrente=no}] as "application/json" with org.springframework.http.converter.json.MappingJackson2HttpMessageConverter
2026-07-31T11:02:16.512-04:00 DEBUG 19228 --- [financeai-backend] [nio-8081-exec-8] o.s.web.client.DefaultRestClient         : Writing [{monto=190.33, medio_pago=desconocido, descripcion=Cuota escolar, fecha=2025-11-20, recurrente=no}] as "application/json" with org.springframework.http.converter.json.MappingJackson2HttpMessageConverter
2026-07-31T11:02:16.545-04:00 DEBUG 19228 --- [financeai-backend] [nio-8081-exec-8] o.s.web.client.DefaultRestClient         : Reading to [com.financeai.dto.ml.MlPredictResponse]
2026-07-31T11:02:16.545-04:00 DEBUG 19228 --- [financeai-backend] [nio-8081-exec-4] o.s.web.client.DefaultRestClient         : Reading to [com.financeai.dto.ml.MlPredictResponse]
2026-07-31T11:02:16.545-04:00 DEBUG 19228 --- [financeai-backend] [nio-8081-exec-8] o.s.web.client.DefaultRestClient         : Writing [{monto=109.83, medio_pago=desconocido, descripcion=Compra en supermercado, fecha=2026-02-18, recurrente=no}] as "application/json" with org.springframework.http.converter.json.MappingJackson2HttpMessageConverter
2026-07-31T11:02:16.545-04:00 DEBUG 19228 --- [financeai-backend] [nio-8081-exec-4] o.s.web.client.DefaultRestClient         : Writing [{monto=216.91, medio_pago=desconocido, descripcion=Viaje por aplicación, fecha=2025-10-01, recurrente=no}] as "application/json" with org.springframework.http.converter.json.MappingJackson2HttpMessageConverter
2026-07-31T11:02:16.579-04:00 DEBUG 19228 --- [financeai-backend] [nio-8081-exec-8] o.s.web.client.DefaultRestClient         : Reading to [com.financeai.dto.ml.MlPredictResponse]
2026-07-31T11:02:16.579-04:00 DEBUG 19228 --- [financeai-backend] [nio-8081-exec-4] o.s.web.client.DefaultRestClient         : Reading to [com.financeai.dto.ml.MlPredictResponse]
2026-07-31T11:02:16.581-04:00 DEBUG 19228 --- [financeai-backend] [nio-8081-exec-4] o.s.web.client.DefaultRestClient         : Writing [{monto=190.33, medio_pago=desconocido, descripcion=Cuota escolar, fecha=2025-11-20, recurrente=no}] as "application/json" with org.springframework.http.converter.json.MappingJackson2HttpMessageConverter
2026-07-31T11:02:16.581-04:00 DEBUG 19228 --- [financeai-backend] [nio-8081-exec-8] o.s.web.client.DefaultRestClient         : Writing [{monto=21.69, medio_pago=desconocido, descripcion=Verduleria, fecha=2026-02-24, recurrente=no}] as "application/json" with org.springframework.http.converter.json.MappingJackson2HttpMessageConverter
2026-07-31T11:02:16.605-04:00 DEBUG 19228 --- [financeai-backend] [nio-8081-exec-8] o.s.web.client.DefaultRestClient         : Reading to [com.financeai.dto.ml.MlPredictResponse]
2026-07-31T11:02:16.605-04:00 DEBUG 19228 --- [financeai-backend] [nio-8081-exec-4] o.s.web.client.DefaultRestClient         : Reading to [com.financeai.dto.ml.MlPredictResponse]
2026-07-31T11:02:16.607-04:00 DEBUG 19228 --- [financeai-backend] [nio-8081-exec-4] o.s.web.client.DefaultRestClient         : Writing [{monto=109.83, medio_pago=desconocido, descripcion=Compra en supermercado, fecha=2026-02-18, recurrente=no}] as "application/json" with org.springframework.http.converter.json.MappingJackson2HttpMessageConverter
2026-07-31T11:02:16.607-04:00 DEBUG 19228 --- [financeai-backend] [nio-8081-exec-8] o.s.web.client.DefaultRestClient         : Writing [{monto=138.34, medio_pago=desconocido, descripcion=Tomar café, fecha=2026-02-01, recurrente=no}] as "application/json" with org.springframework.http.converter.json.MappingJackson2HttpMessageConverter
2026-07-31T11:02:16.641-04:00 DEBUG 19228 --- [financeai-backend] [nio-8081-exec-8] o.s.web.client.DefaultRestClient         : Reading to [com.financeai.dto.ml.MlPredictResponse]
2026-07-31T11:02:16.641-04:00 DEBUG 19228 --- [financeai-backend] [nio-8081-exec-4] o.s.web.client.DefaultRestClient         : Reading to [com.financeai.dto.ml.MlPredictResponse]
2026-07-31T11:02:16.641-04:00 DEBUG 19228 --- [financeai-backend] [nio-8081-exec-8] o.s.web.client.DefaultRestClient         : Writing [{monto=953.82, medio_pago=desconocido, descripcion=Pago de tarjeta de credito, fecha=2026-04-14, recurrente=no}] as "application/json" with org.springframework.http.converter.json.MappingJackson2HttpMessageConverter
2026-07-31T11:02:16.641-04:00 DEBUG 19228 --- [financeai-backend] [nio-8081-exec-4] o.s.web.client.DefaultRestClient         : Writing [{monto=21.69, medio_pago=desconocido, descripcion=Verduleria, fecha=2026-02-24, recurrente=no}] as "application/json" with org.springframework.http.converter.json.MappingJackson2HttpMessageConverter
2026-07-31T11:02:16.679-04:00 DEBUG 19228 --- [financeai-backend] [nio-8081-exec-4] o.s.web.client.DefaultRestClient         : Reading to [com.financeai.dto.ml.MlPredictResponse]
2026-07-31T11:02:16.679-04:00 DEBUG 19228 --- [financeai-backend] [nio-8081-exec-8] o.s.web.client.DefaultRestClient         : Reading to [com.financeai.dto.ml.MlPredictResponse]
2026-07-31T11:02:16.679-04:00 DEBUG 19228 --- [financeai-backend] [nio-8081-exec-8] o.s.web.client.DefaultRestClient         : Writing [{monto=63.25, medio_pago=desconocido, descripcion=Bar, fecha=2025-08-25, recurrente=no}] as "application/json" with org.springframework.http.converter.json.MappingJackson2HttpMessageConverter
2026-07-31T11:02:16.679-04:00 DEBUG 19228 --- [financeai-backend] [nio-8081-exec-4] o.s.web.client.DefaultRestClient         : Writing [{monto=138.34, medio_pago=desconocido, descripcion=Tomar café, fecha=2026-02-01, recurrente=no}] as "application/json" with org.springframework.http.converter.json.MappingJackson2HttpMessageConverter
2026-07-31T11:02:16.712-04:00 DEBUG 19228 --- [financeai-backend] [nio-8081-exec-8] o.s.web.client.DefaultRestClient         : Reading to [com.financeai.dto.ml.MlPredictResponse]
2026-07-31T11:02:16.712-04:00 DEBUG 19228 --- [financeai-backend] [nio-8081-exec-4] o.s.web.client.DefaultRestClient         : Reading to [com.financeai.dto.ml.MlPredictResponse]
2026-07-31T11:02:16.712-04:00 DEBUG 19228 --- [financeai-backend] [nio-8081-exec-8] o.s.web.client.DefaultRestClient         : Writing [{monto=8182.04, medio_pago=desconocido, descripcion=Material de estudio, fecha=2025-10-15, recurrente=no}] as "application/json" with org.springframework.http.converter.json.MappingJackson2HttpMessageConverter
2026-07-31T11:02:16.712-04:00 DEBUG 19228 --- [financeai-backend] [nio-8081-exec-4] o.s.web.client.DefaultRestClient         : Writing [{monto=953.82, medio_pago=desconocido, descripcion=Pago de tarjeta de credito, fecha=2026-04-14, recurrente=no}] as "application/json" with org.springframework.http.converter.json.MappingJackson2HttpMessageConverter
2026-07-31T11:02:16.746-04:00 DEBUG 19228 --- [financeai-backend] [nio-8081-exec-8] o.s.web.client.DefaultRestClient         : Reading to [com.financeai.dto.ml.MlPredictResponse]
2026-07-31T11:02:16.746-04:00 DEBUG 19228 --- [financeai-backend] [nio-8081-exec-4] o.s.web.client.DefaultRestClient         : Reading to [com.financeai.dto.ml.MlPredictResponse]
2026-07-31T11:02:16.746-04:00 DEBUG 19228 --- [financeai-backend] [nio-8081-exec-4] o.s.web.client.DefaultRestClient         : Writing [{monto=63.25, medio_pago=desconocido, descripcion=Bar, fecha=2025-08-25, recurrente=no}] as "application/json" with org.springframework.http.converter.json.MappingJackson2HttpMessageConverter
2026-07-31T11:02:16.746-04:00 DEBUG 19228 --- [financeai-backend] [nio-8081-exec-8] o.s.web.client.DefaultRestClient         : Writing [{monto=46.94, medio_pago=desconocido, descripcion=Carnicería, fecha=2025-12-31, recurrente=no}] as "application/json" with org.springframework.http.converter.json.MappingJackson2HttpMessageConverter
2026-07-31T11:02:16.779-04:00 DEBUG 19228 --- [financeai-backend] [nio-8081-exec-8] o.s.web.client.DefaultRestClient         : Reading to [com.financeai.dto.ml.MlPredictResponse]
2026-07-31T11:02:16.779-04:00 DEBUG 19228 --- [financeai-backend] [nio-8081-exec-4] o.s.web.client.DefaultRestClient         : Reading to [com.financeai.dto.ml.MlPredictResponse]
2026-07-31T11:02:16.779-04:00 DEBUG 19228 --- [financeai-backend] [nio-8081-exec-8] o.s.web.client.DefaultRestClient         : Writing [{monto=555.35, medio_pago=desconocido, descripcion=Retencion impositiva, fecha=2025-08-13, recurrente=no}] as "application/json" with org.springframework.http.converter.json.MappingJackson2HttpMessageConverter
2026-07-31T11:02:16.779-04:00 DEBUG 19228 --- [financeai-backend] [nio-8081-exec-4] o.s.web.client.DefaultRestClient         : Writing [{monto=8182.04, medio_pago=desconocido, descripcion=Material de estudio, fecha=2025-10-15, recurrente=no}] as "application/json" with org.springframework.http.converter.json.MappingJackson2HttpMessageConverter
2026-07-31T11:02:16.812-04:00 DEBUG 19228 --- [financeai-backend] [nio-8081-exec-8] o.s.web.client.DefaultRestClient         : Reading to [com.financeai.dto.ml.MlPredictResponse]
2026-07-31T11:02:16.812-04:00 DEBUG 19228 --- [financeai-backend] [nio-8081-exec-4] o.s.web.client.DefaultRestClient         : Reading to [com.financeai.dto.ml.MlPredictResponse]
2026-07-31T11:02:16.812-04:00 DEBUG 19228 --- [financeai-backend] [nio-8081-exec-8] o.s.web.client.DefaultRestClient         : Writing [{monto=154.6, medio_pago=desconocido, descripcion=Servicio de streaming, fecha=2025-11-25, recurrente=no}] as "application/json" with org.springframework.http.converter.json.MappingJackson2HttpMessageConverter
2026-07-31T11:02:16.812-04:00 DEBUG 19228 --- [financeai-backend] [nio-8081-exec-4] o.s.web.client.DefaultRestClient         : Writing [{monto=46.94, medio_pago=desconocido, descripcion=Carnicería, fecha=2025-12-31, recurrente=no}] as "application/json" with org.springframework.http.converter.json.MappingJackson2HttpMessageConverter
2026-07-31T11:02:16.846-04:00 DEBUG 19228 --- [financeai-backend] [nio-8081-exec-8] o.s.web.client.DefaultRestClient         : Reading to [com.financeai.dto.ml.MlPredictResponse]
2026-07-31T11:02:16.846-04:00 DEBUG 19228 --- [financeai-backend] [nio-8081-exec-4] o.s.web.client.DefaultRestClient         : Reading to [com.financeai.dto.ml.MlPredictResponse]
2026-07-31T11:02:16.846-04:00 DEBUG 19228 --- [financeai-backend] [nio-8081-exec-4] o.s.web.client.DefaultRestClient         : Writing [{monto=555.35, medio_pago=desconocido, descripcion=Retencion impositiva, fecha=2025-08-13, recurrente=no}] as "application/json" with org.springframework.http.converter.json.MappingJackson2HttpMessageConverter
2026-07-31T11:02:16.846-04:00 DEBUG 19228 --- [financeai-backend] [nio-8081-exec-8] o.s.web.client.DefaultRestClient         : Writing [{monto=63.25, medio_pago=desconocido, descripcion=Café, fecha=2025-10-28, recurrente=no}] as "application/json" with org.springframework.http.converter.json.MappingJackson2HttpMessageConverter
2026-07-31T11:02:16.879-04:00 DEBUG 19228 --- [financeai-backend] [nio-8081-exec-8] o.s.web.client.DefaultRestClient         : Reading to [com.financeai.dto.ml.MlPredictResponse]
2026-07-31T11:02:16.879-04:00 DEBUG 19228 --- [financeai-backend] [nio-8081-exec-4] o.s.web.client.DefaultRestClient         : Reading to [com.financeai.dto.ml.MlPredictResponse]
2026-07-31T11:02:16.879-04:00 DEBUG 19228 --- [financeai-backend] [nio-8081-exec-8] o.s.web.client.DefaultRestClient         : Writing [{monto=1234.3, medio_pago=desconocido, descripcion=Servicio de limpieza, fecha=2026-06-24, recurrente=no}] as "application/json" with org.springframework.http.converter.json.MappingJackson2HttpMessageConverter
2026-07-31T11:02:16.879-04:00 DEBUG 19228 --- [financeai-backend] [nio-8081-exec-4] o.s.web.client.DefaultRestClient         : Writing [{monto=154.6, medio_pago=desconocido, descripcion=Servicio de streaming, fecha=2025-11-25, recurrente=no}] as "application/json" with org.springframework.http.converter.json.MappingJackson2HttpMessageConverter
2026-07-31T11:02:16.912-04:00 DEBUG 19228 --- [financeai-backend] [nio-8081-exec-4] o.s.web.client.DefaultRestClient         : Reading to [com.financeai.dto.ml.MlPredictResponse]
2026-07-31T11:02:16.912-04:00 DEBUG 19228 --- [financeai-backend] [nio-8081-exec-8] o.s.web.client.DefaultRestClient         : Reading to [com.financeai.dto.ml.MlPredictResponse]
2026-07-31T11:02:16.912-04:00 DEBUG 19228 --- [financeai-backend] [nio-8081-exec-8] o.s.web.client.DefaultRestClient         : Writing [{monto=814.66, medio_pago=desconocido, descripcion=Pago de alquiler, fecha=2026-01-31, recurrente=no}] as "application/json" with org.springframework.http.converter.json.MappingJackson2HttpMessageConverter
2026-07-31T11:02:16.912-04:00 DEBUG 19228 --- [financeai-backend] [nio-8081-exec-4] o.s.web.client.DefaultRestClient         : Writing [{monto=63.25, medio_pago=desconocido, descripcion=Café, fecha=2025-10-28, recurrente=no}] as "application/json" with org.springframework.http.converter.json.MappingJackson2HttpMessageConverter
2026-07-31T11:02:16.946-04:00 DEBUG 19228 --- [financeai-backend] [nio-8081-exec-4] o.s.web.client.DefaultRestClient         : Reading to [com.financeai.dto.ml.MlPredictResponse]
2026-07-31T11:02:16.946-04:00 DEBUG 19228 --- [financeai-backend] [nio-8081-exec-8] o.s.web.client.DefaultRestClient         : Reading to [com.financeai.dto.ml.MlPredictResponse]
2026-07-31T11:02:16.946-04:00 DEBUG 19228 --- [financeai-backend] [nio-8081-exec-4] o.s.web.client.DefaultRestClient         : Writing [{monto=1234.3, medio_pago=desconocido, descripcion=Servicio de limpieza, fecha=2026-06-24, recurrente=no}] as "application/json" with org.springframework.http.converter.json.MappingJackson2HttpMessageConverter
2026-07-31T11:02:16.946-04:00 DEBUG 19228 --- [financeai-backend] [nio-8081-exec-8] o.s.web.client.DefaultRestClient         : Writing [{monto=594.24, medio_pago=desconocido, descripcion=Articulos escolares, fecha=2025-11-22, recurrente=no}] as "application/json" with org.springframework.http.converter.json.MappingJackson2HttpMessageConverter
2026-07-31T11:02:16.979-04:00 DEBUG 19228 --- [financeai-backend] [nio-8081-exec-4] o.s.web.client.DefaultRestClient         : Reading to [com.financeai.dto.ml.MlPredictResponse]
2026-07-31T11:02:16.979-04:00 DEBUG 19228 --- [financeai-backend] [nio-8081-exec-8] o.s.web.client.DefaultRestClient         : Reading to [com.financeai.dto.ml.MlPredictResponse]
2026-07-31T11:02:16.979-04:00 DEBUG 19228 --- [financeai-backend] [nio-8081-exec-4] o.s.web.client.DefaultRestClient         : Writing [{monto=814.66, medio_pago=desconocido, descripcion=Pago de alquiler, fecha=2026-01-31, recurrente=no}] as "application/json" with org.springframework.http.converter.json.MappingJackson2HttpMessageConverter
2026-07-31T11:02:16.979-04:00 DEBUG 19228 --- [financeai-backend] [nio-8081-exec-8] o.s.web.client.DefaultRestClient         : Writing [{monto=1324.75, medio_pago=desconocido, descripcion=Renta mensual, fecha=2026-03-19, recurrente=no}] as "application/json" with org.springframework.http.converter.json.MappingJackson2HttpMessageConverter
2026-07-31T11:02:17.012-04:00 DEBUG 19228 --- [financeai-backend] [nio-8081-exec-4] o.s.web.client.DefaultRestClient         : Reading to [com.financeai.dto.ml.MlPredictResponse]
2026-07-31T11:02:17.012-04:00 DEBUG 19228 --- [financeai-backend] [nio-8081-exec-8] o.s.web.client.DefaultRestClient         : Reading to [com.financeai.dto.ml.MlPredictResponse]
2026-07-31T11:02:17.012-04:00 DEBUG 19228 --- [financeai-backend] [nio-8081-exec-4] o.s.web.client.DefaultRestClient         : Writing [{monto=594.24, medio_pago=desconocido, descripcion=Articulos escolares, fecha=2025-11-22, recurrente=no}] as "application/json" with org.springframework.http.converter.json.MappingJackson2HttpMessageConverter
2026-07-31T11:02:17.012-04:00 DEBUG 19228 --- [financeai-backend] [nio-8081-exec-8] o.s.web.client.DefaultRestClient         : Writing [{monto=159.8, medio_pago=desconocido, descripcion=Carga de combustible, fecha=2025-07-28, recurrente=no}] as "application/json" with org.springframework.http.converter.json.MappingJackson2HttpMessageConverter
2026-07-31T11:02:17.046-04:00 DEBUG 19228 --- [financeai-backend] [nio-8081-exec-8] o.s.web.client.DefaultRestClient         : Reading to [com.financeai.dto.ml.MlPredictResponse]
2026-07-31T11:02:17.046-04:00 DEBUG 19228 --- [financeai-backend] [nio-8081-exec-4] o.s.web.client.DefaultRestClient         : Reading to [com.financeai.dto.ml.MlPredictResponse]
2026-07-31T11:02:17.046-04:00 DEBUG 19228 --- [financeai-backend] [nio-8081-exec-4] o.s.web.client.DefaultRestClient         : Writing [{monto=1324.75, medio_pago=desconocido, descripcion=Renta mensual, fecha=2026-03-19, recurrente=no}] as "application/json" with org.springframework.http.converter.json.MappingJackson2HttpMessageConverter
2026-07-31T11:02:17.046-04:00 DEBUG 19228 --- [financeai-backend] [nio-8081-exec-8] o.s.web.client.DefaultRestClient         : Writing [{monto=76.38, medio_pago=desconocido, descripcion=Odontólogo, fecha=2025-11-27, recurrente=no}] as "application/json" with org.springframework.http.converter.json.MappingJackson2HttpMessageConverter
2026-07-31T11:02:17.079-04:00 DEBUG 19228 --- [financeai-backend] [nio-8081-exec-4] o.s.web.client.DefaultRestClient         : Reading to [com.financeai.dto.ml.MlPredictResponse]
2026-07-31T11:02:17.079-04:00 DEBUG 19228 --- [financeai-backend] [nio-8081-exec-8] o.s.web.client.DefaultRestClient         : Reading to [com.financeai.dto.ml.MlPredictResponse]
2026-07-31T11:02:17.079-04:00 DEBUG 19228 --- [financeai-backend] [nio-8081-exec-4] o.s.web.client.DefaultRestClient         : Writing [{monto=159.8, medio_pago=desconocido, descripcion=Carga de combustible, fecha=2025-07-28, recurrente=no}] as "application/json" with org.springframework.http.converter.json.MappingJackson2HttpMessageConverter
2026-07-31T11:02:17.079-04:00 DEBUG 19228 --- [financeai-backend] [nio-8081-exec-8] o.s.web.client.DefaultRestClient         : Writing [{monto=534.19, medio_pago=desconocido, descripcion=Curso de idiomas, fecha=2026-03-09, recurrente=no}] as "application/json" with org.springframework.http.converter.json.MappingJackson2HttpMessageConverter
2026-07-31T11:02:17.112-04:00 DEBUG 19228 --- [financeai-backend] [nio-8081-exec-8] o.s.web.client.DefaultRestClient         : Reading to [com.financeai.dto.ml.MlPredictResponse]
2026-07-31T11:02:17.112-04:00 DEBUG 19228 --- [financeai-backend] [nio-8081-exec-4] o.s.web.client.DefaultRestClient         : Reading to [com.financeai.dto.ml.MlPredictResponse]
2026-07-31T11:02:17.112-04:00 DEBUG 19228 --- [financeai-backend] [nio-8081-exec-4] o.s.web.client.DefaultRestClient         : Writing [{monto=76.38, medio_pago=desconocido, descripcion=Odontólogo, fecha=2025-11-27, recurrente=no}] as "application/json" with org.springframework.http.converter.json.MappingJackson2HttpMessageConverter
2026-07-31T11:02:17.112-04:00 DEBUG 19228 --- [financeai-backend] [nio-8081-exec-8] o.s.web.client.DefaultRestClient         : Writing [{monto=73.81, medio_pago=desconocido, descripcion=Verdulería, fecha=2025-09-23, recurrente=no}] as "application/json" with org.springframework.http.converter.json.MappingJackson2HttpMessageConverter
2026-07-31T11:02:17.146-04:00 DEBUG 19228 --- [financeai-backend] [nio-8081-exec-4] o.s.web.client.DefaultRestClient         : Reading to [com.financeai.dto.ml.MlPredictResponse]
2026-07-31T11:02:17.146-04:00 DEBUG 19228 --- [financeai-backend] [nio-8081-exec-8] o.s.web.client.DefaultRestClient         : Reading to [com.financeai.dto.ml.MlPredictResponse]
2026-07-31T11:02:17.146-04:00 DEBUG 19228 --- [financeai-backend] [nio-8081-exec-4] o.s.web.client.DefaultRestClient         : Writing [{monto=534.19, medio_pago=desconocido, descripcion=Curso de idiomas, fecha=2026-03-09, recurrente=no}] as "application/json" with org.springframework.http.converter.json.MappingJackson2HttpMessageConverter
2026-07-31T11:02:17.146-04:00 DEBUG 19228 --- [financeai-backend] [nio-8081-exec-8] o.s.web.client.DefaultRestClient         : Writing [{monto=363, medio_pago=desconocido, descripcion=Compra de remedios, fecha=2026-03-29, recurrente=no}] as "application/json" with org.springframework.http.converter.json.MappingJackson2HttpMessageConverter
2026-07-31T11:02:17.179-04:00 DEBUG 19228 --- [financeai-backend] [nio-8081-exec-8] o.s.web.client.DefaultRestClient         : Reading to [com.financeai.dto.ml.MlPredictResponse]
2026-07-31T11:02:17.179-04:00 DEBUG 19228 --- [financeai-backend] [nio-8081-exec-4] o.s.web.client.DefaultRestClient         : Reading to [com.financeai.dto.ml.MlPredictResponse]
2026-07-31T11:02:17.179-04:00  INFO 19228 --- [financeai-backend] [nio-8081-exec-8] com.financeai.service.AnalisisService    : Período analizado: 12 meses (2025-07-28 a 2026-07-16)
2026-07-31T11:02:17.179-04:00 DEBUG 19228 --- [financeai-backend] [nio-8081-exec-4] o.s.web.client.DefaultRestClient         : Writing [{monto=73.81, medio_pago=desconocido, descripcion=Verdulería, fecha=2025-09-23, recurrente=no}] as "application/json" with org.springframework.http.converter.json.MappingJackson2HttpMessageConverter
2026-07-31T11:02:17.179-04:00 DEBUG 19228 --- [financeai-backend] [nio-8081-exec-8] o.s.web.client.DefaultRestClient         : Writing [com.financeai.dto.ml.MlAnalysisRequest@5600b924] as "application/json" with org.springframework.http.converter.json.MappingJackson2HttpMessageConverter
2026-07-31T11:02:17.213-04:00 DEBUG 19228 --- [financeai-backend] [nio-8081-exec-4] o.s.web.client.DefaultRestClient         : Reading to [com.financeai.dto.ml.MlPredictResponse]
2026-07-31T11:02:17.213-04:00 DEBUG 19228 --- [financeai-backend] [nio-8081-exec-4] o.s.web.client.DefaultRestClient         : Writing [{monto=363, medio_pago=desconocido, descripcion=Compra de remedios, fecha=2026-03-29, recurrente=no}] as "application/json" with org.springframework.http.converter.json.MappingJackson2HttpMessageConverter
2026-07-31T11:02:17.229-04:00 DEBUG 19228 --- [financeai-backend] [nio-8081-exec-4] o.s.web.client.DefaultRestClient         : Reading to [com.financeai.dto.ml.MlPredictResponse]
2026-07-31T11:02:17.229-04:00  INFO 19228 --- [financeai-backend] [nio-8081-exec-4] com.financeai.service.AnalisisService    : Período analizado: 12 meses (2025-07-28 a 2026-07-16)
2026-07-31T11:02:17.229-04:00 DEBUG 19228 --- [financeai-backend] [nio-8081-exec-4] o.s.web.client.DefaultRestClient         : Writing [com.financeai.dto.ml.MlAnalysisRequest@522fb923] as "application/json" with org.springframework.http.converter.json.MappingJackson2HttpMessageConverter
2026-07-31T11:02:18.134-04:00 DEBUG 19228 --- [financeai-backend] [nio-8081-exec-4] o.s.web.client.DefaultRestClient         : Reading to [com.financeai.dto.ml.MlAnalysisResponse]
2026-07-31T11:02:18.134-04:00  INFO 19228 --- [financeai-backend] [nio-8081-exec-4] com.financeai.service.AnalisisService    : Análisis de perfil resuelto por el modelo de ML (usuario USR0001).
2026-07-31T11:02:18.473-04:00 DEBUG 19228 --- [financeai-backend] [nio-8081-exec-8] o.s.web.client.DefaultRestClient         : Reading to [com.financeai.dto.ml.MlAnalysisResponse]
2026-07-31T11:02:18.473-04:00  INFO 19228 --- [financeai-backend] [nio-8081-exec-8] com.financeai.service.AnalisisService    : Análisis de perfil resuelto por el modelo de ML (usuario USR0001).
2026-07-31T11:02:18.492-04:00 DEBUG 19228 --- [financeai-backend] [nio-8081-exec-4] o.s.w.s.m.m.a.HttpEntityMethodProcessor  : Using 'application/json', given [*/*] and supported [application/json, application/*+json, application/yaml]
2026-07-31T11:02:18.492-04:00 DEBUG 19228 --- [financeai-backend] [nio-8081-exec-4] o.s.w.s.m.m.a.HttpEntityMethodProcessor  : Writing [com.financeai.dto.AnalisisResponse@7b243352]
2026-07-31T11:02:18.492-04:00 DEBUG 19228 --- [financeai-backend] [nio-8081-exec-4] o.s.web.servlet.DispatcherServlet        : Completed 200 OK
2026-07-31T11:02:18.727-04:00 DEBUG 19228 --- [financeai-backend] [nio-8081-exec-8] o.s.w.s.m.m.a.HttpEntityMethodProcessor  : Using 'application/json', given [*/*] and supported [application/json, application/*+json, application/yaml]
2026-07-31T11:02:18.727-04:00 DEBUG 19228 --- [financeai-backend] [nio-8081-exec-8] o.s.w.s.m.m.a.HttpEntityMethodProcessor  : Writing [com.financeai.dto.AnalisisResponse@67774900]
2026-07-31T11:02:18.727-04:00 DEBUG 19228 --- [financeai-backend] [nio-8081-exec-8] o.s.web.servlet.DispatcherServlet        : Completed 200 OK
2026-07-31T11:09:21.937-04:00 DEBUG 19228 --- [financeai-backend] [nio-8081-exec-9] o.s.web.servlet.DispatcherServlet        : OPTIONS "/api/usuarios", parameters={}
2026-07-31T11:09:21.937-04:00 DEBUG 19228 --- [financeai-backend] [nio-8081-exec-9] s.w.s.m.m.a.RequestMappingHandlerMapping : Mapped to com.financeai.controller.UsuarioController#crearUsuario(Usuario)
2026-07-31T11:09:21.937-04:00 DEBUG 19228 --- [financeai-backend] [nio-8081-exec-9] o.s.web.servlet.DispatcherServlet        : Completed 200 OK
2026-07-31T11:09:21.952-04:00 DEBUG 19228 --- [financeai-backend] [nio-8081-exec-6] o.s.web.servlet.DispatcherServlet        : POST "/api/usuarios", parameters={}
2026-07-31T11:09:21.952-04:00 DEBUG 19228 --- [financeai-backend] [nio-8081-exec-6] s.w.s.m.m.a.RequestMappingHandlerMapping : Mapped to com.financeai.controller.UsuarioController#crearUsuario(Usuario)
2026-07-31T11:09:21.952-04:00 DEBUG 19228 --- [financeai-backend] [nio-8081-exec-6] m.m.a.RequestResponseBodyMethodProcessor : Read "application/json;charset=UTF-8" to [com.financeai.model.Usuario@158b529e]
2026-07-31T11:09:22.547-04:00 DEBUG 19228 --- [financeai-backend] [nio-8081-exec-6] o.s.w.s.m.m.a.HttpEntityMethodProcessor  : Using 'application/json', given [*/*] and supported [application/json, application/*+json, application/yaml]
2026-07-31T11:09:22.547-04:00 DEBUG 19228 --- [financeai-backend] [nio-8081-exec-6] o.s.w.s.m.m.a.HttpEntityMethodProcessor  : Writing [{authUserId=55d9d6da-0be5-48f1-a490-b05b1ea8a894, apellido=Nuevo Test, mensaje=Usuario creado correc (truncated)...]
2026-07-31T11:09:22.563-04:00 DEBUG 19228 --- [financeai-backend] [nio-8081-exec-6] o.s.web.servlet.DispatcherServlet        : Completed 201 CREATED
2026-07-31T11:09:25.451-04:00 DEBUG 19228 --- [financeai-backend] [io-8081-exec-10] o.s.web.servlet.DispatcherServlet        : GET "/api/usuarios/USR1002/perfil", parameters={}
2026-07-31T11:09:25.451-04:00 DEBUG 19228 --- [financeai-backend] [nio-8081-exec-5] o.s.web.servlet.DispatcherServlet        : GET "/api/usuarios/USR1002/metas", parameters={}
2026-07-31T11:09:25.451-04:00 DEBUG 19228 --- [financeai-backend] [nio-8081-exec-4] o.s.web.servlet.DispatcherServlet        : GET "/api/usuarios/USR1002/transacciones/resumen", parameters={}
2026-07-31T11:09:25.451-04:00 DEBUG 19228 --- [financeai-backend] [nio-8081-exec-8] o.s.web.servlet.DispatcherServlet        : GET "/api/usuarios/USR1002/transacciones", parameters={}
2026-07-31T11:09:25.451-04:00 DEBUG 19228 --- [financeai-backend] [io-8081-exec-10] s.w.s.m.m.a.RequestMappingHandlerMapping : Mapped to com.financeai.controller.UsuarioController#obtenerPerfil(String)
2026-07-31T11:09:25.451-04:00 DEBUG 19228 --- [financeai-backend] [nio-8081-exec-5] s.w.s.m.m.a.RequestMappingHandlerMapping : Mapped to com.financeai.controller.GoalController#list(String, String)
2026-07-31T11:09:25.451-04:00 DEBUG 19228 --- [financeai-backend] [nio-8081-exec-4] s.w.s.m.m.a.RequestMappingHandlerMapping : Mapped to com.financeai.controller.TransaccionController#resumenTransacciones(String)
2026-07-31T11:09:25.451-04:00 DEBUG 19228 --- [financeai-backend] [nio-8081-exec-8] s.w.s.m.m.a.RequestMappingHandlerMapping : Mapped to com.financeai.controller.TransaccionController#listarTransacciones(String)
2026-07-31T11:09:25.599-04:00 DEBUG 19228 --- [financeai-backend] [nio-8081-exec-8] o.s.w.s.m.m.a.HttpEntityMethodProcessor  : Using 'application/json', given [*/*] and supported [application/json, application/*+json, application/yaml]
2026-07-31T11:09:25.599-04:00 DEBUG 19228 --- [financeai-backend] [nio-8081-exec-8] o.s.w.s.m.m.a.HttpEntityMethodProcessor  : Writing [[]]
2026-07-31T11:09:25.599-04:00 DEBUG 19228 --- [financeai-backend] [nio-8081-exec-8] o.s.web.servlet.DispatcherServlet        : Completed 200 OK
2026-07-31T11:09:25.614-04:00 DEBUG 19228 --- [financeai-backend] [nio-8081-exec-4] o.s.w.s.m.m.a.HttpEntityMethodProcessor  : Using 'application/json', given [*/*] and supported [application/json, application/*+json, application/yaml]
2026-07-31T11:09:25.614-04:00 DEBUG 19228 --- [financeai-backend] [nio-8081-exec-4] o.s.w.s.m.m.a.HttpEntityMethodProcessor  : Writing [{totalIngresos=0, porCategoria={}, totalGastos=0, cantidadTransacciones=0}]
2026-07-31T11:09:25.614-04:00 DEBUG 19228 --- [financeai-backend] [nio-8081-exec-4] o.s.web.servlet.DispatcherServlet        : Completed 200 OK
2026-07-31T11:09:25.627-04:00 DEBUG 19228 --- [financeai-backend] [io-8081-exec-10] o.s.w.s.m.m.a.HttpEntityMethodProcessor  : Using 'application/json', given [*/*] and supported [application/json, application/*+json, application/yaml]
2026-07-31T11:09:25.627-04:00 DEBUG 19228 --- [financeai-backend] [io-8081-exec-10] o.s.w.s.m.m.a.HttpEntityMethodProcessor  : Writing [{perfilFinanciero=Sin clasificar, ahorroEstimado=null, apellido=Nuevo Test, nivelEndeudamiento=null, (truncated)...]
2026-07-31T11:09:25.627-04:00 DEBUG 19228 --- [financeai-backend] [io-8081-exec-10] o.s.web.servlet.DispatcherServlet        : Completed 200 OK
2026-07-31T11:09:25.627-04:00 DEBUG 19228 --- [financeai-backend] [nio-8081-exec-2] o.s.web.servlet.DispatcherServlet        : GET "/api/usuarios/USR1002/perfil", parameters={}
2026-07-31T11:09:25.627-04:00 DEBUG 19228 --- [financeai-backend] [nio-8081-exec-2] s.w.s.m.m.a.RequestMappingHandlerMapping : Mapped to com.financeai.controller.UsuarioController#obtenerPerfil(String)
2026-07-31T11:09:25.678-04:00 DEBUG 19228 --- [financeai-backend] [nio-8081-exec-5] m.m.a.RequestResponseBodyMethodProcessor : Using 'application/json', given [*/*] and supported [application/json, application/*+json, application/yaml]
2026-07-31T11:09:25.679-04:00 DEBUG 19228 --- [financeai-backend] [nio-8081-exec-5] m.m.a.RequestResponseBodyMethodProcessor : Writing [[]]
2026-07-31T11:09:25.681-04:00 DEBUG 19228 --- [financeai-backend] [nio-8081-exec-5] o.s.web.servlet.DispatcherServlet        : Completed 200 OK
2026-07-31T11:09:25.749-04:00 DEBUG 19228 --- [financeai-backend] [nio-8081-exec-2] o.s.w.s.m.m.a.HttpEntityMethodProcessor  : Using 'application/json', given [*/*] and supported [application/json, application/*+json, application/yaml]
2026-07-31T11:09:25.749-04:00 DEBUG 19228 --- [financeai-backend] [nio-8081-exec-2] o.s.w.s.m.m.a.HttpEntityMethodProcessor  : Writing [{perfilFinanciero=Sin clasificar, ahorroEstimado=null, apellido=Nuevo Test, nivelEndeudamiento=null, (truncated)...]
2026-07-31T11:09:25.749-04:00 DEBUG 19228 --- [financeai-backend] [nio-8081-exec-2] o.s.web.servlet.DispatcherServlet        : Completed 200 OK
2026-07-31T11:09:25.761-04:00 DEBUG 19228 --- [financeai-backend] [nio-8081-exec-1] o.s.web.servlet.DispatcherServlet        : GET "/api/usuarios/USR1002/transacciones", parameters={}
2026-07-31T11:09:25.761-04:00 DEBUG 19228 --- [financeai-backend] [nio-8081-exec-1] s.w.s.m.m.a.RequestMappingHandlerMapping : Mapped to com.financeai.controller.TransaccionController#listarTransacciones(String)
2026-07-31T11:09:25.844-04:00 DEBUG 19228 --- [financeai-backend] [nio-8081-exec-1] o.s.w.s.m.m.a.HttpEntityMethodProcessor  : Using 'application/json', given [*/*] and supported [application/json, application/*+json, application/yaml]
2026-07-31T11:09:25.844-04:00 DEBUG 19228 --- [financeai-backend] [nio-8081-exec-1] o.s.w.s.m.m.a.HttpEntityMethodProcessor  : Writing [[]]
2026-07-31T11:09:25.844-04:00 DEBUG 19228 --- [financeai-backend] [nio-8081-exec-1] o.s.web.servlet.DispatcherServlet        : Completed 200 OK
2026-07-31T11:11:29.885-04:00 DEBUG 19228 --- [financeai-backend] [nio-8081-exec-8] o.s.web.servlet.DispatcherServlet        : GET "/api/usuarios/USR1002/perfil", parameters={}
2026-07-31T11:11:29.885-04:00 DEBUG 19228 --- [financeai-backend] [nio-8081-exec-8] s.w.s.m.m.a.RequestMappingHandlerMapping : Mapped to com.financeai.controller.UsuarioController#obtenerPerfil(String)
2026-07-31T11:11:30.052-04:00 DEBUG 19228 --- [financeai-backend] [nio-8081-exec-8] o.s.w.s.m.m.a.HttpEntityMethodProcessor  : Using 'application/json', given [*/*] and supported [application/json, application/*+json, application/yaml]
2026-07-31T11:11:30.052-04:00 DEBUG 19228 --- [financeai-backend] [nio-8081-exec-8] o.s.w.s.m.m.a.HttpEntityMethodProcessor  : Writing [{perfilFinanciero=Sin clasificar, ahorroEstimado=null, apellido=Nuevo Test, nivelEndeudamiento=null, (truncated)...]
2026-07-31T11:11:30.068-04:00 DEBUG 19228 --- [financeai-backend] [nio-8081-exec-8] o.s.web.servlet.DispatcherServlet        : Completed 200 OK
2026-07-31T11:11:30.069-04:00 DEBUG 19228 --- [financeai-backend] [nio-8081-exec-4] o.s.web.servlet.DispatcherServlet        : GET "/api/usuarios/USR1002/transacciones", parameters={}
2026-07-31T11:11:30.069-04:00 DEBUG 19228 --- [financeai-backend] [nio-8081-exec-4] s.w.s.m.m.a.RequestMappingHandlerMapping : Mapped to com.financeai.controller.TransaccionController#listarTransacciones(String)
2026-07-31T11:11:30.202-04:00 DEBUG 19228 --- [financeai-backend] [nio-8081-exec-4] o.s.w.s.m.m.a.HttpEntityMethodProcessor  : Using 'application/json', given [*/*] and supported [application/json, application/*+json, application/yaml]
2026-07-31T11:11:30.202-04:00 DEBUG 19228 --- [financeai-backend] [nio-8081-exec-4] o.s.w.s.m.m.a.HttpEntityMethodProcessor  : Writing [[]]
2026-07-31T11:11:30.218-04:00 DEBUG 19228 --- [financeai-backend] [nio-8081-exec-4] o.s.web.servlet.DispatcherServlet        : Completed 200 OK
2026-07-31T11:11:53.884-04:00 DEBUG 19228 --- [financeai-backend] [io-8081-exec-10] o.s.web.servlet.DispatcherServlet        : GET "/api/usuarios/USR1002/perfil", parameters={}
2026-07-31T11:11:53.884-04:00 DEBUG 19228 --- [financeai-backend] [io-8081-exec-10] s.w.s.m.m.a.RequestMappingHandlerMapping : Mapped to com.financeai.controller.UsuarioController#obtenerPerfil(String)
2026-07-31T11:11:54.062-04:00 DEBUG 19228 --- [financeai-backend] [io-8081-exec-10] o.s.w.s.m.m.a.HttpEntityMethodProcessor  : Using 'application/json', given [*/*] and supported [application/json, application/*+json, application/yaml]
2026-07-31T11:11:54.062-04:00 DEBUG 19228 --- [financeai-backend] [io-8081-exec-10] o.s.w.s.m.m.a.HttpEntityMethodProcessor  : Writing [{perfilFinanciero=Sin clasificar, ahorroEstimado=null, apellido=Nuevo Test, nivelEndeudamiento=null, (truncated)...]
2026-07-31T11:11:54.062-04:00 DEBUG 19228 --- [financeai-backend] [io-8081-exec-10] o.s.web.servlet.DispatcherServlet        : Completed 200 OK
2026-07-31T11:11:54.067-04:00 DEBUG 19228 --- [financeai-backend] [nio-8081-exec-5] o.s.web.servlet.DispatcherServlet        : GET "/api/usuarios/USR1002/transacciones", parameters={}
2026-07-31T11:11:54.068-04:00 DEBUG 19228 --- [financeai-backend] [nio-8081-exec-5] s.w.s.m.m.a.RequestMappingHandlerMapping : Mapped to com.financeai.controller.TransaccionController#listarTransacciones(String)
2026-07-31T11:11:54.197-04:00 DEBUG 19228 --- [financeai-backend] [nio-8081-exec-5] o.s.w.s.m.m.a.HttpEntityMethodProcessor  : Using 'application/json', given [*/*] and supported [application/json, application/*+json, application/yaml]
2026-07-31T11:11:54.197-04:00 DEBUG 19228 --- [financeai-backend] [nio-8081-exec-5] o.s.w.s.m.m.a.HttpEntityMethodProcessor  : Writing [[]]
2026-07-31T11:11:54.198-04:00 DEBUG 19228 --- [financeai-backend] [nio-8081-exec-5] o.s.web.servlet.DispatcherServlet        : Completed 200 OK
2026-07-31T11:12:05.885-04:00 DEBUG 19228 --- [financeai-backend] [nio-8081-exec-2] o.s.web.servlet.DispatcherServlet        : GET "/api/usuarios/USR1002/perfil", parameters={}
2026-07-31T11:12:05.885-04:00 DEBUG 19228 --- [financeai-backend] [nio-8081-exec-2] s.w.s.m.m.a.RequestMappingHandlerMapping : Mapped to com.financeai.controller.UsuarioController#obtenerPerfil(String)
2026-07-31T11:12:06.058-04:00 DEBUG 19228 --- [financeai-backend] [nio-8081-exec-2] o.s.w.s.m.m.a.HttpEntityMethodProcessor  : Using 'application/json', given [*/*] and supported [application/json, application/*+json, application/yaml]
2026-07-31T11:12:06.059-04:00 DEBUG 19228 --- [financeai-backend] [nio-8081-exec-2] o.s.w.s.m.m.a.HttpEntityMethodProcessor  : Writing [{perfilFinanciero=Sin clasificar, ahorroEstimado=null, apellido=Nuevo Test, nivelEndeudamiento=null, (truncated)...]
2026-07-31T11:12:06.060-04:00 DEBUG 19228 --- [financeai-backend] [nio-8081-exec-2] o.s.web.servlet.DispatcherServlet        : Completed 200 OK
2026-07-31T11:12:06.063-04:00 DEBUG 19228 --- [financeai-backend] [nio-8081-exec-1] o.s.web.servlet.DispatcherServlet        : GET "/api/usuarios/USR1002/transacciones", parameters={}
2026-07-31T11:12:06.064-04:00 DEBUG 19228 --- [financeai-backend] [nio-8081-exec-1] s.w.s.m.m.a.RequestMappingHandlerMapping : Mapped to com.financeai.controller.TransaccionController#listarTransacciones(String)
2026-07-31T11:12:06.196-04:00 DEBUG 19228 --- [financeai-backend] [nio-8081-exec-1] o.s.w.s.m.m.a.HttpEntityMethodProcessor  : Using 'application/json', given [*/*] and supported [application/json, application/*+json, application/yaml]
2026-07-31T11:12:06.196-04:00 DEBUG 19228 --- [financeai-backend] [nio-8081-exec-1] o.s.w.s.m.m.a.HttpEntityMethodProcessor  : Writing [[]]
2026-07-31T11:12:06.196-04:00 DEBUG 19228 --- [financeai-backend] [nio-8081-exec-1] o.s.web.servlet.DispatcherServlet        : Completed 200 OK
2026-07-31T11:12:09.884-04:00 DEBUG 19228 --- [financeai-backend] [nio-8081-exec-3] o.s.web.servlet.DispatcherServlet        : GET "/api/usuarios/USR1002/perfil", parameters={}
2026-07-31T11:12:09.884-04:00 DEBUG 19228 --- [financeai-backend] [nio-8081-exec-3] s.w.s.m.m.a.RequestMappingHandlerMapping : Mapped to com.financeai.controller.UsuarioController#obtenerPerfil(String)
2026-07-31T11:12:10.074-04:00 DEBUG 19228 --- [financeai-backend] [nio-8081-exec-3] o.s.w.s.m.m.a.HttpEntityMethodProcessor  : Using 'application/json', given [*/*] and supported [application/json, application/*+json, application/yaml]
2026-07-31T11:12:10.075-04:00 DEBUG 19228 --- [financeai-backend] [nio-8081-exec-3] o.s.w.s.m.m.a.HttpEntityMethodProcessor  : Writing [{perfilFinanciero=Sin clasificar, ahorroEstimado=null, apellido=Nuevo Test, nivelEndeudamiento=null, (truncated)...]
2026-07-31T11:12:10.076-04:00 DEBUG 19228 --- [financeai-backend] [nio-8081-exec-3] o.s.web.servlet.DispatcherServlet        : Completed 200 OK
2026-07-31T11:12:10.080-04:00 DEBUG 19228 --- [financeai-backend] [nio-8081-exec-6] o.s.web.servlet.DispatcherServlet        : GET "/api/usuarios/USR1002/transacciones", parameters={}
2026-07-31T11:12:10.081-04:00 DEBUG 19228 --- [financeai-backend] [nio-8081-exec-6] s.w.s.m.m.a.RequestMappingHandlerMapping : Mapped to com.financeai.controller.TransaccionController#listarTransacciones(String)
2026-07-31T11:12:10.218-04:00 DEBUG 19228 --- [financeai-backend] [nio-8081-exec-6] o.s.w.s.m.m.a.HttpEntityMethodProcessor  : Using 'application/json', given [*/*] and supported [application/json, application/*+json, application/yaml]
2026-07-31T11:12:10.219-04:00 DEBUG 19228 --- [financeai-backend] [nio-8081-exec-6] o.s.w.s.m.m.a.HttpEntityMethodProcessor  : Writing [[]]
2026-07-31T11:12:10.220-04:00 DEBUG 19228 --- [financeai-backend] [nio-8081-exec-6] o.s.web.servlet.DispatcherServlet        : Completed 200 OK
2026-07-31T11:12:12.883-04:00 DEBUG 19228 --- [financeai-backend] [nio-8081-exec-9] o.s.web.servlet.DispatcherServlet        : GET "/api/usuarios/USR1002/perfil", parameters={}
2026-07-31T11:12:12.883-04:00 DEBUG 19228 --- [financeai-backend] [nio-8081-exec-9] s.w.s.m.m.a.RequestMappingHandlerMapping : Mapped to com.financeai.controller.UsuarioController#obtenerPerfil(String)
2026-07-31T11:12:13.050-04:00 DEBUG 19228 --- [financeai-backend] [nio-8081-exec-9] o.s.w.s.m.m.a.HttpEntityMethodProcessor  : Using 'application/json', given [*/*] and supported [application/json, application/*+json, application/yaml]
2026-07-31T11:12:13.050-04:00 DEBUG 19228 --- [financeai-backend] [nio-8081-exec-9] o.s.w.s.m.m.a.HttpEntityMethodProcessor  : Writing [{perfilFinanciero=Sin clasificar, ahorroEstimado=null, apellido=Nuevo Test, nivelEndeudamiento=null, (truncated)...]
2026-07-31T11:12:13.065-04:00 DEBUG 19228 --- [financeai-backend] [nio-8081-exec-9] o.s.web.servlet.DispatcherServlet        : Completed 200 OK
2026-07-31T11:12:13.068-04:00 DEBUG 19228 --- [financeai-backend] [nio-8081-exec-7] o.s.web.servlet.DispatcherServlet        : GET "/api/usuarios/USR1002/transacciones", parameters={}
2026-07-31T11:12:13.068-04:00 DEBUG 19228 --- [financeai-backend] [nio-8081-exec-7] s.w.s.m.m.a.RequestMappingHandlerMapping : Mapped to com.financeai.controller.TransaccionController#listarTransacciones(String)
2026-07-31T11:12:13.149-04:00 DEBUG 19228 --- [financeai-backend] [nio-8081-exec-7] o.s.w.s.m.m.a.HttpEntityMethodProcessor  : Using 'application/json', given [*/*] and supported [application/json, application/*+json, application/yaml]
2026-07-31T11:12:13.149-04:00 DEBUG 19228 --- [financeai-backend] [nio-8081-exec-7] o.s.w.s.m.m.a.HttpEntityMethodProcessor  : Writing [[]]
2026-07-31T11:12:13.149-04:00 DEBUG 19228 --- [financeai-backend] [nio-8081-exec-7] o.s.web.servlet.DispatcherServlet        : Completed 200 OK
2026-07-31T11:13:43.631-04:00 DEBUG 19228 --- [financeai-backend] [nio-8081-exec-4] o.s.web.servlet.DispatcherServlet        : GET "/api/usuarios/USR1002/perfil", parameters={}
2026-07-31T11:13:43.633-04:00 DEBUG 19228 --- [financeai-backend] [io-8081-exec-10] o.s.web.servlet.DispatcherServlet        : GET "/api/usuarios/USR1002/transacciones/resumen", parameters={}
2026-07-31T11:13:43.632-04:00 DEBUG 19228 --- [financeai-backend] [nio-8081-exec-5] o.s.web.servlet.DispatcherServlet        : GET "/api/usuarios/USR1002/transacciones", parameters={}
2026-07-31T11:13:43.636-04:00 DEBUG 19228 --- [financeai-backend] [nio-8081-exec-4] s.w.s.m.m.a.RequestMappingHandlerMapping : Mapped to com.financeai.controller.UsuarioController#obtenerPerfil(String)
2026-07-31T11:13:43.636-04:00 DEBUG 19228 --- [financeai-backend] [nio-8081-exec-5] s.w.s.m.m.a.RequestMappingHandlerMapping : Mapped to com.financeai.controller.TransaccionController#listarTransacciones(String)
2026-07-31T11:13:43.637-04:00 DEBUG 19228 --- [financeai-backend] [io-8081-exec-10] s.w.s.m.m.a.RequestMappingHandlerMapping : Mapped to com.financeai.controller.TransaccionController#resumenTransacciones(String)
2026-07-31T11:13:43.642-04:00 DEBUG 19228 --- [financeai-backend] [nio-8081-exec-2] o.s.web.servlet.DispatcherServlet        : GET "/api/usuarios/USR1002/metas", parameters={}
2026-07-31T11:13:43.653-04:00 DEBUG 19228 --- [financeai-backend] [nio-8081-exec-2] s.w.s.m.m.a.RequestMappingHandlerMapping : Mapped to com.financeai.controller.GoalController#list(String, String)
2026-07-31T11:13:43.849-04:00 DEBUG 19228 --- [financeai-backend] [io-8081-exec-10] o.s.w.s.m.m.a.HttpEntityMethodProcessor  : Using 'application/json', given [*/*] and supported [application/json, application/*+json, application/yaml]
2026-07-31T11:13:43.849-04:00 DEBUG 19228 --- [financeai-backend] [nio-8081-exec-5] o.s.w.s.m.m.a.HttpEntityMethodProcessor  : Using 'application/json', given [*/*] and supported [application/json, application/*+json, application/yaml]
2026-07-31T11:13:43.849-04:00 DEBUG 19228 --- [financeai-backend] [io-8081-exec-10] o.s.w.s.m.m.a.HttpEntityMethodProcessor  : Writing [{totalIngresos=0, porCategoria={}, totalGastos=0, cantidadTransacciones=0}]
2026-07-31T11:13:43.849-04:00 DEBUG 19228 --- [financeai-backend] [nio-8081-exec-5] o.s.w.s.m.m.a.HttpEntityMethodProcessor  : Writing [[]]
2026-07-31T11:13:43.849-04:00 DEBUG 19228 --- [financeai-backend] [io-8081-exec-10] o.s.web.servlet.DispatcherServlet        : Completed 200 OK
2026-07-31T11:13:43.849-04:00 DEBUG 19228 --- [financeai-backend] [nio-8081-exec-5] o.s.web.servlet.DispatcherServlet        : Completed 200 OK
2026-07-31T11:13:43.862-04:00 DEBUG 19228 --- [financeai-backend] [nio-8081-exec-4] o.s.w.s.m.m.a.HttpEntityMethodProcessor  : Using 'application/json', given [*/*] and supported [application/json, application/*+json, application/yaml]
2026-07-31T11:13:43.862-04:00 DEBUG 19228 --- [financeai-backend] [nio-8081-exec-4] o.s.w.s.m.m.a.HttpEntityMethodProcessor  : Writing [{perfilFinanciero=Sin clasificar, ahorroEstimado=null, apellido=Nuevo Test, nivelEndeudamiento=null, (truncated)...]
2026-07-31T11:13:43.862-04:00 DEBUG 19228 --- [financeai-backend] [nio-8081-exec-4] o.s.web.servlet.DispatcherServlet        : Completed 200 OK
2026-07-31T11:13:43.862-04:00 DEBUG 19228 --- [financeai-backend] [nio-8081-exec-1] o.s.web.servlet.DispatcherServlet        : GET "/api/usuarios/USR1002/perfil", parameters={}
2026-07-31T11:13:43.877-04:00 DEBUG 19228 --- [financeai-backend] [nio-8081-exec-1] s.w.s.m.m.a.RequestMappingHandlerMapping : Mapped to com.financeai.controller.UsuarioController#obtenerPerfil(String)
2026-07-31T11:13:43.932-04:00 DEBUG 19228 --- [financeai-backend] [nio-8081-exec-2] m.m.a.RequestResponseBodyMethodProcessor : Using 'application/json', given [*/*] and supported [application/json, application/*+json, application/yaml]
2026-07-31T11:13:43.932-04:00 DEBUG 19228 --- [financeai-backend] [nio-8081-exec-2] m.m.a.RequestResponseBodyMethodProcessor : Writing [[]]
2026-07-31T11:13:43.932-04:00 DEBUG 19228 --- [financeai-backend] [nio-8081-exec-2] o.s.web.servlet.DispatcherServlet        : Completed 200 OK
2026-07-31T11:13:43.997-04:00 DEBUG 19228 --- [financeai-backend] [nio-8081-exec-1] o.s.w.s.m.m.a.HttpEntityMethodProcessor  : Using 'application/json', given [*/*] and supported [application/json, application/*+json, application/yaml]
2026-07-31T11:13:43.998-04:00 DEBUG 19228 --- [financeai-backend] [nio-8081-exec-1] o.s.w.s.m.m.a.HttpEntityMethodProcessor  : Writing [{perfilFinanciero=Sin clasificar, ahorroEstimado=null, apellido=Nuevo Test, nivelEndeudamiento=null, (truncated)...]
2026-07-31T11:13:43.998-04:00 DEBUG 19228 --- [financeai-backend] [nio-8081-exec-1] o.s.web.servlet.DispatcherServlet        : Completed 200 OK
2026-07-31T11:13:43.998-04:00 DEBUG 19228 --- [financeai-backend] [nio-8081-exec-3] o.s.web.servlet.DispatcherServlet        : GET "/api/usuarios/USR1002/transacciones", parameters={}
2026-07-31T11:13:43.998-04:00 DEBUG 19228 --- [financeai-backend] [nio-8081-exec-3] s.w.s.m.m.a.RequestMappingHandlerMapping : Mapped to com.financeai.controller.TransaccionController#listarTransacciones(String)
2026-07-31T11:13:44.064-04:00 DEBUG 19228 --- [financeai-backend] [nio-8081-exec-3] o.s.w.s.m.m.a.HttpEntityMethodProcessor  : Using 'application/json', given [*/*] and supported [application/json, application/*+json, application/yaml]
2026-07-31T11:13:44.064-04:00 DEBUG 19228 --- [financeai-backend] [nio-8081-exec-3] o.s.w.s.m.m.a.HttpEntityMethodProcessor  : Writing [[]]
2026-07-31T11:13:44.064-04:00 DEBUG 19228 --- [financeai-backend] [nio-8081-exec-3] o.s.web.servlet.DispatcherServlet        : Completed 200 OK
2026-07-31T14:45:00.438-04:00  WARN 19228 --- [financeai-backend] [l-1 housekeeper] com.zaxxer.hikari.pool.HikariPool        : HikariPool-1 - Thread starvation or clock leap detected (housekeeper delta=3h28m49s737ms990µs600ns).
2026-07-31T14:47:45.283-04:00 DEBUG 19228 --- [financeai-backend] [nio-8081-exec-2] o.s.web.servlet.DispatcherServlet        : GET "/api/usuarios/USR1002/metas", parameters={}
2026-07-31T14:47:45.283-04:00 DEBUG 19228 --- [financeai-backend] [io-8081-exec-10] o.s.web.servlet.DispatcherServlet        : GET "/api/usuarios/USR1002/perfil", parameters={}
2026-07-31T14:47:45.283-04:00 DEBUG 19228 --- [financeai-backend] [nio-8081-exec-5] o.s.web.servlet.DispatcherServlet        : GET "/api/usuarios/USR1002/transacciones/resumen", parameters={}
2026-07-31T14:47:45.283-04:00 DEBUG 19228 --- [financeai-backend] [nio-8081-exec-4] o.s.web.servlet.DispatcherServlet        : GET "/api/usuarios/USR1002/transacciones", parameters={}
2026-07-31T14:47:45.285-04:00 DEBUG 19228 --- [financeai-backend] [io-8081-exec-10] s.w.s.m.m.a.RequestMappingHandlerMapping : Mapped to com.financeai.controller.UsuarioController#obtenerPerfil(String)
2026-07-31T14:47:45.286-04:00 DEBUG 19228 --- [financeai-backend] [nio-8081-exec-5] s.w.s.m.m.a.RequestMappingHandlerMapping : Mapped to com.financeai.controller.TransaccionController#resumenTransacciones(String)
2026-07-31T14:47:45.286-04:00 DEBUG 19228 --- [financeai-backend] [nio-8081-exec-2] s.w.s.m.m.a.RequestMappingHandlerMapping : Mapped to com.financeai.controller.GoalController#list(String, String)
2026-07-31T14:47:45.286-04:00 DEBUG 19228 --- [financeai-backend] [nio-8081-exec-4] s.w.s.m.m.a.RequestMappingHandlerMapping : Mapped to com.financeai.controller.TransaccionController#listarTransacciones(String)
2026-07-31T14:47:45.516-04:00 DEBUG 19228 --- [financeai-backend] [io-8081-exec-10] o.s.w.s.m.m.a.HttpEntityMethodProcessor  : Using 'application/json', given [*/*] and supported [application/json, application/*+json, application/yaml]
2026-07-31T14:47:45.516-04:00 DEBUG 19228 --- [financeai-backend] [io-8081-exec-10] o.s.w.s.m.m.a.HttpEntityMethodProcessor  : Writing [{perfilFinanciero=Sin clasificar, ahorroEstimado=null, apellido=Nuevo Test, nivelEndeudamiento=null, (truncated)...]
2026-07-31T14:47:45.520-04:00 DEBUG 19228 --- [financeai-backend] [io-8081-exec-10] o.s.web.servlet.DispatcherServlet        : Completed 200 OK
2026-07-31T14:47:45.520-04:00 DEBUG 19228 --- [financeai-backend] [nio-8081-exec-1] o.s.web.servlet.DispatcherServlet        : GET "/api/usuarios/USR1002/perfil", parameters={}
2026-07-31T14:47:45.520-04:00 DEBUG 19228 --- [financeai-backend] [nio-8081-exec-1] s.w.s.m.m.a.RequestMappingHandlerMapping : Mapped to com.financeai.controller.UsuarioController#obtenerPerfil(String)
2026-07-31T14:47:45.559-04:00 DEBUG 19228 --- [financeai-backend] [nio-8081-exec-2] m.m.a.RequestResponseBodyMethodProcessor : Using 'application/json', given [*/*] and supported [application/json, application/*+json, application/yaml]
2026-07-31T14:47:45.559-04:00 DEBUG 19228 --- [financeai-backend] [nio-8081-exec-2] m.m.a.RequestResponseBodyMethodProcessor : Writing [[]]
2026-07-31T14:47:45.559-04:00 DEBUG 19228 --- [financeai-backend] [nio-8081-exec-2] o.s.web.servlet.DispatcherServlet        : Completed 200 OK
2026-07-31T14:47:45.636-04:00 DEBUG 19228 --- [financeai-backend] [nio-8081-exec-1] o.s.w.s.m.m.a.HttpEntityMethodProcessor  : Using 'application/json', given [*/*] and supported [application/json, application/*+json, application/yaml]
2026-07-31T14:47:45.636-04:00 DEBUG 19228 --- [financeai-backend] [nio-8081-exec-1] o.s.w.s.m.m.a.HttpEntityMethodProcessor  : Writing [{perfilFinanciero=Sin clasificar, ahorroEstimado=null, apellido=Nuevo Test, nivelEndeudamiento=null, (truncated)...]
2026-07-31T14:47:45.636-04:00 DEBUG 19228 --- [financeai-backend] [nio-8081-exec-1] o.s.web.servlet.DispatcherServlet        : Completed 200 OK
2026-07-31T14:47:45.943-04:00 DEBUG 19228 --- [financeai-backend] [nio-8081-exec-5] o.s.w.s.m.m.a.HttpEntityMethodProcessor  : Using 'application/json', given [*/*] and supported [application/json, application/*+json, application/yaml]
2026-07-31T14:47:45.943-04:00 DEBUG 19228 --- [financeai-backend] [nio-8081-exec-4] o.s.w.s.m.m.a.HttpEntityMethodProcessor  : Using 'application/json', given [*/*] and supported [application/json, application/*+json, application/yaml]
2026-07-31T14:47:45.943-04:00 DEBUG 19228 --- [financeai-backend] [nio-8081-exec-5] o.s.w.s.m.m.a.HttpEntityMethodProcessor  : Writing [{totalIngresos=0, porCategoria={}, totalGastos=0, cantidadTransacciones=0}]
2026-07-31T14:47:45.943-04:00 DEBUG 19228 --- [financeai-backend] [nio-8081-exec-4] o.s.w.s.m.m.a.HttpEntityMethodProcessor  : Writing [[]]
2026-07-31T14:47:45.943-04:00 DEBUG 19228 --- [financeai-backend] [nio-8081-exec-5] o.s.web.servlet.DispatcherServlet        : Completed 200 OK
2026-07-31T14:47:45.943-04:00 DEBUG 19228 --- [financeai-backend] [nio-8081-exec-4] o.s.web.servlet.DispatcherServlet        : Completed 200 OK
2026-07-31T14:47:45.946-04:00 DEBUG 19228 --- [financeai-backend] [nio-8081-exec-3] o.s.web.servlet.DispatcherServlet        : GET "/api/usuarios/USR1002/transacciones", parameters={}
2026-07-31T14:47:45.946-04:00 DEBUG 19228 --- [financeai-backend] [nio-8081-exec-3] s.w.s.m.m.a.RequestMappingHandlerMapping : Mapped to com.financeai.controller.TransaccionController#listarTransacciones(String)
2026-07-31T14:47:46.026-04:00 DEBUG 19228 --- [financeai-backend] [nio-8081-exec-3] o.s.w.s.m.m.a.HttpEntityMethodProcessor  : Using 'application/json', given [*/*] and supported [application/json, application/*+json, application/yaml]
2026-07-31T14:47:46.026-04:00 DEBUG 19228 --- [financeai-backend] [nio-8081-exec-3] o.s.w.s.m.m.a.HttpEntityMethodProcessor  : Writing [[]]
2026-07-31T14:47:46.026-04:00 DEBUG 19228 --- [financeai-backend] [nio-8081-exec-3] o.s.web.servlet.DispatcherServlet        : Completed 200 OK
2026-07-31T14:47:53.499-04:00 DEBUG 19228 --- [financeai-backend] [nio-8081-exec-6] o.s.web.servlet.DispatcherServlet        : GET "/api/usuarios/USR1002/transacciones", parameters={}
2026-07-31T14:47:53.499-04:00 DEBUG 19228 --- [financeai-backend] [nio-8081-exec-6] s.w.s.m.m.a.RequestMappingHandlerMapping : Mapped to com.financeai.controller.TransaccionController#listarTransacciones(String)
2026-07-31T14:47:53.628-04:00 DEBUG 19228 --- [financeai-backend] [nio-8081-exec-6] o.s.w.s.m.m.a.HttpEntityMethodProcessor  : Using 'application/json', given [*/*] and supported [application/json, application/*+json, application/yaml]
2026-07-31T14:47:53.628-04:00 DEBUG 19228 --- [financeai-backend] [nio-8081-exec-6] o.s.w.s.m.m.a.HttpEntityMethodProcessor  : Writing [[]]
2026-07-31T14:47:53.641-04:00 DEBUG 19228 --- [financeai-backend] [nio-8081-exec-6] o.s.web.servlet.DispatcherServlet        : Completed 200 OK
2026-07-31T14:47:53.645-04:00 DEBUG 19228 --- [financeai-backend] [nio-8081-exec-7] o.s.web.servlet.DispatcherServlet        : GET "/api/usuarios/USR1002/transacciones", parameters={}
2026-07-31T14:47:53.645-04:00 DEBUG 19228 --- [financeai-backend] [nio-8081-exec-7] s.w.s.m.m.a.RequestMappingHandlerMapping : Mapped to com.financeai.controller.TransaccionController#listarTransacciones(String)
2026-07-31T14:47:53.743-04:00 DEBUG 19228 --- [financeai-backend] [nio-8081-exec-7] o.s.w.s.m.m.a.HttpEntityMethodProcessor  : Using 'application/json', given [*/*] and supported [application/json, application/*+json, application/yaml]
2026-07-31T14:47:53.743-04:00 DEBUG 19228 --- [financeai-backend] [nio-8081-exec-7] o.s.w.s.m.m.a.HttpEntityMethodProcessor  : Writing [[]]
2026-07-31T14:47:53.743-04:00 DEBUG 19228 --- [financeai-backend] [nio-8081-exec-7] o.s.web.servlet.DispatcherServlet        : Completed 200 OK
2026-07-31T14:47:57.714-04:00 DEBUG 19228 --- [financeai-backend] [nio-8081-exec-8] o.s.web.servlet.DispatcherServlet        : GET "/api/usuarios/USR1002/transacciones/resumen", parameters={}
2026-07-31T14:47:57.714-04:00 DEBUG 19228 --- [financeai-backend] [io-8081-exec-10] o.s.web.servlet.DispatcherServlet        : GET "/api/usuarios/USR1002/transacciones", parameters={}
2026-07-31T14:47:57.714-04:00 DEBUG 19228 --- [financeai-backend] [nio-8081-exec-2] o.s.web.servlet.DispatcherServlet        : GET "/api/usuarios/USR1002/metas", parameters={}
2026-07-31T14:47:57.714-04:00 DEBUG 19228 --- [financeai-backend] [nio-8081-exec-9] o.s.web.servlet.DispatcherServlet        : GET "/api/usuarios/USR1002/perfil", parameters={}
2026-07-31T14:47:57.714-04:00 DEBUG 19228 --- [financeai-backend] [nio-8081-exec-8] s.w.s.m.m.a.RequestMappingHandlerMapping : Mapped to com.financeai.controller.TransaccionController#resumenTransacciones(String)
2026-07-31T14:47:57.714-04:00 DEBUG 19228 --- [financeai-backend] [io-8081-exec-10] s.w.s.m.m.a.RequestMappingHandlerMapping : Mapped to com.financeai.controller.TransaccionController#listarTransacciones(String)
2026-07-31T14:47:57.714-04:00 DEBUG 19228 --- [financeai-backend] [nio-8081-exec-2] s.w.s.m.m.a.RequestMappingHandlerMapping : Mapped to com.financeai.controller.GoalController#list(String, String)
2026-07-31T14:47:57.714-04:00 DEBUG 19228 --- [financeai-backend] [nio-8081-exec-9] s.w.s.m.m.a.RequestMappingHandlerMapping : Mapped to com.financeai.controller.UsuarioController#obtenerPerfil(String)
2026-07-31T14:47:58.176-04:00 DEBUG 19228 --- [financeai-backend] [io-8081-exec-10] o.s.w.s.m.m.a.HttpEntityMethodProcessor  : Using 'application/json', given [*/*] and supported [application/json, application/*+json, application/yaml]
2026-07-31T14:47:58.176-04:00 DEBUG 19228 --- [financeai-backend] [io-8081-exec-10] o.s.w.s.m.m.a.HttpEntityMethodProcessor  : Writing [[]]
2026-07-31T14:47:58.176-04:00 DEBUG 19228 --- [financeai-backend] [io-8081-exec-10] o.s.web.servlet.DispatcherServlet        : Completed 200 OK
2026-07-31T14:47:58.176-04:00 DEBUG 19228 --- [financeai-backend] [nio-8081-exec-1] o.s.web.servlet.DispatcherServlet        : GET "/api/usuarios/USR1002/transacciones", parameters={}
2026-07-31T14:47:58.176-04:00 DEBUG 19228 --- [financeai-backend] [nio-8081-exec-1] s.w.s.m.m.a.RequestMappingHandlerMapping : Mapped to com.financeai.controller.TransaccionController#listarTransacciones(String)
2026-07-31T14:47:58.176-04:00 DEBUG 19228 --- [financeai-backend] [nio-8081-exec-8] o.s.w.s.m.m.a.HttpEntityMethodProcessor  : Using 'application/json', given [*/*] and supported [application/json, application/*+json, application/yaml]
2026-07-31T14:47:58.176-04:00 DEBUG 19228 --- [financeai-backend] [nio-8081-exec-8] o.s.w.s.m.m.a.HttpEntityMethodProcessor  : Writing [{totalIngresos=0, porCategoria={}, totalGastos=0, cantidadTransacciones=0}]
2026-07-31T14:47:58.176-04:00 DEBUG 19228 --- [financeai-backend] [nio-8081-exec-8] o.s.web.servlet.DispatcherServlet        : Completed 200 OK
2026-07-31T14:47:58.191-04:00 DEBUG 19228 --- [financeai-backend] [nio-8081-exec-9] o.s.w.s.m.m.a.HttpEntityMethodProcessor  : Using 'application/json', given [*/*] and supported [application/json, application/*+json, application/yaml]
2026-07-31T14:47:58.193-04:00 DEBUG 19228 --- [financeai-backend] [nio-8081-exec-9] o.s.w.s.m.m.a.HttpEntityMethodProcessor  : Writing [{perfilFinanciero=Sin clasificar, ahorroEstimado=null, apellido=Nuevo Test, nivelEndeudamiento=null, (truncated)...]
2026-07-31T14:47:58.193-04:00 DEBUG 19228 --- [financeai-backend] [nio-8081-exec-9] o.s.web.servlet.DispatcherServlet        : Completed 200 OK
2026-07-31T14:47:58.242-04:00 DEBUG 19228 --- [financeai-backend] [nio-8081-exec-1] o.s.w.s.m.m.a.HttpEntityMethodProcessor  : Using 'application/json', given [*/*] and supported [application/json, application/*+json, application/yaml]
2026-07-31T14:47:58.242-04:00 DEBUG 19228 --- [financeai-backend] [nio-8081-exec-1] o.s.w.s.m.m.a.HttpEntityMethodProcessor  : Writing [[]]
2026-07-31T14:47:58.242-04:00 DEBUG 19228 --- [financeai-backend] [nio-8081-exec-1] o.s.web.servlet.DispatcherServlet        : Completed 200 OK
2026-07-31T14:47:58.276-04:00 DEBUG 19228 --- [financeai-backend] [nio-8081-exec-2] m.m.a.RequestResponseBodyMethodProcessor : Using 'application/json', given [*/*] and supported [application/json, application/*+json, application/yaml]
2026-07-31T14:47:58.276-04:00 DEBUG 19228 --- [financeai-backend] [nio-8081-exec-2] m.m.a.RequestResponseBodyMethodProcessor : Writing [[]]
2026-07-31T14:47:58.276-04:00 DEBUG 19228 --- [financeai-backend] [nio-8081-exec-2] o.s.web.servlet.DispatcherServlet        : Completed 200 OK
